id,source,title,published_at,cluster
1751,GDELT - Unknown,美伊談判之際 伊朗演習臨時關閉霍爾木茲海峽 | 美囯,2026-02-18 01:00:00,3
1752,GDELT - Unknown,Judge blocks deportation of Palestinian activist who led protests at Columbia,2026-02-18 01:00:00,3
1753,GDELT - Unknown,Judge blocks deportation of Palestinian activist who led protests at Columbia,2026-02-18 01:00:00,3
1754,GDELT - Unknown,U . S . and Iran hail progress in nuclear talks after Trump threats,2026-02-18 01:00:00,4
1755,GDELT - Unknown,"Khamenei Threatens American Troops , Attacks Iranian Civilians Mourning Slain Protesters Amid Nuclear Negotiations With US",2026-02-18 01:00:00,3
1756,GDELT - Unknown,卡尼 ： 加拿大加入美國 「 金穹 」 計劃的討論進展順利 | 金窮導彈防禦系統 | 格陵蘭島 | 導彈防禦計劃,2026-02-18 01:00:00,3
1757,GDELT - Unknown,美伊第二輪談判結束 伊朗實彈演習 封鎖海峽 | 霍爾木茲海峽,2026-02-18 01:00:00,3
1758,GDELT - Unknown,Oil Prices Declined Amid Optimism from Iran - U . S . Talks,2026-02-18 01:00:00,4
1759,GDELT - Unknown,US stocks eked mild gains in choppy trade on return from the holiday - Newsquawk Asia - Pac Market Open,2026-02-18 00:45:00,3
1760,GDELT - Unknown,"Trump administration backs Kalshi , Polymarket as states move to ban prediction markets",2026-02-18 00:45:00,5
1761,GDELT - Unknown,イスラム圏ラマダン入り 攻撃続くガザ 、 平和に願い ： 中日新聞Web,2026-02-18 00:45:00,3
1762,GDELT - Unknown,МИД Израиля объяснил решение о регистрации земель на Западном берегу,2026-02-18 00:45:00,3
1763,GDELT - Unknown,郑丽文除夕撞钟  两度剧烈抖动 ， 国民党 ： 她诚心祈愿两岸和平 ， 尽责监督执政党|祈福,2026-02-18 00:30:00,3
1764,GDELT - Unknown,Witkoff and Kushner in Geneva for pivotal talks on Ukraine and Iran,2026-02-18 00:30:00,4
1765,GDELT - Unknown,"LItalia sarà osservatore nel board di pace united states . La Camera ratifica la linea del governo , ma le minoranze insorgono",2026-02-18 00:30:00,6
1766,GDELT - Unknown,News1 | חשד לשוחד במפקדה האמריקנית בקריית גת : ניסיון להבריח סחורות לעזה,2026-02-18 00:30:00,3
1767,GDELT - Unknown,Табло . Как избежать неконтролируемого обвала рубля ...,2026-02-18 00:30:00,3
1768,GDELT - Unknown,World Markets : สรุปภาวะตลาดหุ้น น้ำมัน ทองคำ,2026-02-18 00:30:00,3
1769,GDELT - Unknown,"Iran - Usa , progressi a Ginevra ma  linee rosse  di Trump restano : lo scenario",2026-02-18 00:30:00,3
1770,GDELT - Unknown,News1 | מסווה של ימין מלא - מלא,2026-02-18 00:30:00,3
1771,GDELT - Unknown,"Journée de trading : lIA bouleverse les marchés , discussions nucléaires united states - Iran , paris sur une baisse des taux maintiennent les investisseurs en alerte",2026-02-18 00:30:00,6
1772,GDELT - Unknown,Iran – united states | a Ginevra un incontro positivo,2026-02-18 00:30:00,6
1773,GDELT - Unknown,Berlinale alumni decry organizers  silence  on Gaza,2026-02-18 00:30:00,3
1774,GDELT - Unknown,ภาวะตลาดทองคำนิวยอร์ก : ทองปิดร่วง $140 . 40,2026-02-18 00:30:00,3
1775,GDELT - Unknown,"Trump administration backs Kalshi , Polymarket as states move to ban prediction markets",2026-02-18 00:30:00,5
1776,GDELT - Unknown,"Photos of rifles , drones and missile footage at the Defense Tech Expo Israel 2026",2026-02-18 00:30:00,3
1777,GDELT - Unknown,Atomverhandlungen : US - Vizepräsident Vance wirft Iran Nichteinhaltung  roter Linien  vor,2026-02-18 00:30:00,4
1778,GDELT - Unknown,"U . S . Negotiators in Geneva Hold Talks on Iran Nuclear Program , Russia - Ukraine War",2026-02-18 00:30:00,4
1779,GDELT - Unknown,Dollar edges higher against peers ; yen strengthens | Honolulu Star - Advertiser,2026-02-18 00:30:00,3
1780,GDELT - Unknown,US strikes three more alleged drug boats kill 11 people,2026-02-18 00:30:00,3
1781,GDELT - Unknown,"İsrailli aktivistlerden , Tel Avivdeki silah fuarında Gazze protestosu",2026-02-18 00:30:00,3
1782,GDELT - Unknown,"In Gaza , Israel creeping Yellow Line takes land , and lives",2026-02-18 00:30:00,3
1783,GDELT - Unknown,"Iran sees  new window  in nuclear talks , but strait drill underscores complexity",2026-02-18 00:30:00,4
1784,GDELT - Unknown,ترامب : على أوكرانيا الإسراع بالتفاوض,2026-02-18 00:30:00,3
1785,GDELT - Unknown,"As Iran talks drag on , questions emerge over how long Trump will indulge diplomacy",2026-02-18 00:30:00,4
1786,GDELT - Unknown,"Trump administration backs Kalshi , Polymarket as states move to ban prediction markets",2026-02-18 00:30:00,5
1787,GDELT - Unknown,ภาวะตลาดน้ำมัน : น้ำมัน WTI ปิดลบ 56 เซนต์,2026-02-18 00:30:00,3
1788,GDELT - Unknown,Filmschaffende kritisieren „ Schweigen  der Berlinale zum Gaza - Krieg,2026-02-18 00:30:00,3
1790,GDELT - Unknown,İrandan saldırılara karşı 4 aşamalı plan ! Askeri hareketlilik devam ediyor,2026-02-18 00:30:00,3
1792,GDELT - Unknown,NY円相場 、 反落 1ドル=153円25 〜 35銭 ドルに見直し買い,2026-02-18 00:30:00,3
1793,GDELT - Unknown,Point de lactualité à 21H00 GMT,2026-02-18 00:15:00,3
1794,GDELT - Unknown,"Iran Nuclear Talks : Progress Made , Detailed Proposals Expected",2026-02-18 00:15:00,4
1795,GDELT - Unknown,Пезешкијан : Иран е отворен за проверка за да докаже дека нема нуклеарна бомба,2026-02-18 00:15:00,3
1796,GDELT - Unknown,自衛隊初の 「 攻撃用ドローン 」 はオーストラリア製が落札 イスラエル製は入札不参加 約310機 、 36億円超 ： 東京新聞デジタル,2026-02-18 00:15:00,3
1797,GDELT - Unknown,Зеленский выступил с условием по выводу войск с Донбасса,2026-02-18 00:15:00,3
1798,GDELT - Unknown,Starcie w Zatoce . „ Gazeta Polska  o wojennych scenariuszach united states i Iranu,2026-02-18 00:15:00,6
1799,GDELT - Unknown,Иранската страна тврди дека има напредок во преговорите со САД,2026-02-18 00:15:00,3
1800,GDELT - Unknown,Иран заявил о готовности передать России часть высокообогащенного урана,2026-02-18 00:15:00,3
1801,GDELT - Unknown,"Irán zatiaľ nie je ochotný prijať všetky červené čiary určené Trumpom , vyhlásil viceprezident united states Vance",2026-02-18 00:15:00,6
1802,GDELT - Unknown,Древняя находка может подтвердить легенду о боевых слонах Ганнибала | MigNews - Новости Израиля и Мира на русском языке,2026-02-18 00:15:00,3
1803,GDELT - Unknown,Berlinale : Hollywood - Stars kritisieren „ Schweigen  zum Gaza - Krieg,2026-02-18 00:15:00,3
1804,GDELT - Unknown,"Iran not to abandon peaceful nuclear technology , says president",2026-02-18 00:15:00,4
1805,GDELT - Unknown,Irã diz haver acordo com EUA sobre  linhas gerai para um pacto,2026-02-18 00:15:00,3
1806,GDELT - Unknown,"Вэнс : Трамп установил « красные линии », которые иранцы пока не готовы признать",2026-02-18 00:15:00,3
1807,GDELT - Unknown,"Završen prvi dan  napetih  pregovora Ukrajine , Rusije i SAD - a u Ženevi",2026-02-18 00:15:00,3
1808,GDELT - Unknown,"Iran - Usa , progressi a Ginevra ma  linee rosse  di Trump restano : lo scenario – Sassari Notizie",2026-02-18 00:15:00,3
1809,GDELT - Unknown,"Trump administration backs Kalshi , Polymarket as states move to ban prediction markets",2026-02-18 00:15:00,5
1810,GDELT - Unknown,"ZF Agropower . Producţia de ceapă a scăzut accelerat în ultimii cinci ani , iar ...",2026-02-18 00:15:00,3
1811,GDELT - Unknown,אלימותוקרטיה : איום קיומי תוצרת בית,2026-02-18 00:15:00,3
1812,GDELT - Unknown,"Trump administration backs Kalshi , Polymarket as states move to ban prediction markets",2026-02-18 00:15:00,5
1813,GDELT - Unknown,Are Russian athletes competing in the 2026 Winter Olympics ?,2026-02-18 00:15:00,3
1814,GDELT - Unknown,Ucraina seconda giornata di trattative a Ginevra | focus su sicurezza e territori,2026-02-18 00:15:00,3
1815,GDELT - Unknown,Judge blocks deportation of Palestinian activist who led protests at Columbia – Winnipeg Free Press,2026-02-18 00:15:00,3
1816,GDELT - Unknown,Wichtige Schifffahrtsroute - Iran kündigt teilweise Schließung der Straße von Hormus an - Pistorius spricht von  erheblichem Spannungspotenzial,2026-02-18 00:15:00,3
1817,GDELT - Unknown,"Progress made , Iran to come back in two weeks with detailed proposal : US official on nuclear talks",2026-02-18 00:15:00,4
1818,GDELT - Unknown,Leftists Go Jew - Hunting in Britain,2026-02-18 00:15:00,3
1819,GDELT - Unknown,视频丨美伊第二轮谈判结束 谈判桌上有进展 谈判桌下  秀肌肉,2026-02-18 00:15:00,3
1820,GDELT - Unknown,"US official says progress made in talks with Iran , US - Ukraine Russia meetings to continue",2026-02-18 00:15:00,4
1821,GDELT - Unknown,"Editorial : Ramadan is a time for renewal , not the ugly rhetoric of Rep . Randy Fine",2026-02-18 00:15:00,3
1822,GDELT - Unknown,Imagery Update : Taleghan 2 Facility is Now Being Buried | ISIS Reports | Institute For Science And International Security,2026-02-18 00:15:00,3
1823,GDELT - Unknown,"Iran sees  new window  in nuclear talks , but strait drill underscores complexity",2026-02-18 00:15:00,4
1824,GDELT - Unknown,Irán no reconoce todas las  líneas rojas  de EU en acuerdo nuclear,2026-02-18 00:15:00,2
1825,GDELT - Unknown,Розкриті технічні характеристики американської важкої авіаційної бомби GBU - 57,2026-02-18 00:15:00,3
1826,GDELT - Unknown,"2e LEAD Le deuxième cycle de négociations Iran - Etats - Unis sachève , de nouvelles discussions prévues",2026-02-18 00:15:00,4
1827,GDELT - Unknown,Trump dice que participará indirectamente en las negociaciones con Irán,2026-02-18 00:15:00,2
1828,GDELT - Unknown,"Iran - Usa , progressi a Ginevra ma  linee rosse  di Trump restano : lo scenario – Sassari Notizie",2026-02-18 00:15:00,3
1829,GDELT - Unknown,« Охладить пыл западных корсаров »: в Кремле грозят войной НАТО из - за захвата теневых танкеров,2026-02-18 00:15:00,3
1830,GDELT - Unknown,What is the  rules - based order  and can it survive ?,2026-02-18 00:00:00,3
1831,GDELT - Unknown,"World Uncertainty Index Breaks All - Time Record : Why is global uncertainty at an all - time high in 2026 ? World Uncertainty Index surges to 106 , 862 in February - worse than COVID , 2008 crash , and 9 / 11 combined",2026-02-18 00:00:00,3
1832,GDELT - Unknown,ราคาทองคำร่วงลงมากกว่า 2 % เจรจาสหรัฐฯ - อิหร่านคืบ ดอลลาร์แข็งค่า,2026-02-18 00:00:00,3
1833,GDELT - Unknown,Barry Avrich Oct . 7 doc  The Road Between U wins Cinema for Peace award,2026-02-18 00:00:00,3
1834,GDELT - Unknown,Корвет Балтийского флота отработал манёвры с кораблями ВМС Ирана в Оманском заливе,2026-02-18 00:00:00,3
1835,GDELT - Unknown,ZRADA : V Izraeli přibývá proíránských špionů,2026-02-18 00:00:00,3
1836,GDELT - Unknown,Kultur : Offener Brief : Filmschaffende kritisieren Berlinale zu Gaza,2026-02-18 00:00:00,3
1837,GDELT - Unknown,Κινητοποίηση την Πέμπτη για να μην μετατραπεί το ΕΜΠ σε πολεμικό εργαστήρι,2026-02-18 00:00:00,3
1838,GDELT - Unknown,Oil prices fall back as  hopeful  Tehran responds to Trump,2026-02-18 00:00:00,3
1839,GDELT - Unknown,80 دولة تعارض ضم إسرائيل للأراضي الفلسطينية,2026-02-18 00:00:00,3
1840,GDELT - Unknown,Iran closes Strait of Hormuz for first time since 1980s,2026-02-18 00:00:00,9
1841,GDELT - Unknown,MADRID : Hanebnost ve státním muzeu - Neviditelný pes,2026-02-18 00:00:00,3
1842,GDELT - Unknown,Lent and Ramadan : a time for Catholic - Muslim solidarity amid rising bigotry,2026-02-18 00:00:00,3
1843,GDELT - Unknown,US and Iran make progress in nuclear talks amid military tensions,2026-02-18 00:00:00,4
1844,GDELT - Unknown,Ehud Yaari assessment : Iran does not seek war | Israel National News,2026-02-18 00:00:00,4
1845,GDELT - Unknown,Over 80 Berlin Film Festival alumni sign open letter urging organisers to take stance on Gaza,2026-02-18 00:00:00,3
1846,GDELT - Unknown,"U . S . Negotiators in Geneva Hold Talks on Iran Nuclear Program , Russia - Ukraine War",2026-02-18 00:00:00,4
1847,GDELT - Unknown,"ABD Başkan Yardımcısı Vance , Cenevredeki ABD - İran görüşmesini değerlendirdi",2026-02-18 00:00:00,3
1848,GDELT - Unknown,US and Iran make progress in nuclear talks amid military tensions,2026-02-18 00:00:00,4
1849,GDELT - Unknown,What to Know about Iran temporary closure of strategic Strait of Hormuz,2026-02-18 00:00:00,9
1850,GDELT - Unknown,Bots over boots : the autonomous revolution redefining the battlefield,2026-02-18 00:00:00,3
1851,GDELT - Unknown,80 دولة ومنظمة تدين الإجراءات الإسرائيلية الأحادية في الضفة الغربية,2026-02-18 00:00:00,3
1852,GDELT - Unknown,美伊第二輪核子談判 伊朗外長 ： 取得進展 | ETtoday國際新聞,2026-02-18 00:00:00,3
1853,GDELT - Unknown,New York borsası yükselişle kapandı,2026-02-18 00:00:00,3
1854,GDELT - Unknown,"Trump administration backs Kalshi , Polymarket as states move to ban prediction markets",2026-02-18 00:00:00,5
1855,GDELT - Unknown,Gazzede bombaların gölgesinde ilk teravih ! Filistin halkı açık alanda namazlarını eda etti,2026-02-18 00:00:00,3
1856,GDELT - Unknown,"Trump administration backs Kalshi , Polymarket as states move to ban prediction markets",2026-02-18 00:00:00,5
1857,GDELT - Unknown,"Apple fará evento em março que pode apresentar iPhone 17e , novo iPad e MacBook de  baixo custo",2026-02-18 00:00:00,3
1858,GDELT - Unknown,Δελτίο ειδήσεων στις 24 : 00,2026-02-18 00:00:00,0
1859,GDELT - Unknown,Хаменеи прокомментировал переговоры с США угрожающей цитатой из Корана,2026-02-18 00:00:00,3
1860,GDELT - Unknown,Israel Tegaskan Ogah Mundur dari Gaza | Republika Online,2026-02-18 00:00:00,3
1861,GDELT - Unknown,Barack Obama pays tribute to  true giant  Reverend Jesse Jackson as civil rights leader dies aged 84,2026-02-18 00:00:00,3
1862,GDELT - Unknown,"At this Jerusalem museum , everyday objects tell the story of the Holocaust in a unique way",2026-02-18 00:00:00,3
1863,GDELT - Unknown,"Iran - Usa , progressi a Ginevra ma  linee rosse  di Trump restano : lo scenario",2026-02-18 00:00:00,3
1864,GDELT - Unknown,US and Iran make progress in nuclear talks amid military tensions,2026-02-18 00:00:00,4
1865,GDELT - Unknown,Учения НАТО - Великобританию призывают увеличить расходы на оборону,2026-02-18 00:00:00,3
1866,GDELT - Unknown,"Weekly Review , by Harper Magazine",2026-02-18 00:00:00,3
1867,GDELT - Unknown,Will President Trump avoid  MAGA dud  problem with 2026 primary picks ?,2026-02-18 00:00:00,3
1868,GDELT - Unknown,Δελτίο ειδήσεων στη 01 : 00,2026-02-18 00:00:00,0
1869,GDELT - Unknown,The 50th anniversary of a book that explained Israel like no other,2026-02-18 00:00:00,3
1870,GDELT - Unknown,"BM üyesi 80  den fazla ülke , İsrailin Batı Şeria kararını  şiddetle  kınadı",2026-02-18 00:00:00,3
1871,GDELT - Unknown,"Ramadan arrives in Gaza under shaky ceasefire deal , but the festive spirit eludes many Palestinians",2026-02-18 00:00:00,3
1872,GDELT - Unknown,Giant banner in Bnei Braks calls for  religiou protections for all soldiers,2026-02-18 00:00:00,3
1873,GDELT - Unknown,Berlin Film Festival alumni sign open letter urging organizers to take stance on Gaza,2026-02-18 00:00:00,3
1874,GDELT - Unknown,"600 ракети  Томахоук , самолетоносачи , изтребители и разрушители : САЩ струпват истинска армада край Иран",2026-02-18 00:00:00,3
1875,GDELT - Unknown,Dozens of film figures slam Berlinale  silence  on Gaza,2026-02-18 00:00:00,3
1876,GDELT - Unknown,Dollar edges higher against peers ; Japanese yen strengthens,2026-02-18 00:00:00,3
1877,GDELT - Unknown,"Trump administration backs Kalshi , Polymarket as states move to ban prediction markets",2026-02-18 00:00:00,5
1878,GDELT - Unknown,Kultur : Offener Brief : Filmschaffende kritisieren Berlinale zu Gaza - Deutschland & Welt,2026-02-18 00:00:00,3
1879,GDELT - Unknown,האשליה האיראנית : מסרים סותרים מטהרן,2026-02-18 00:00:00,3
1880,GDELT - Unknown,"Wall Street cierra mixto y el Dow Jones sube un 0 , 07 %",2026-02-18 00:00:00,3
1881,GDELT - Unknown,Judge ends deportation proceedings of activist Mohsen Mahdawi,2026-02-18 00:00:00,3
1882,GDELT - Unknown,"Progress made , Iran to come back in two weeks with detailed proposal : US official on nuclear talks",2026-02-18 00:00:00,4
1883,GDELT - Unknown,Kızıldenizde Türk denklemi I A Haberde çarpıcı analiz : Afrika Boynuzunda oyun bozan strateji,2026-02-18 00:00:00,3
1884,GDELT - Unknown,Water Cooperation is Under Threat,2026-02-18 00:00:00,3
1885,GDELT - Unknown,CFTC backs Kalshi and Polymarket,2026-02-18 00:00:00,5
1886,GDELT - Unknown,Offener Brief : Filmschaffende kritisieren Berlinale zu Gaza - Kultur,2026-02-18 00:00:00,3
1887,GDELT - Unknown,"Judge blocks deportation of Columbia grad student , Palestinian activist Mohsen Mahdawi",2026-02-17 23:45:00,3
1888,GDELT - Unknown,"US lawmaker Fine criticized by rights advocates , Democrats after anti - Muslim remarks",2026-02-17 23:45:00,3
1889,GDELT - Unknown,"Hamaneyden  Bir uçak gemisinden daha tehlikeli olan , onu denizin dibine gönderebilecek silahtır  açıklaması - Yeni Meram - Konya Haberleri",2026-02-17 23:45:00,3
1890,GDELT - Unknown,Bearish  η αγορά πετρελαίου - Μέχρι πότε ;,2026-02-17 23:45:00,3
1891,GDELT - Unknown,Thiessen : Kari Lake is making Trump job harder in Iran,2026-02-17 23:45:00,4
1892,GDELT - Unknown,"From Hamas to Iran , Israel Disarmament Demands Reveal a Strategy of Perpetual Threat",2026-02-17 23:45:00,4
1893,GDELT - Unknown,"U . S ., Iran make progress in nuclear talks",2026-02-17 23:45:00,4
1894,GDELT - Unknown,Iran - Usa progressi a Ginevra ma  linee rosse  di Trump restano,2026-02-17 23:45:00,3
1895,GDELT - Unknown,Ucrânia e Rússia iniciam negociaes em Genebra,2026-02-17 23:45:00,3
1896,GDELT - Unknown,Áttörés Genfben – de a munka nem ért véget,2026-02-17 23:45:00,3
1897,GDELT - Unknown,"The Rev . Jesse Jackson , who led the Civil Rights Movement for decades after King , has died at 84",2026-02-17 23:45:00,3
1898,GDELT - Unknown,Artistas criticam  silêncio  da Berlinale sobre Gaza,2026-02-17 23:45:00,3
1899,GDELT - Unknown,"The Rev . Jesse Jackson , who led the Civil Rights Movement for decades after King , has died at 84",2026-02-17 23:45:00,3
1900,GDELT - Unknown,"In World War II dog - eat - dog struggle for resources , a Greenland mine launched a new world order | Energy",2026-02-17 23:45:00,3
1901,GDELT - Unknown,"Khamenei Moves to Bolster Security Ranks , Divides Protesters as Geneva Talks Proceed",2026-02-17 23:45:00,3
1902,GDELT - Unknown,"Iran : Après de nouvelles discussions , Téhéran se dit confiant … Washington reste méfiant",2026-02-17 23:45:00,4
1903,GDELT - Unknown,"Ramadan ushers in a month of fasting , worship and charity for Muslims worldwide , in photos",2026-02-17 23:45:00,3
1904,GDELT - Unknown,Vance asegura que Irán sigue sin reconocer las  lineas rojas  de EEUU en las negociaciones nucleares,2026-02-17 23:45:00,2
1905,GDELT - Unknown,万斯副总统 ： 伊朗政权在间接谈判中尚未显示愿意承认美国  红线,2026-02-17 23:45:00,3
1906,GDELT - Unknown,Nueva ofensiva de Estados Unidos : 11 muertos en operativos contra narcolanchas en el Caribe,2026-02-17 23:45:00,2
1907,GDELT - Unknown,La sombría advertencia de Irán sobre las armas nucleares,2026-02-17 23:45:00,2
1908,GDELT - Unknown,"Strikes on 3 more alleged drug boats kill 11 people , US military says",2026-02-17 23:45:00,3
1909,GDELT - Unknown,Make Japan strong again : Sanae Takaichi plan to transform her country military - 18 - Feb - 2026,2026-02-17 23:45:00,3
1910,GDELT - Unknown,Acht Staaten verurteilen Israels Westbank - Beschluss scharf,2026-02-17 23:45:00,3
1911,GDELT - Unknown,Глава МИД Ирана заявил о прогрессе в переговорах с США по ядерной программе в Женеве,2026-02-17 23:45:00,3
1912,GDELT - Unknown,Offener Brief : Filmschaffende kritisieren Berlinale zu Gaza,2026-02-17 23:45:00,3
1913,GDELT - Unknown,Efekti Trampa 2 . 0 : Januarski globalni šok,2026-02-17 23:45:00,3
1914,GDELT - Unknown,宇树机器人刷新5个  全球第一次 ； 马克龙中文发帖拜年 ： 愿这马年带来力量与动力｜三工晨报,2026-02-17 23:45:00,3
1915,GDELT - Unknown,美官员告诉VOA ： 在日内瓦举行的第二轮美伊间接会谈取得进展 ， 但仍有很多工作要做,2026-02-17 23:45:00,3
1916,GDELT - Unknown,Τι πραγματικά σημαίνει η « πρόσληψη » Μπλερ στον ΑΝΤ1,2026-02-17 23:45:00,3
1917,GDELT - Unknown,Переговори США та Ірану : сторони заявили про прогрес,2026-02-17 23:45:00,3
1918,GDELT - Unknown,Irán y Estados Unidos avanzan en una nueva ronda de conversaciones nucleares en Ginebra,2026-02-17 23:45:00,2
1919,GDELT - Unknown,"Iz ugla zapadnih medija : Iran traži kompromis , a Tramp kapitulaciju Teherana",2026-02-17 23:45:00,4
1920,GDELT - Unknown,Vance : Iran wil Trumps rode lijnen niet erkennen,2026-02-17 23:45:00,4
1921,GDELT - Unknown,"Ramadan arrives in Gaza under shaky ceasefire deal , but the festive spirit eludes many Palestinians",2026-02-17 23:45:00,3
1922,GDELT - Unknown,"Amid threat of US attack , Iran nuclear talks proceed without breakthrough",2026-02-17 23:45:00,4
1923,GDELT - Unknown,Zahraničí | TNbiz . cz,2026-02-17 23:45:00,3
1924,GDELT - Unknown,US and Iran make progress in nuclear talks amid military tensions,2026-02-17 23:45:00,4
1925,GDELT - Unknown,"Irã não está disposto a aceitar algumas das  linhas vermelhas de Trump , diz Vance",2026-02-17 23:45:00,3
1926,GDELT - Unknown,"Iran - Usa , niente fumata bianca : le linee rosse di Trump e il segnale di guerra",2026-02-17 23:45:00,3
1927,GDELT - Unknown,ＮＹ外為市場＝ドル小幅高 、 地政学的懸念でリスクオフ 円は153円台前半,2026-02-17 23:45:00,3
1928,GDELT - Unknown,Переговоры США и Ирана : стороны заявили о прогрессе,2026-02-17 23:45:00,3
1929,GDELT - Unknown,"Progress made , Iran to come back in two weeks with detailed proposal : US official on nuclear talks",2026-02-17 23:30:00,4
1930,GDELT - Unknown,Day 1 Live From The National Religious Broadcasters Convention,2026-02-17 23:30:00,3
1931,GDELT - Unknown,"Ramadan arrives in Gaza under shaky ceasefire deal , but the festive spirit eludes many Palestinians",2026-02-17 23:30:00,3
1934,GDELT - Unknown,新浪财经隔夜要闻大事汇总 ： 2026年2月18日,2026-02-17 23:30:00,3
1935,GDELT - Unknown,"Ginebra acoge diálogo de paz entre Ucrania y Rusia , con el territorio como principal obstáculo",2026-02-17 23:30:00,3
1936,GDELT - Unknown,Джей Ди Вэнс призвал Европу перестать  саботировать самих себя,2026-02-17 23:30:00,3
1937,GDELT - Unknown,TBT teisėjas paragino ES blokuoti JAV sankcijas,2026-02-17 23:30:00,3
1938,GDELT - Unknown,US and Iran begin nuclear talks in Geneva ; Trump  indirectly  involved,2026-02-17 23:30:00,4
1939,GDELT - Unknown,"2 Palestinian children killed in Gaza , West Bank - Xinhua",2026-02-17 23:30:00,3
1940,GDELT - Unknown,"Trump administration backs Kalshi , Polymarket as states move to ban prediction markets",2026-02-17 23:30:00,5
1941,GDELT - Unknown,"Editorial : Ramadan is a time for renewal , not the ugly rhetoric of Rep . Randy Fine",2026-02-17 23:30:00,3
1942,GDELT - Unknown,Migraciones y la doble moral woke,2026-02-17 23:30:00,2
1943,GDELT - Unknown,Omani FM says Iran - U . S . nuclear talks in Geneva see  good progress - Xinhua,2026-02-17 23:30:00,4
1944,GDELT - Unknown,U . S . ambassador demands Belgium drop investigation of mohels,2026-02-17 23:30:00,3
1945,GDELT - Unknown,"As Iran talks drag on , questions emerge over how long Trump will indulge diplomacy",2026-02-17 23:30:00,4
1946,GDELT - Unknown,USA & Canada Intelligence Brief for Tuesday February 17 2026,2026-02-17 23:30:00,3
1947,GDELT - Unknown,Vance : Irã não está disposto a aceitar algumas das  linhas vermelha de Trump | Tribuna Online,2026-02-17 23:30:00,3
1948,GDELT - Unknown,NTD Evening News Full Broadcast ( Feb . 17 ),2026-02-17 23:30:00,3
1949,GDELT - Unknown,Médio Oriente : Guterres espera que EUA e Irão mantenham ímpeto das discussões,2026-02-17 23:30:00,3
1950,GDELT - Unknown,"As Iran Plays for Time in Talks With U . S ., Israel Prepares for War",2026-02-17 23:30:00,4
1951,GDELT - Unknown,Hamas urges  Board of Peace  to stop Israeli  violations  in Gaza - Xinhua,2026-02-17 23:30:00,3
1952,GDELT - Unknown,Irán anuncia un  entendimiento  en acuerdo sobre programa nuclear con Estados Unidos,2026-02-17 23:30:00,2
1953,GDELT - Unknown,Vance : Iran wil Trumps rode lijnen niet erkennen,2026-02-17 23:30:00,4
1954,GDELT - Unknown,周三你需要知道的隔夜全球要闻 ： 苹果公司加速开发三款新型可穿戴设备 Meta将部署数百万颗英伟达芯片 国际金银大幅下跌 _ 东方财富网,2026-02-17 23:30:00,3
1955,GDELT - Unknown,"Trump administration backs Kalshi , Polymarket as states move to ban prediction markets",2026-02-17 23:30:00,5
1956,GDELT - Unknown,"US official says progress made in talks with Iran , US - Ukraine Russia meetings to continue – KTBB News , Weather , Talk",2026-02-17 23:30:00,4
1957,GDELT - Unknown,Truth in a Time of Cultural Decline,2026-02-17 23:30:00,3
1958,GDELT - Unknown,It the feds ! A look at the primaries for Arkansas U . S . Congressional delegation,2026-02-17 23:30:00,3
1959,GDELT - Unknown,"Iran not to abandon peaceful nuclear technology , says president - Xinhua",2026-02-17 23:30:00,4
1960,GDELT - Unknown,"Trump administration backs Kalshi , Polymarket as states move to ban prediction markets",2026-02-17 23:30:00,5
1961,GDELT - Unknown,"Συγκρατημένη αισιοδοξία για συνομιλίες Ιράν – ΗΠΑ , « πάγος » δύο εβδομάδων εν αναμονή προτάσεων για τα πυρηνικά",2026-02-17 23:30:00,3
1962,GDELT - Unknown,Masud Pezeškijan : Iran otvoren za proveru kako bi dokazao da nema nuklearnu bombu,2026-02-17 23:30:00,4
1963,GDELT - Unknown,Iran en VS boeken  vooruitgang  in onderhandelingen over nucleair programma,2026-02-17 23:30:00,4
1964,GDELT - Unknown,US and Iran make progress in nuclear talks amid military tensions,2026-02-17 23:30:00,4
1965,GDELT - Unknown,"Iran , Chiny i Rosja rozpoczęły ćwiczenia morskie",2026-02-17 23:30:00,4
1966,GDELT - Unknown,"Ramadan arrives in Gaza under shaky ceasefire deal , but the festive spirit eludes many Palestinians",2026-02-17 23:30:00,3
1967,GDELT - Unknown,حضور هزاران نفر در مراسم چهلم کشته‌شدگان اعتراضات دی‌ماه در سراسر ایران,2026-02-17 23:30:00,3
1968,GDELT - Unknown,"Preparing for new Iran war , Israel escalates Lebanon strikes to cripple Hezbollah",2026-02-17 23:30:00,4
1969,GDELT - Unknown,Kymmenet elokuva - alan tähdet tuomitsevat Berliinin elokuvajuhlien vaikenemisen Gazan tilanteesta,2026-02-17 23:30:00,3
1970,GDELT - Unknown,НА ПРЕГОВОРИТЕ ВО ЖЕНЕВА БИЛ ПОСТИГНАТ „ ОПИПЛИВ НАПРЕДОК  Иран е отворен за инспекции на нуклеарната програма,2026-02-17 23:30:00,3
1971,GDELT - Unknown,New York borsası yükselişle kapandı - Dünya Gazetesi,2026-02-17 23:30:00,3
1972,GDELT - Unknown,"Analysts Estimate Navy Presence Near Venezuela Topped $20 Million a Day , $3 Billion in Total :  Conflicts Cost Extra",2026-02-17 23:30:00,3
1973,GDELT - Unknown,Cuál es el despliegue militar de EE . UU . frente a Irán y qué lo diferencia del caso Venezuela,2026-02-17 23:30:00,2
1974,GDELT - Unknown,"Russian and Ukrainian officials meet in Geneva for US - brokered talks after almost 4 years of war | News , Sports , Jobs",2026-02-17 23:30:00,3
1975,GDELT - Unknown,Вэнс : переговоры США и Ирана прошли хорошо по части аспектов,2026-02-17 23:30:00,3
1976,GDELT - Unknown,Canlý yayýnda soykýrýmcýyý ifþa etti,2026-02-17 23:30:00,3
1977,GDELT - Unknown,Вице - президент США прокомментировал переговоры с Ираном,2026-02-17 23:30:00,3
1978,GDELT - Unknown,"Progress made , Iran to come back in two weeks with detailed proposal : US official on nuclear talks",2026-02-17 23:30:00,4
1979,GDELT - Unknown,"Ramadan arrives in Gaza under shaky ceasefire deal , but the festive spirit eludes many Palestinians",2026-02-17 23:30:00,3
1980,GDELT - Unknown,Principio de acuerdo nuclear - Plaza de Armas,2026-02-17 23:30:00,3
1981,GDELT - Unknown,"Vens : Razgovori sa Iranom dobro prošli , ali Iranci ne mogu imati nuklearno oružje",2026-02-17 23:30:00,3
1982,GDELT - Unknown,Iran FM hopes for  sustainable  solution after  constructive  talks with U . S .- Xinhua,2026-02-17 23:30:00,4
1983,GDELT - Unknown,النفط عند أعلى المتوسطات الشهرية,2026-02-17 23:30:00,3
1984,GDELT - Unknown,Altın ve gümüş : Belirsizlik & güvensizlik,2026-02-17 23:30:00,3
1985,GDELT - Unknown,Vicepreședintele Vance anunță că Iran nu acceptă anumite „ linii roșii  stabilite de Washington,2026-02-17 23:30:00,4
1986,GDELT - Unknown,全球市场 ： 美股三大指数小幅收涨 苹果涨超3 % 纽约期金跌近3 % _ 东方财富网,2026-02-17 23:30:00,3
1987,GDELT - Unknown,"Trump administration backs Kalshi , Polymarket as states move to ban prediction markets",2026-02-17 23:30:00,5
1988,GDELT - Unknown,Vance : Irã não está disposto a aceitar algumas das  linhas vermelha de Trump,2026-02-17 23:30:00,3
1989,GDELT - Unknown,"Editorial : Ramadan is a time for renewal , not the ugly rhetoric of Rep . Randy Fine",2026-02-17 23:30:00,3
1990,GDELT - Unknown,"What to know about the Strait of Hormuz , which Iran says it temporarily closed for a military drill",2026-02-17 23:30:00,9
1991,GDELT - Unknown,Glaustai : STT kaip specialiuosius liudytojus apklausė Palucką ir Skvernelį,2026-02-17 23:30:00,3
1992,GDELT - Unknown,"Roundup : Iran sees  new window  in nuclear talks , but strait drill understores complexity - Xinhua",2026-02-17 23:30:00,4
1993,GDELT - Unknown,"Ramadan arrives in Gaza under shaky ceasefire deal , but the festive spirit eludes many Palestinians",2026-02-17 23:30:00,3
1994,GDELT - Unknown,"Iran sees  new window  in nuclear talks , but strait drill underscores complexity",2026-02-17 23:30:00,4
1995,GDELT - Unknown,US - Iran talks reveal diplomatic gaps despite progress,2026-02-17 23:15:00,4
1996,GDELT - Unknown,Η Χεζμπολάχ απορρίπτει το χρονοδιάγραμμα για τον αφοπλισμό της εντός τεσσάρων μηνών,2026-02-17 23:15:00,3
1997,GDELT - Unknown,Avances en negociaciones nucleares entre EE . UU . e Irán impulsan expectativas diplomáticas,2026-02-17 23:15:00,2
1998,GDELT - Unknown,"İsrail Savunma Bakanı Katz , ikinci aşamaya geçilse dahi Sarı Hattan çekilmeyeceklerini söyledi",2026-02-17 23:15:00,3
1999,GDELT - Unknown,ABD Başkan Yardımcısı Vanceden İran açıklaması ! Kırmızı çizgi vurgusu dikkat çekti,2026-02-17 23:15:00,3
2000,GDELT - Unknown,Gas Prices Jump Over A Dime In Oregon | 106 . 7 The Eagle,2026-02-17 23:15:00,3
2001,GDELT - Unknown,США в ООН обвинили ряд стран в поддержке войны РФ против Украины,2026-02-25 01:00:00,3
2002,GDELT - Unknown,Oil near 7 - month high on US - Iran tensions,2026-02-25 01:00:00,4
2004,GDELT - Unknown,台積電外資喊 「 買進 、 調高目標價 」 卻狂賣 ？ 3大真實原因曝光 ： 散戶這樣做就能贏 | 股市要聞 | 股市,2026-02-25 01:00:00,3
2005,GDELT - Unknown,Protest held on Greek island against docked US aircraft carrier as Iran tension builds,2026-02-25 01:00:00,3
2006,GDELT - Unknown,"Η κυβέρνηση Τραμπ κατέθεσε αγωγή σε βάρος του UCLA για « αντισημιτικό , εχθρικό εργασιακό περιβάλλον »",2026-02-25 01:00:00,3
2007,GDELT - Unknown,Trump set to address the nation as dozens of Democrats say theyll boycott,2026-02-25 01:00:00,3
2008,GDELT - Unknown,State Department orders nonessential US diplomats to leave Lebanon as tensions with Iran soar,2026-02-25 01:00:00,4
2009,GDELT - Unknown,"Zelenskyy says Putin has  not broken  Ukrainians as he marks 4 years since Russia all - out invasion | News , Sports , Jobs",2026-02-25 01:00:00,3
2010,GDELT - Unknown,Trump State of the Union will seek to calm voter economic concerns ahead of midterm elections,2026-02-25 01:00:00,8
2011,GDELT - Unknown,من مراسلينا : السيسي يلتقي بن سلمان في جدة .. دعم مصري للجيش اللبناني والمزيد من القاهرة,2026-02-25 01:00:00,3
2012,GDELT - Unknown,【 華府動態 】 建國250年內政外交博弈 川普國情咨文震撼登場 | 建國250周年 | 川普經濟政策 | 美國中期選舉,2026-02-25 01:00:00,3
2013,GDELT - Unknown,Brian Kilmeade Begs Trump Not To Bring Up SCOTUS at State of the Union,2026-02-25 01:00:00,8
2014,GDELT - Unknown,هل علينا أن نخشى من إيرانَ الجديدة ؟,2026-02-25 01:00:00,3
2015,GDELT - Unknown,США в ООН звинуватили низку країн у підтримці війни РФ проти України,2026-02-25 01:00:00,3
2016,GDELT - Unknown,Iranian opposition figures meet in London to form  Iran Freedom Congress,2026-02-25 01:00:00,4
2017,GDELT - Unknown,Iranian FM : Deal with the US is possible if diplomacy leads the way,2026-02-25 01:00:00,3
2018,GDELT - Unknown,TIDF女導演比例翻倍 ！ 153國參戰 報名創新高,2026-02-25 01:00:00,3
2019,GDELT - Unknown,"Trump to lay out his vision for US , bringing prices down in State of the Union",2026-02-25 01:00:00,8
2020,GDELT - Unknown,Video : ¿ SE INTENSIFICARÁN LAS LUVIAS DEL NIÑO COSTERO ? ESPECIALISTA RESPONDE LR por La República,2026-02-25 01:00:00,2
2021,GDELT - Unknown,在伊朗湖南人讲述生活现状 ， 家人很担心每天打电话 ， 华联会准备8辆大巴随时往口岸撤离,2026-02-25 01:00:00,3
2022,GDELT - Unknown,What to expect from President Trump State of the Union address,2026-02-25 01:00:00,8
2023,GDELT - Unknown,World News : Iran  ready to take any steps to reach US deal,2026-02-25 01:00:00,4
2024,GDELT - Unknown,Trump State of the Union address : Wisconsin lawmakers react ahead of speech,2026-02-25 00:45:00,8
2025,GDELT - Unknown,Bibi Warning | Frontpage Mag,2026-02-25 00:45:00,3
2026,GDELT - Unknown,US Deploys F - 22 Fighter Jets to Southern Israel as Massive Military Buildup Continues,2026-02-25 00:45:00,3
2027,GDELT - Unknown,رضا پهلوی ؛ از ادعای رهبری ملی با اتکا به آمریکا,2026-02-25 00:45:00,3
2028,GDELT - Unknown,开门红 ！ 国内能化品种集体走强 ， 甲醇将成后市焦点,2026-02-25 00:45:00,3
2029,GDELT - Unknown,Pauline Hanson no  good  Muslims comment shows how normalised Islamophobia has become in Australia - 25 - Feb - 2026,2026-02-25 00:45:00,3
2030,GDELT - Unknown,The Latest : Trump will lay out his midterm agenda at the State of the Union,2026-02-25 00:45:00,8
2031,GDELT - Unknown,Iran stresses willingness to reach nuclear deal as U . S . deploys more warplanes,2026-02-25 00:45:00,4
2032,GDELT - Unknown,ביקורת קולנוע : הסרט החדש של שירה האס הזמיר,2026-02-25 00:45:00,3
2033,GDELT - Unknown,Иран е подготвен да ги преземе сите неопходни чекори за постигнување договор со САД,2026-02-25 00:45:00,3
2034,GDELT - Unknown,What to expect from President Trump State of the Union address,2026-02-25 00:45:00,8
2035,GDELT - Unknown,สมัชชายูเอ็นลงมติหนุน  อธิปไตยที่เป็นสากล  ของยูเครน สหรัฐงดออกเสียง,2026-02-25 00:45:00,3
2036,GDELT - Unknown,بين العراق وإيران .. حدود تترقب النار,2026-02-25 00:45:00,3
2037,GDELT - Unknown,Israël pourrait attaquer le Liban si le Hezbollah intervient dans le conflit entre les Etats - Unis et lIran ( ministre des AE ) - Xinhua,2026-02-25 00:30:00,3
2038,GDELT - Unknown,La ce folosesc războaiele,2026-02-25 00:30:00,2
2039,GDELT - Unknown,BMGK üyeleri Rusya - Ukrayna savaşının devam etmesine sebep olarak birbirlerini suçladı,2026-02-25 00:30:00,3
2040,GDELT - Unknown,Трамп обвинил Иран в нежелании отказываться от ядерного оружия,2026-02-25 00:30:00,3
2041,GDELT - Unknown,Les Libanais redoutent une chaîne de réactions : Beyrouth craint des attaques dIsraël en cas descalade avec lIran,2026-02-25 00:30:00,3
2042,GDELT - Unknown,"Trump to lay out his vision for US , bringing prices down in State of the Union",2026-02-25 00:30:00,8
2043,GDELT - Unknown,"Netanyahu paralajmëron Iranin : Nëse sulmon , do të përgjigjemi me fuqi të papërfytyrueshme",2026-02-25 00:30:00,3
2044,GDELT - Unknown,США перекидають десятки літаків на бази в Європі та на Близькому Сході – WP,2026-02-25 00:30:00,3
2045,GDELT - Unknown,Douze chasseurs de combat américains F - 22 atterrissent en Israël dans un contexte de tensions régionales accrues - Xinhua,2026-02-25 00:30:00,3
2046,GDELT - Unknown,LIran est prêt à prendre les mesures nécessaires en vue dun accord avec les Etats - Unis ( vice - MAE ) - Xinhua,2026-02-25 00:30:00,3
2047,GDELT - Unknown,驻以色列使馆 ： 建议所有在以同胞密切跟踪形势发展 - 华侨网,2026-02-25 00:30:00,3
2048,GDELT - Unknown,LIran et les Etats - Unis ont une occasion historique de conclure un accord sans précédent ( le ministre iranien des AE ) - Xinhua,2026-02-25 00:30:00,3
2049,GDELT - Unknown,"뉴욕증시 , AI 산업 파괴 불안 완화에 반등 [ 글로벌마켓 모닝 브리핑 ]",2026-02-25 00:30:00,3
2050,GDELT - Unknown,"뉴욕증시 , 앤스로픽  SW는 파트너  선언에 반등 … 나스닥 1 . 05 % ↑ [ 종합 ]",2026-02-25 00:30:00,3
2051,GDELT - Unknown,"Trump to lay out his vision for US , bringing prices down in State of the Union",2026-02-25 00:30:00,8
2052,GDELT - Unknown,"Trump to lay out his vision for US , bringing prices down in State of the Union",2026-02-25 00:30:00,8
2053,GDELT - Unknown,Svítit u toho nemusíme - Neviditelný pes,2026-02-25 00:30:00,3
2054,GDELT - Unknown,İsrail medyası : ABDnin 12 adet F22 savaş uçağı İsrailde,2026-02-25 00:30:00,3
2055,GDELT - Unknown,"Updated : Israeli Colonizers Escalate Attacks , Burn Homes , Near Hebron",2026-02-25 00:30:00,3
2056,GDELT - Unknown,Watch live : President Donald Trump State of the Union speech – Orlando Sentinel,2026-02-25 00:30:00,8
2057,GDELT - Unknown,Trump administration sues UCLA over alleged campus antisemitism,2026-02-25 00:30:00,3
2058,GDELT - Unknown,US to provide consular services in illegal Israeli settlement,2026-02-25 00:30:00,3
2059,GDELT - Unknown,Szef dyplomacji united states i dyrektor CIA udzielili kierownictwu Kongresu informacji nt . Iranu,2026-02-25 00:30:00,6
2060,GDELT - Unknown,Watch live : President Donald Trump State of the Union speech – Canon City Daily Record,2026-02-25 00:30:00,8
2061,GDELT - Unknown,"Военная операция США в Иране : третий акт , оружие заряжено",2026-02-25 00:30:00,3
2062,GDELT - Unknown,Допомагають Росії у війні проти України США в ООН назвали країни Політика,2026-02-25 00:30:00,3
2063,GDELT - Unknown,不聽軍方勸告 川普認美攻伊可輕易取勝 - 國際新聞,2026-02-25 00:30:00,3
2064,GDELT - Unknown,Trump State of the Union will seek to calm voter economic concerns ahead of midterm elections,2026-02-25 00:30:00,8
2065,GDELT - Unknown,川普國情咨文 料將聚焦經濟 - 國際新聞,2026-02-25 00:30:00,3
2066,GDELT - Unknown,"What were reading : Student protests continue in Iran , Denmark rejects Trump proposal and more – TCU 360",2026-02-25 00:30:00,1
2067,GDELT - Unknown,Irán ultima la compra de misiles supersónicos a China en plena escalada militar con EEUU,2026-02-25 00:30:00,2
2068,GDELT - Unknown,האתגר הגדול הוא מערכת המשפט : מנכ  ל רגבים נאבק על כל מטר,2026-02-25 00:30:00,3
2069,GDELT - Unknown,Иран близок к соглашению о покупке сверхзвуковых противокорабельных ракет у Китая,2026-02-25 00:30:00,3
2070,GDELT - Unknown,Updated : Two Palestinians Killed in Gaza as Conditions Continue to Worsen,2026-02-25 00:30:00,3
2071,GDELT - Unknown,Oil eases as Iran signals possible deal with US,2026-02-25 00:30:00,4
2072,GDELT - Unknown,ABDli Senatör : Önümüzdeki altı ay içinde 3 ülkedeki rejimlerin hepsinin yıkıldığını görebiliriz,2026-02-25 00:30:00,3
2073,GDELT - Unknown,"Trump to lay out his vision for US , bringing prices down in State of the Union",2026-02-25 00:30:00,8
2074,GDELT - Unknown,İsrail medyası : ABDnin 12 adet F22 savaş uçağı İsrailde,2026-02-25 00:30:00,3
2075,GDELT - Unknown,"In Gaza , Ramadan without mosques , imams",2026-02-25 00:30:00,3
2076,GDELT - Unknown,ГУР оприлюднило дані 34 російських підприємств з виробництва й ремонту гелікоптерів,2026-02-25 00:30:00,3
2077,GDELT - Unknown,"What were reading : Pentagon weighs risks of potential military operation , Trump State of the Union and more – TCU 360",2026-02-25 00:30:00,8
2078,GDELT - Unknown,Chuck Schumer sparks war fears after secret Trump briefing,2026-02-25 00:30:00,4
2079,GDELT - Unknown,Ιράν : « Εφικτή » μια συμφωνία με τις ΗΠΑ πριν από τον νέο γύρο διαπραγματεύσεων,2026-02-25 00:30:00,3
2080,GDELT - Unknown,Özkan Yaman :  Kim kurtarır bizi söyle ! -,2026-02-25 00:15:00,3
2081,GDELT - Unknown,M . Zülküf YEL : Ortak Kader Doktrini,2026-02-25 00:15:00,3
2082,GDELT - Unknown,Khamenei Approves Draft Nuclear Counterproposal as US Weighs Military Action,2026-02-25 00:15:00,3
2083,GDELT - Unknown,"Трамп : Иран уклоняется от прямого отказа от ядерного оружия , опасаясь удара США",2026-02-25 00:15:00,3
2084,GDELT - Unknown,روبيو قدم  الإحاطة  للكونجرس ، هل يعلن ترامب ضرب إيران في خطاب حالة الاتحاد اليوم ؟,2026-02-25 00:15:00,3
2085,GDELT - Unknown,Zelenskyy says Putin has  not broken  Ukrainians as he marks 4 years since Russia all - out invasion,2026-02-24 23:45:00,3
2086,GDELT - Unknown,蘚嘉宏觀點 ： 權力擠壓下的生存韌性─臺灣在美中競爭與關稅變局中的可能對沖戰略 | 蘇嘉宏 | 評論,2026-02-24 23:45:00,3
2087,GDELT - Unknown,Wall : Επιστροφή στα κέρδη - Ανέκαμψαν οι μετοχές λογισμικού καθώς υποχωρούν οι φόβοι για την AI,2026-02-24 23:45:00,3
2088,GDELT - Unknown,"Αραγτσί : Μια συμφωνία  είναι εφικτή  πριν από τις νέες συνομιλίες με τις ΗΠΑ – Αθήνα 9 , 84",2026-02-24 23:45:00,3
2089,GDELT - Unknown,Cinco preguntas antes del discurso sobre el Estado de la Unión de Trump,2026-02-24 23:45:00,2
2090,GDELT - Unknown,US embassy in Israel will provide consular services to settlers in occupied West Bank,2026-02-24 23:45:00,3
2091,GDELT - Unknown,US forces board third sanctioned oil tanker in Indian Ocean,2026-02-24 23:45:00,3
2092,GDELT - Unknown,منظمات إغاثية تطالب المحكمة العليا الإسرائيلية بتعليق قرار حظر عملها في غزة والضفة الغربية,2026-02-24 23:45:00,3
2093,GDELT - Unknown,Watch live : President Donald Trump State of the Union speech – Sun Sentinel,2026-02-24 23:45:00,8
2094,GDELT - Unknown,Turqia merr masat e para për luftën e mundshme mes SHBA - së dhe Iranit,2026-02-24 23:45:00,3
2095,GDELT - Unknown,Iran holds the key to Israel rise as the Middle East hegemon,2026-02-24 23:45:00,3
2096,GDELT - Unknown,צפו : פיצוץ מנהרת טרור הוקדש לזכר הלל ויגל יניב הי  ד,2026-02-24 23:45:00,3
2097,GDELT - Unknown,State of the Union : What to expect from Trump,2026-02-24 23:45:00,8
2098,GDELT - Unknown,"ABC Hurls Trump Hate Ahead of SOTU , CBS Goes Hard on GOP But Soft on Dems",2026-02-24 23:45:00,3
2099,GDELT - Unknown,Point de lactualité à 21H00 GMT,2026-02-24 23:45:00,3
2100,GDELT - Unknown,Speculation swirls as Marco Rubio  rare briefing  sees surprise guest,2026-02-24 23:45:00,3
2101,GDELT - Unknown,"Trump State of The Union Live Updates : Donald Trump to address Congress amid Supreme Court tariff ruling , Iran tensions",2026-02-24 23:45:00,8
2102,GDELT - Unknown,( VIDEO ) Estamos a punto de ver un ataque de Estados Unidos contra Irán,2026-02-24 23:45:00,2
2103,GDELT - Unknown,Iran stresses willingness to reach nuclear deal as U . S . deploys more warplanes,2026-02-24 23:45:00,4
2104,GDELT - Unknown,How to WATCH the State of the Union on KOAM ; latest on speech,2026-02-24 23:45:00,8
2105,GDELT - Unknown,Ex - Iranian hostage Barry Rosen warns regime  will go down fighting  the US,2026-02-24 23:45:00,3
2106,GDELT - Unknown,חמאס דוחה את הדרישה להתפרק מנשקו,2026-02-24 23:45:00,3
2107,GDELT - Unknown,Karoline Leavitt attacks the media as she asked about contradiction,2026-02-24 23:45:00,3
2108,GDELT - Unknown,Підтримка Росії третіми країнами є однією з причин затягування війни в Україні,2026-02-24 23:45:00,3
2109,GDELT - Unknown,Trump will go nuts if this happens after his big State of the Union speech,2026-02-24 23:45:00,8
2110,GDELT - Unknown,Watch live : President Donald Trump State of the Union speech – News - Herald,2026-02-24 23:45:00,8
2111,GDELT - Unknown,Trump hält Rede zur Lage der Nation,2026-02-24 23:45:00,3
2112,GDELT - Unknown,"Αγωγή σε βάρος του UCLA για « αντισημιτικό , εχθρικό εργασιακό περιβάλλον » από την κυβέρνηση Τραμπ",2026-02-24 23:45:00,3
2113,GDELT - Unknown,State of the Union : What to expect from Trump,2026-02-24 23:45:00,8
2114,GDELT - Unknown,Trump and Iran Are Playing a Game of Chicken,2026-02-24 23:45:00,4
2115,GDELT - Unknown,_ 协鑫集成 ( 002506 ) 股吧 _ 东方财富网股吧,2026-02-24 23:45:00,3
2116,GDELT - Unknown,Труд : « На пути к членству »: Захарова вспомнила о медицинском прошлом фон дер Ляйен,2026-02-24 23:45:00,3
2117,GDELT - Unknown,２期目初の一般教書演説へ トランプ氏 、 関税違法で逆風｜山形新聞,2026-02-24 23:45:00,3
2118,GDELT - Unknown,三大主线推升避险买盘 贵金属市场维持高波动,2026-02-24 23:45:00,3
2119,GDELT - Unknown,Trump State of the Union will seek to calm voter economic concerns ahead of midterm elections,2026-02-24 23:45:00,8
2120,GDELT - Unknown,２期目初の一般教書演説へ トランプ氏 、 関税違法で逆風｜山形新聞,2026-02-24 23:45:00,3
2122,GDELT - Unknown,Trump administration sues UCLA over alleged campus antisemitism,2026-02-24 23:45:00,3
2123,GDELT - Unknown,"Trump to lay out his vision for US , bringing prices down in State of the Union",2026-02-24 23:45:00,8
2124,GDELT - Unknown,_ 汉缆股份 ( 002498 ) 股吧 _ 东方财富网股吧,2026-02-24 23:45:00,3
2125,GDELT - Unknown,Αραγτσί : Επιμένει ότι η πυρηνική συμφωνία ΗΠΑ – Ιράν είναι « εντός εμβέλειας » εάν επικρατήσει η διπλωματία,2026-02-24 23:45:00,3
2126,GDELT - Unknown,Δελτίο ειδήσεων στις 24 : 00,2026-02-24 23:45:00,0
2127,GDELT - Unknown,Will Trump Attack Iran ? David Petraeus Speaks With Foreign Policy Live Ravi Agrawal,2026-02-24 23:45:00,4
2128,GDELT - Unknown,"Hedef sadece İran değil , İran sonrası tüm Ortadoğudur",2026-02-24 23:45:00,3
2129,GDELT - Unknown,إسحق أحمد فضل الله يكتب : ( العالم يتبدل ),2026-02-24 23:45:00,3
2130,GDELT - Unknown,10th India - Israel Joint Working Group Meeting on counter terrorism held in New Delhi,2026-02-24 23:45:00,3
2131,GDELT - Unknown,"Csendes megemlékezést tartottak Kassán , Ukrajna megtámadásának évfordulóján",2026-02-24 23:45:00,3
2132,GDELT - Unknown,بن بست امنیتی اسلام آباد,2026-02-24 23:45:00,3
2133,GDELT - Unknown,LEAD LIran et les Etats - Unis ont une occasion historique de conclure un accord sans précédent ( le ministre iranien des AE ),2026-02-24 23:45:00,3
2134,GDELT - Unknown,« زي النهارده » في 25 فبراير 2020 .. وفاة الرئيس المصري الأسبق محمد حسني مبارك,2026-02-24 23:45:00,3
2135,GDELT - Unknown,Dollar Retreats and Gold Soars on Concern Over US Trade Policies,2026-02-24 23:45:00,3
2136,GDELT - Unknown,Ιρανός ΥΠΕΞ : Εφικτή συμφωνία με ΗΠΑ πριν τις διαπραγματεύσεις,2026-02-24 23:45:00,3
2137,GDELT - Unknown,State of the Union : What to expect from Trump,2026-02-24 23:45:00,8
2138,GDELT - Unknown,英媒称美军目前仅能维持4至5天对伊朗高强度空袭,2026-02-24 23:45:00,3
2139,GDELT - Unknown,مقدمات نشرات الأخبار المسائية,2026-02-24 23:45:00,3
2142,GDELT - Unknown,Watch live : President Donald Trump State of the Union speech – Troy Record,2026-02-24 23:45:00,8
2143,GDELT - Unknown,Δελτίο ειδήσεων στη 01 : 00,2026-02-24 23:45:00,0
2144,GDELT - Unknown,Inadequate : SA refugee family scoffs over soya meal offer,2026-02-24 23:45:00,3
2145,GDELT - Unknown,Elderly Jewish woman verbally abused by far - left activists in Paris,2026-02-24 23:45:00,3
2146,GDELT - Unknown,США развернули 12 истребителей F - 22 в Израиле,2026-02-24 23:45:00,3
2147,GDELT - Unknown,Community Scoop » New Zealand Imposes Travels Bans On Iranian Ministers,2026-02-24 23:45:00,3
2148,GDELT - Unknown,Roundup : Iran stresses willingness to reach nuclear deal as U . S . deploys more warplanes - Xinhua,2026-02-24 23:45:00,4
2149,GDELT - Unknown,Watch live : President Donald Trump State of the Union speech – San Diego Union - Tribune,2026-02-24 23:45:00,8
2150,GDELT - Unknown,"Irán no renunciará a la tecnología atómica , pero dice que no desarrollará arma nuclear",2026-02-24 23:45:00,2
2151,GDELT - Unknown,"Труд : По Валдаю тоже нельзя . Буданов заявил , что Украина не бьет по гражданским объектам",2026-02-24 23:45:00,3
2152,GDELT - Unknown,ما مدى خطورة وجود الجيش الإندونيسي في غزة ؟,2026-02-24 23:45:00,3
2153,GDELT - Unknown,"A memorial unites Iranian students at KU as they grieve civil - rights protesters killed by Iran dictatorship | News , Sports , Jobs - Lawrence Journal - World : news , information , headlines and events in Lawrence , Kansas",2026-02-24 23:30:00,3
2154,GDELT - Unknown,State of the Union : What to expect from Trump,2026-02-24 23:30:00,8
2155,GDELT - Unknown,DOJ Sues UC Over UCLA Antisemitism Allegations,2026-02-24 23:30:00,3
2156,GDELT - Unknown,２期目初の一般教書演説へ トランプ氏 、 関税違法で逆風｜全国のニュース｜Web東奥,2026-02-24 23:30:00,3
2157,GDELT - Unknown,В Вашингтоне перед обращением Трампа к конгрессу сел « самолёт Судного дня »,2026-02-24 23:30:00,3
2158,GDELT - Unknown,"Αγωγή από την κυβέρνηση Τραμπ σε βάρος του UCLA για  αντισημιτικό , εχθρικό εργασιακό περιβάλλον",2026-02-24 23:30:00,3
2159,GDELT - Unknown,Gerry Adams and Bertie Ahern were back in a room together talking peace today,2026-02-24 23:30:00,3
2160,GDELT - Unknown,PALA ODLUKA : Evo ko se plasirao u finale  Pesme za Evroviziju 2026,2026-02-24 23:30:00,3
2161,GDELT - Unknown,"Trump to lay out his vision for US , bringing prices down in State of the Union",2026-02-24 23:30:00,8
2162,GDELT - Unknown,IranPressNews : ايران پرس نيوز اخبار ايران و جهان,2026-02-24 23:30:00,3
2163,GDELT - Unknown,CIA offers tips to potential informants in Iran as Trump considers military action,2026-02-24 23:30:00,3
2164,GDELT - Unknown,حبس أنفاس في لبنان | أرشيف المقالات,2026-02-24 23:30:00,3
2165,GDELT - Unknown,Kurtulmuş : Türkiye terör ve şiddet sarmalını ortadan kaldıracaktır,2026-02-24 23:30:00,3
2166,GDELT - Unknown,DMMden  ABDnin İrana saldırması halinde Türkiyenin de İran  ı işgal etmeyi planladığı  iddiasına açıklama Açıklaması,2026-02-24 23:30:00,3
2167,GDELT - Unknown,Irán .- EEUU asegura que  la primera opción  de Trump  es siempre la diplomacia  en plenas conversaciones con Irán,2026-02-24 23:00:00,2
2168,GDELT - Unknown,"Iranians worry over American military buildup as next , last - chance round of talks with the US nears",2026-02-24 23:00:00,3
2169,GDELT - Unknown,Roundup : Iran stresses willingness to reach nuclear deal as U . S . deploys more warplanes,2026-02-24 23:00:00,4
2170,GDELT - Unknown,"JCPA head seeks to reset coalition building post - Oct . 7 , Gaza war",2026-02-24 22:30:00,3
2171,GDELT - Unknown,India Iran dilemma deepens amid war talk,2026-02-24 22:30:00,4
2172,GDELT - Unknown,Trump DOJ Sues UCLA Over Anti - Semitic Workplace,2026-02-24 22:30:00,3
2173,GDELT - Unknown,התעללות בירוקרטית בפליטי מלחמה - מאמר מערכת,2026-02-24 22:30:00,3
2174,GDELT - Unknown,Where and when to watch President Trump State of the Union – Daily News,2026-02-24 22:30:00,8
2175,GDELT - Unknown,Beyaz Saray : Trump  ın İran konusunda ilk tercihi diplomasi,2026-02-24 22:30:00,3
2176,GDELT - Unknown,ΗΠΑ : Δύο αεροπλανοφόρα και 150 αεροσκάφη παίρνουν θέση μάχης κοντά στο Ιράν,2026-02-24 22:30:00,3
2177,GDELT - Unknown,Marxist - Leninist Group That Organized Anti - Israel Encampments Now Teaches High School Students To Walk Out of Class To Protest ICE,2026-02-24 22:30:00,3
2178,GDELT - Unknown,שי סימן טוב שנפצע אנוש בצוק איתן הועלה לתא  ל,2026-02-24 22:30:00,3
2179,GDELT - Unknown,Gaza Children Dream of Safe Future,2026-02-24 22:30:00,3
2180,GDELT - Unknown,ИРАН ЌЕ НАПРАВИ СЀ ЗА ДА ПОСТИГНЕ ДОГОВОР СО САД Ќе преговара целосно искрено и со добра волја,2026-02-24 22:15:00,3
2181,GDELT - Unknown,Six downballot NC primaries worth watching,2026-02-24 22:15:00,3
2182,GDELT - Unknown,Protest held on Greek island against docked US aircraft carrier as Iran tension builds,2026-02-24 22:15:00,3
2183,GDELT - Unknown,"טראמפ :  איראן רוצה לעשות עסקה יותר ממני , אבל הם לא אומרים את מילת הקסם",2026-02-24 22:15:00,3
2184,GDELT - Unknown,Trump gets chance to sell his foreign policy at State of the Union,2026-02-24 22:15:00,8
2185,GDELT - Unknown,Zim Employees Return to Work as Union Reports Tentative Agreements,2026-02-24 22:15:00,8
2186,GDELT - Unknown,تحسبا للتطورات مع إيران .. هبوط 12 مقاتلة  إف 22  أمريكية في قاعدة جوية جنوب إسرائيل,2026-02-24 22:15:00,3
2187,GDELT - Unknown,Brasil se abstém em votao da ONU sobre paz na Ucrânia no quarto ano de guerra,2026-02-24 22:15:00,3
2188,GDELT - Unknown,İran  ı işgal  iddiasına Dezenformasyonla Mücadele Merkezinden yalanlama,2026-02-24 22:15:00,3
2189,GDELT - Unknown,ملك الأردن : لن نسمح بخرق أجوائنا .. ولن نكون ساحة حرب,2026-02-24 22:15:00,3
2190,GDELT - Unknown,Protest held on Greek island against docked US aircraft carrier as Iran tension builds,2026-02-24 22:15:00,3
2191,GDELT - Unknown,"Ley de Glaciares : la escasez de agua no es solo un problema ambiental , sino una fuente de tensión política",2026-02-24 22:15:00,2
2192,GDELT - Unknown,Protest held on Greek island against docked US aircraft carrier as Iran tension builds,2026-02-24 22:15:00,3
2193,GDELT - Unknown,２期目初の一般教書演説へ | 全国のニュース | 岩手日報ONLINE,2026-02-24 22:15:00,3
2194,GDELT - Unknown,"Η κυβέρνηση Τραμπ κατέθεσε αγωγή σε βάρος του UCLA για « αντισημιτικό , εχθρικό εργασιακό περιβάλλον »",2026-02-24 22:15:00,3
2195,GDELT - Unknown,"Η κυβέρνηση Τραμπ κατέθεσε αγωγή σε βάρος του UCLA για « αντισημιτικό , εχθρικό εργασιακό περιβάλλον »",2026-02-24 22:15:00,3
2196,GDELT - Unknown,Suudi Arabistan Orta Doğuyu yeniden şekillendirmeyi nasıl planlıyor ?,2026-02-24 22:15:00,3
2197,GDELT - Unknown,Protest held on Greek island against docked US aircraft carrier as Iran tension builds,2026-02-24 22:15:00,3
2198,GDELT - Unknown,The BBC and the one - sided land dispute,2026-02-24 22:15:00,3
2199,GDELT - Unknown,نتنياهو : نشكل تحالفا إقليميا جديدا لمواجهة إيران والإخوان المسلمين,2026-02-24 22:15:00,3
2200,GDELT - Unknown,Η Τεχεράνη προβλέπει ότι μια συμφωνία « είναι εφικτή » πριν από τις διαπραγματεύσεις με τις ΗΠΑ,2026-02-24 22:00:00,3
2201,GDELT - Unknown,Gas Prices Soar In Oregon | 106 . 7 The Eagle,2026-02-24 22:00:00,3
2202,GDELT - Unknown,What is the Pentagon Pizza Index ?,2026-02-24 22:00:00,3
2203,GDELT - Unknown,２期目初の一般教書演説へ トランプ氏 、 関税違法で逆風 | 上毛新聞電子版｜群馬県のニュース ・ スポーツ情報,2026-02-24 22:00:00,3
2204,GDELT - Unknown,Iran says deal  within reach  ahead of US talks,2026-02-24 22:00:00,4
2205,GDELT - Unknown,Επιστροφή στην κόλαση : Γιατί εκατομμύρια Αφγανοί αναγκάζονται να γυρίσουν στο Αφγανιστάν των Ταλιμπάν,2026-02-24 22:00:00,3
2206,GDELT - Unknown,CIA offers tips to potential informants in Iran as Trump considers military action,2026-02-24 22:00:00,3
2207,GDELT - Unknown,Where and when to watch President Trump State of the Union – Press Telegram,2026-02-24 22:00:00,8
2208,GDELT - Unknown,CIA offers tips to potential informants in Iran as Trump considers military action,2026-02-24 22:00:00,3
2209,GDELT - Unknown,"Британцы подсчитали , сколько Россия сможет ещё вести СВО на Украине",2026-02-24 22:00:00,3
2210,GDELT - Unknown,"Washington Post : SHBA rrit praninë ushtarake , mbi 150 avionë luftarakë të zhvendosur pranë Iranit",2026-02-24 22:00:00,3
2211,GDELT - Unknown,Политико : Рубио на брифинг за Иран со истакнати американски конгресмени,2026-02-24 22:00:00,3
2212,GDELT - Unknown,Trump needs to address the  buzz  on Iran : Guy Benson,2026-02-24 22:00:00,4
2213,GDELT - Unknown,Трамп заявил о нежелании Ирана отказываться от ядерного оружия,2026-02-24 22:00:00,3
2214,GDELT - Unknown,State of the Union Lowlights :  Axis of Evil,2026-02-24 22:00:00,8
2215,GDELT - Unknown,CIA offers tips to potential informants in Iran as Trump considers military action,2026-02-24 22:00:00,3
2216,GDELT - Unknown,State of the Union : What to expect from Trump,2026-02-24 22:00:00,8
2217,GDELT - Unknown,"Beyaz Saray : Trump  ın İran konusunda ilk tercihi diplomasi , ancak gerekirse askeri g kullanmaya hazır",2026-02-24 22:00:00,3
2218,GDELT - Unknown,"Iran , scontri vicino alla residenza dellAyatollah Khamenei a Teheran",2026-02-24 22:00:00,4
2219,GDELT - Unknown,东西问丨美国大军压境 ， 伊朗为何  还不屈服 ？- 华侨网,2026-02-24 22:00:00,3
2220,GDELT - Unknown,İsrailin saldırılarında can kaybı 72 bin 73  e yükseldi !,2026-02-24 21:45:00,3
2221,GDELT - Unknown,Pete Hegseth floats plan to personally sabotage the Pentagon Pizza Report,2026-02-24 21:45:00,3
2222,GDELT - Unknown,トランプ米大統領が一般教書演説へ 中間選挙勝利目指し 「 実績 」 強調,2026-02-24 21:45:00,3
2223,GDELT - Unknown,"트럼프 , 첫 국정연설 … 관세 · 이민정책 초강경 메시지  촉각",2026-02-24 21:45:00,3
2224,GDELT - Unknown,Iranin ulkoministerin mukaan sopimus maan ydinohjelmasta on  käden ulottuvilla,2026-02-24 21:45:00,3
2225,GDELT - Unknown,استنساخ  لحظة مادورو  في إيران .. هل يمكن اعتقال خامنئي ؟,2026-02-24 21:45:00,3
2226,GDELT - Unknown,Talos Energy Announces Fourth Quarter and Full - Year 2025 Results,2026-02-24 21:45:00,3
2227,GDELT - Unknown,Möglicher US - Angriff auf Iran : Bundesregierung warnt Bürger im Nahen Osten,2026-02-24 21:45:00,4
2228,GDELT - Unknown,CIA offers tips to potential informants in Iran as Trump considers military action,2026-02-24 21:45:00,3
2229,GDELT - Unknown,"Has World War III already begun , asks President Zelenskyy | The Area News",2026-02-24 21:45:00,3
2230,GDELT - Unknown,Irán afirma que no desarrollará un arma nuclear pero no renunciará a tecnología atómica,2026-02-24 21:45:00,2
2231,GDELT - Unknown,Preço do petróleo cai na véspera de encontro entre EUA e Irã,2026-02-24 21:45:00,3
2232,GDELT - Unknown,国連総会 、 ウクライナの即時停戦求める決議案採択 米中などは棄権,2026-02-24 21:45:00,3
2233,GDELT - Unknown,EE . UU . despliega cazas F - 22 en base israelí mientras aumentan tensiones en Oriente Medio,2026-02-24 21:45:00,2
2234,GDELT - Unknown,Iran nears deal to buy supersonic anti - ship missiles from China,2026-02-24 21:45:00,4
2235,GDELT - Unknown,Ιράν : Ένοπλοι αστυνομικοί εισβάλλουν σε πανεπιστήμια για να καταστείλουν διαδηλώσεις,2026-02-24 21:45:00,3
2236,GDELT - Unknown,２期目初の一般教書演説へ トランプ氏 、 関税違法で逆風｜全国のニュース｜北國新聞,2026-02-24 21:45:00,3
2237,GDELT - Unknown,"Beyaz Saray : Trump  ın İran konusunda ilk tercihi diplomasi , ancak ger",2026-02-24 21:45:00,3
2238,GDELT - Unknown,Iran FM says nuclear deal  within reach  ahead of US talks,2026-02-24 21:45:00,4
2239,GDELT - Unknown,Kurtulmuþ : Türkiye Modeli Ýle Terör Sarmalýný Ortadan Kaldýrýyoruz,2026-02-24 21:45:00,3
2240,GDELT - Unknown,US forces board third sanctioned oil tanker in Indian Ocean,2026-02-24 21:45:00,3
2241,GDELT - Unknown,"Putin has  not broken  Ukraine in 4 years since Russian invasion , Zelenskyy says",2026-02-24 21:45:00,3
2242,GDELT - Unknown,"« Ждем закона об иноагентах »? Как власти Молдовы усиливают контроль над иностранными артистами , и что об этом говорят в сети",2026-02-24 21:45:00,3
2243,GDELT - Unknown,"Here Are Monday Top Wall Street Analyst Research Calls : Alphabet , Blackrock , Deere & Co ., DocuSign , General Mills , Monday . com , Nvidia , Workday , and More",2026-02-24 21:45:00,3
2244,GDELT - Unknown,البيت الأبيض : ترامب يفضل الدبلوماسية مع إيران ولا يستبعد الخيار العسكري,2026-02-24 21:45:00,3
2245,GDELT - Unknown,"מסר לאיראן : ארה  ב הציבה בישראל מטוסי קרב אסטרטגיים , רגע לפני חידוש המו  מ",2026-02-24 21:45:00,3
2246,GDELT - Unknown,Protest held on Greek island against docked US aircraft carrier as Iran tension builds,2026-02-24 21:45:00,3
2247,GDELT - Unknown,UŽIVO Trump u 3 ujutro drži važno obraćanje u nikad turbulentnijem trenutku,2026-02-24 21:45:00,4
2248,GDELT - Unknown,Iran says deal  within reach  ahead of US talks,2026-02-24 21:45:00,4
2249,GDELT - Unknown,LIran ultima la compra de míssils supersònics a la Xina en plena escalada militar amb els EUA,2026-02-24 21:45:00,2
2250,GDELT - Unknown,Irã afirma que acordo com os EUA está  ao alcance da mão,2026-02-24 21:45:00,3
2251,GDELT - Unknown,BBC sa kurdskim borkinjama tajnog ženskog bataljona,2026-03-11 01:00:00,3
2252,GDELT - Unknown,White House denies Navy has escorted oil tanker through Strait of Hormuz,2026-03-11 01:00:00,9
2253,GDELT - Unknown,Home Secretary grants police request to ban Al Quds Day march,2026-03-11 01:00:00,3
2254,GDELT - Unknown,UK conscription explained as US refuses to rule out army draft,2026-03-11 01:00:00,3
2255,GDELT - Unknown,140 U . S . Service Members Injured In Operation Epic Fury,2026-03-11 01:00:00,3
2256,GDELT - Unknown,UE insta países a baixarem impostos ou taxas extra à luz,2026-03-11 01:00:00,3
2257,GDELT - Unknown,World News : Heaviest day of strikes yet on Iran,2026-03-11 01:00:00,3
2258,GDELT - Unknown,अमेरिका बोला - ईरान के मिसाइल उत्पादन ढांचे को करेंगे तबाह,2026-03-11 01:00:00,3
2259,GDELT - Unknown,Cooper speaks to Rubio as US threatens  most intense day  of Iran war,2026-03-11 01:00:00,3
2260,GDELT - Unknown,"Random Numbers , Persian Code : A Mysterious Signal Transfixes Radio Sleuths , And Intelligence Experts – Analysis",2026-03-11 01:00:00,3
2261,GDELT - Unknown,"Iran , pressing su Trump per chiudere la guerra : lo scenario",2026-03-11 01:00:00,2
2262,GDELT - Unknown,Trump : US destroyed Iranian  mine - laying  vessels,2026-03-11 01:00:00,3
2263,GDELT - Unknown,Columbia Threadneedle : Olie boven $100 kan wereldeconomie afremmen,2026-03-11 01:00:00,3
2264,GDELT - Unknown,Las dos caras de Mojtaba Jamenei : líder supremo de Irán y propietario de un imperio inmobiliario que va de Frankfurt a Mallorca,2026-03-11 01:00:00,2
2265,GDELT - Unknown,โพสต์วิเคราะห์ : เจาะลึก  กษิต  วิพากษ์ทรัมป์ - อิสราเอล สงครามตะวันออกกลางส่อลากยาว,2026-03-11 01:00:00,3
2266,GDELT - Unknown,"Az EU és az united states vitája az orosz szankciók enyhítéséről , miközben az árak az egekbe szöknek",2026-03-11 01:00:00,6
2267,GDELT - Unknown,"北 , 이란 모즈타바 지지 … 김정은  최현함  순항미사일 발사 참관",2026-03-11 01:00:00,3
2268,GDELT - Unknown,"अमेरिका - इजरायल के ईरान पर ताबड़तोड़ हमले , तेहरान में तबाही ; 50 से ज्यादा ईरानी जहाज खत्म - usisraeli attacks on iran tehran devastates",2026-03-11 01:00:00,4
2269,GDELT - Unknown,Cooper speaks to Rubio as US threatens  most intense day  of Iran war,2026-03-11 01:00:00,3
2270,GDELT - Unknown,伊朗 「 布雷 」 荷姆茲海峽 ！ 川普警告 ： 軍事後果前所未見 | 國際,2026-03-11 01:00:00,3
2271,GDELT - Unknown,Guerra en Medio Oriente : Las cifras oficiales de muertos en toda la región,2026-03-11 01:00:00,2
2272,GDELT - Unknown,Австралийцев - моряков заперли на подлодке США перед ударом по Ирану,2026-03-11 01:00:00,3
2273,GDELT - Unknown,Cooper speaks to Rubio as US threatens  most intense day  of Iran war,2026-03-11 01:00:00,3
2274,GDELT - Unknown,油金 ／ 川普稱對伊戰爭很快結束 紐油暴跌11 . 94 % | 國際,2026-03-11 01:00:00,3
2275,GDELT - Unknown,Pentagon Says 140 US Troops Injured In First 10 Days Of Iran War,2026-03-11 01:00:00,4
2276,GDELT - Unknown,Fars : Irán lanza su operación con misiles y drones más potente,2026-03-11 01:00:00,2
2277,GDELT - Unknown,"हर चार में से एक iPhone की मैन्यूफैक्चरिंग भारत में , आंकड़े कर देंगे खुश",2026-03-11 01:00:00,3
2278,GDELT - Unknown,Drone vision and AI warfare : How intelligent drones are changing the battlefield,2026-03-11 01:00:00,3
2279,GDELT - Unknown,Киев рискует остаться без западного оружия из - за Ирана,2026-03-11 01:00:00,3
2280,GDELT - Unknown,Kharg | il tallone dAchille che gli united states non osano colpire,2026-03-11 01:00:00,6
2281,GDELT - Unknown,USA zničily část íránských minonosných lodí,2026-03-11 01:00:00,3
2282,GDELT - Unknown,S - 400  ler hazır SİPER - 1 ve HİSAR envanterde ! Türkiyenin gökyüzü kalkanı,2026-03-11 01:00:00,3
2283,GDELT - Unknown,How will the Iran conflict end ?,2026-03-11 01:00:00,4
2284,GDELT - Unknown,Home Secretary grants police request to ban Al Quds Day march,2026-03-11 01:00:00,3
2285,GDELT - Unknown,"Expel US , Israel Envoy : Iran sets condition for Strait of Hormuz passage",2026-03-11 01:00:00,9
2286,GDELT - Unknown,牛弹琴 ： 伊朗的下一步 _ 新浪财经 _ 新浪网,2026-03-11 01:00:00,3
2287,GDELT - Unknown,遭遇政治急救题 ， 特朗普的解药是 ： 开阀放俄罗斯,2026-03-11 01:00:00,3
2288,GDELT - Unknown,Donald Trump honors Roddie Edmonds for defying Nazi orders,2026-03-11 01:00:00,3
2289,GDELT - Unknown,İran misillemelerinde 12 İsrailli öldü !,2026-03-11 01:00:00,3
2290,GDELT - Unknown,Guerre au Moyen - Orient :  Notre volonté est sans limite  assure Pete Hegseth,2026-03-11 01:00:00,3
2291,GDELT - Unknown,Home Secretary grants police request to ban Al Quds Day march,2026-03-11 01:00:00,3
2292,GDELT - Unknown,Why are oil and gas prices spiking ?,2026-03-11 01:00:00,3
2293,GDELT - Unknown,This war in the Middle East | Amandala Newspaper,2026-03-11 01:00:00,3
2294,GDELT - Unknown,Home Secretary grants police request to ban Al Quds Day march,2026-03-11 01:00:00,3
2295,GDELT - Unknown,"Ціни на пальне у США б  ють рекорди : американці скаржаться , що  існувати стає важче ,",2026-03-11 01:00:00,3
2296,GDELT - Unknown,Marjorie Taylor Greene All But Set To Be Replaced By Trump - Backed Republican,2026-03-11 01:00:00,4
2297,GDELT - Unknown,"Lomimo kosti iranskom režimu , kaže Netanjahu ; Teheran uzvraća :  Nemate nikakav realan cilj",2026-03-11 01:00:00,3
2298,GDELT - Unknown,伊朗 「 布雷 」 荷姆茲海峽 ！ 川普警告 ： 軍事後果前所未見 | 國際,2026-03-11 01:00:00,3
2299,GDELT - Unknown,"Iranian president , supreme leader are  safe and sound , spokesperson says",2026-03-11 01:00:00,3
2300,GDELT - Unknown,Ontario Gas Price Forecast : 8 - cent drop expected Thursday,2026-03-11 01:00:00,3
2301,GDELT - Unknown,Tim Kaine mutiny is in line with his party defeatism * WorldNetDaily * by Robert Knight,2026-03-11 01:00:00,3
2302,GDELT - Unknown,World News : Airlines in Europe and Asia increase fares as conflict lifts fuel costs,2026-03-11 01:00:00,3
2303,GDELT - Unknown,दावा : अमेरिकी सेना ने ईरान की 10 माइन बोट की नष्ट,2026-03-11 01:00:00,3
2304,GDELT - Unknown,"ΗΠΑ : Πυρομαχικά αξίας 5 , 6 δισεκατομμυρίων δολαρίων χρησιμοποιήθηκαν τις πρώτες 48 ώρες του πολέμου στο Ιράν",2026-03-11 01:00:00,3
2305,GDELT - Unknown,"Europe tops global arms imports amid Russia threat , SIPRI says",2026-03-11 01:00:00,3
2306,GDELT - Unknown,北京請航運巨頭 「 喝茶 」 進出口受阻中共緊張 | 航運公司 | 運費 | 中東局勢,2026-03-11 01:00:00,3
2307,GDELT - Unknown,【 美股盤後 】 中東緊張升級 、 油價巨震 四大指數漲跌互見 | 國際,2026-03-11 01:00:00,3
2308,GDELT - Unknown,Precio del petróleo se desploma e impulsa la subida de las bolsas europeas y asiáticas,2026-03-11 01:00:00,2
2309,GDELT - Unknown,Steve Witkoff : Says He Has No Idea How Iran War Will End,2026-03-11 01:00:00,4
2310,GDELT - Unknown,霍尔木兹危机升级 ！ 特朗普再度警告伊朗 ： 若布雷 ， 将遭空前打击,2026-03-11 01:00:00,3
2311,GDELT - Unknown,Libanon : Fast 760 . 000 Vertriebene durch Israels Angriffe,2026-03-11 01:00:00,3
2312,GDELT - Unknown,最新 ！ 伊朗发起第37波打击 美军投放穿甲弹 ！ 特朗普发出警告 ！ 油价剧烈波动 金银走势分化 _ 东方财富网,2026-03-11 01:00:00,3
2314,GDELT - Unknown,Von der Leyen corrige el rumbo : Europa se arrepiente de alejarse de la nuclear y destina 200 millones a mini - reactores,2026-03-11 01:00:00,2
2315,GDELT - Unknown,Congress still stalled over DHS funds as government shutdown nears month mark,2026-03-11 01:00:00,3
2316,GDELT - Unknown,"Europe tops global arms imports amid Russia threat , SIPRI says",2026-03-11 01:00:00,3
2317,GDELT - Unknown,Trump confirma que EE . UU . destruyó 10 buques iraníes para evitar que el régimen ponga minas en el estrecho de Ormuz,2026-03-11 01:00:00,2
2318,GDELT - Unknown,"Vatican Promoting Dialogue On Cuba , Cardinal Parolin Says",2026-03-11 01:00:00,3
2319,GDELT - Unknown,İrandan İsraile misilleme başlatıldı : Tel Avivde sirenler devrede,2026-03-11 01:00:00,3
2320,GDELT - Unknown,米 、 イラン機雷敷設に警告 海峡航行へ追加措置調整｜山形新聞,2026-03-11 01:00:00,3
2321,GDELT - Unknown,U . S . Navy Turns Down Strait of Hormuz Escort Requests Because of High Risk,2026-03-11 01:00:00,9
2322,GDELT - Unknown,油金 ／ 川普稱對伊戰爭很快結束 紐油暴跌11 . 94 % | 國際,2026-03-11 01:00:00,3
2323,GDELT - Unknown,Mike Johnson Rejects united states  Nation Building  in Iran,2026-03-11 01:00:00,6
2324,GDELT - Unknown,美軍 「 最猛烈一天 」 調派韓愛國者導彈援中東 | 伊朗戰爭 | 美軍空襲 | 中東局勢,2026-03-11 01:00:00,3
2325,GDELT - Unknown,Fresh Israeli strikes hit Lebanon after evacuation warnings,2026-03-11 01:00:00,3
2326,GDELT - Unknown,Witkoff reveals plans for next round of Russia - US - Ukraine talks,2026-03-11 01:00:00,3
2327,GDELT - Unknown,Українські аграрії понесуть колосальні втрати через війну на Близькому Сході,2026-03-11 01:00:00,3
2328,GDELT - Unknown,"About 140 US military personnel wounded in Iran war , says Pentagon",2026-03-11 01:00:00,4
2329,GDELT - Unknown,IEA提议释放有史以来最大规模的石油储备 _ 东方财富网,2026-03-11 01:00:00,3
2330,GDELT - Unknown,ＮＹ原油急反落一時７６ドル台 イラン交戦巡る警戒感後退｜山形新聞,2026-03-11 01:00:00,3
2331,GDELT - Unknown,US Moving Parts of THAAD Missile Defense System from South Korea to Middle East,2026-03-11 01:00:00,3
2332,GDELT - Unknown,Dow Jones dips 34 points as Investors weigh conflict with Iran,2026-03-11 01:00:00,4
2333,GDELT - Unknown,Israels Präsident verteidigt Angriffe auf iranische Ölfelder,2026-03-11 01:00:00,3
2334,GDELT - Unknown,"Former U . S . Army Pacific Commander cites massive U . S . network of CCP  hard spie – World Tribune : U . S . Politics and Culture , Geostrategy , China , North Korea , Corporate Watch , Media Watch",2026-03-11 01:00:00,3
2335,GDELT - Unknown,【 華府動態 】 海格塞斯 ： 伊朗戰爭迎來轉折 美軍劃三條紅線 | 史詩之怒行動 | 美軍紅線 | 川普警告,2026-03-11 01:00:00,3
2336,GDELT - Unknown,White House denies Navy has escorted oil tanker through Strait of Hormuz,2026-03-11 01:00:00,9
2337,GDELT - Unknown,Cooper speaks to Rubio as US threatens  most intense day  of Iran war,2026-03-11 01:00:00,3
2338,GDELT - Unknown,Operation Epic Fury Situation Report : Battlefield Effects And Early Strategic Signal – Analysis,2026-03-11 01:00:00,3
2339,GDELT - Unknown,Why might Iran deploy mines in the Strait of Hormuz ?,2026-03-11 01:00:00,9
2340,GDELT - Unknown,होर्मुज जलडमरूमध्य संकट : भारत 40 देशों से खरीद रहा है तेल ; पीयूष गोयल बोले - ईंधन की कोई कमी नहीं - strait of hormuz crisis india buying oil from 40 countries piyush goyal says no fuel shortage,2026-03-11 01:00:00,9
2341,GDELT - Unknown,Trump Administration Gives Mixed Signals on Timeline for Iran Operations,2026-03-11 01:00:00,4
2342,GDELT - Unknown,"Russia denies giving Iran intelligence on US troops in Middle East , Witkoff says",2026-03-11 01:00:00,3
2343,GDELT - Unknown,Whither Britain ? PM Starmer goes wobbly on backing united states ; Key Gulf allies get pounded,2026-03-11 01:00:00,6
2344,GDELT - Unknown,美以磋商停戰 海格塞斯 ： 伊朗高層陷入絕望慌亂 | 美以停戰磋商 | 海格塞斯警告 | 伊朗核武器,2026-03-11 01:00:00,3
2345,GDELT - Unknown,东方财富期货早餐 3月11日 周三 _ 东方财富网,2026-03-11 01:00:00,3
2346,GDELT - Unknown,国际油价暴跌近20 % 后回涨 ， 多方冲突表态扰动市场,2026-03-11 01:00:00,3
2347,GDELT - Unknown,Gunfire Targets U . S . Consulate In Toronto,2026-03-11 01:00:00,3
2348,GDELT - Unknown,"Iran blames Israel , US for Minab strike in Lego video",2026-03-11 01:00:00,4
2349,GDELT - Unknown,"America War Aims May Be Diverging from Israel | North Korea Is Getting Serious About Space Weapons | Thousands of Africans Are Fighting for Russia in Ukraine , and more",2026-03-11 01:00:00,3
2350,GDELT - Unknown,Netanjahu ruft Iraner zum Sturz der Führung auf,2026-03-11 01:00:00,3
2351,GDELT - Unknown,מבצע  שאגת הארי  - היממה ה - 12 | כל עדכוני המלחמה מול איראן,2026-03-11 01:00:00,3
2352,GDELT - Unknown,"Why food prices still sting , and what in store for the rest of 2026",2026-03-11 01:00:00,3
2353,GDELT - Unknown,"Why food prices still sting , and what in store for the rest of 2026",2026-03-11 01:00:00,3
2354,GDELT - Unknown,Senate Democrats ramp up pressure campaign for public hearings on war with Iran,2026-03-11 01:00:00,4
2355,GDELT - Unknown,Irán califica de  mentira absoluta  que tuviera planeado atacar a Estados Unidos,2026-03-11 01:00:00,2
2356,GDELT - Unknown,Satellitenstation in Israel von Hisbollah - Rakete getroffen,2026-03-11 01:00:00,3
2357,GDELT - Unknown,北韓稱尊重伊朗新最高領袖人選 批美以破壞和平 | 國際,2026-03-11 01:00:00,3
2358,GDELT - Unknown,Le MAE chinois appelle à un cessez - le - feu au Moyen - Orient et soutient le rôle des pays du Golfe dans lavenir de la région - Xinhua,2026-03-11 01:00:00,3
2359,GDELT - Unknown,操盘必读 ： 影响股市利好或利空消息 _ 2026年3月11日 _ 财经新闻,2026-03-11 01:00:00,3
2360,GDELT - Unknown,"Latest Iranian attacks on Israel  most violent  since start of war , IRGC says",2026-03-11 01:00:00,3
2361,GDELT - Unknown,"İran  Füzeler bizim değil  dedi , Ankara atıldığı yeri tespit etti : Konumu biliyoruz",2026-03-11 01:00:00,3
2362,GDELT - Unknown,霍尔木兹海峡突发 ！ 原油巨震 ， 欧洲股市大反攻,2026-03-11 01:00:00,3
2363,GDELT - Unknown,Price tag of Iran war mounts as Congress waits on funding request,2026-03-11 01:00:00,4
2364,GDELT - Unknown,Witkoff Admits He Doesnt Know How Iran War Ends - News From Antiwar . com,2026-03-11 01:00:00,4
2365,GDELT - Unknown,Reporter Asks Mike Johnson When Will Congress Assert Itself,2026-03-11 01:00:00,3
2366,GDELT - Unknown,"Europe tops global arms imports amid Russia threat , SIPRI says",2026-03-11 01:00:00,3
2367,GDELT - Unknown,Merz turned Germany into US vassal Spanish deputy PM,2026-03-11 01:00:00,3
2368,GDELT - Unknown,Midterm mood favors Democrats despite party image problems,2026-03-11 01:00:00,3
2369,GDELT - Unknown,Home Secretary grants police request to ban Al Quds Day march,2026-03-11 01:00:00,3
2370,GDELT - Unknown,Habervitrini . com | Trump İran Hürmüz e mayın döşediyse onları derhal kaldırsın,2026-03-11 01:00:00,3
2371,GDELT - Unknown,Cooper speaks to Rubio as US threatens  most intense day  of Iran war,2026-03-11 01:00:00,3
2372,GDELT - Unknown,"स्पीकर के खिलाफ अविश्वास प्रस्ताव पर संसद में चर्चा आज , व्हिप जारी ; हंगामे के आसार - lok sabha budget session no confidence motion against speaker om birla",2026-03-11 01:00:00,3
2373,GDELT - Unknown,Senator Wants Pause on Gas Tax in Pennsylvania,2026-03-11 01:00:00,3
2374,GDELT - Unknown,Chris Murphy Interrupts Lives Interview To Correct Ted Cruz,2026-03-11 01:00:00,3
2375,GDELT - Unknown,البنتاغون يعترف بإصابة 140 جنديا في الحرب على إيران,2026-03-11 01:00:00,3
2376,GDELT - Unknown,Macron convoca al G7 de urgencia para frenar el impacto económico de la guerra en Irán,2026-03-11 01:00:00,2
2377,GDELT - Unknown,烏克蘭專家赴中東攔截伊朗無人機 澤倫斯基盼換取飛彈 - 國際,2026-03-11 01:00:00,3
2378,GDELT - Unknown,Pentagon now says approximately 140 US troops wounded over 10 days of Iran war,2026-03-11 01:00:00,4
2379,GDELT - Unknown,Les cours du pétrole reculent : lAIE proposerait la plus importante libération de stocks de son histoire selon le WSJ,2026-03-11 01:00:00,2
2380,GDELT - Unknown,Por qué la guerra no siempre beneficia a las acciones de defensa : análisis de The Economist | G - DE - GESTION,2026-03-11 01:00:00,2
2381,GDELT - Unknown,Macron convoca a líderes del G7 este miércoles para analizar impacto de guerra en O . Medio,2026-03-11 01:00:00,2
2382,GDELT - Unknown,霍爾木兹海峽驚現水雷 川普命伊朗立即清除 | 美軍 | 美國國稅 | 退稅,2026-03-11 01:00:00,3
2383,GDELT - Unknown,华泰证券 ： 全球钢铁行业景气度或进入持续上升期 _ 东方财富网,2026-03-11 01:00:00,3
2384,GDELT - Unknown,China Calls in Shipping Giants Amid Panama Canal Tensions,2026-03-11 01:00:00,3
2385,GDELT - Unknown,Песков : Москва није добила нове предлоге за самит Путина и Трампа,2026-03-11 01:00:00,3
2386,GDELT - Unknown,Aumentan los precios de la gasolina en San Diego,2026-03-11 01:00:00,2
2387,GDELT - Unknown,Le Qatar met en garde contre les possibles  conséquences catastrophiques  de la guerre,2026-03-11 01:00:00,2
2388,GDELT - Unknown,Trump says he and Vance are  philosophically  different on Iran war,2026-03-11 01:00:00,4
2389,GDELT - Unknown,RAT NA BLISKOM ISTOKU MENJA MAPU TURISTIČKIH DESTINACIJA : Ovoj zemlji se smeše novi turisti,2026-03-11 01:00:00,3
2390,GDELT - Unknown,"Трамп заявив , що у США вперше за 50 років відкриють новий НПЗ",2026-03-11 01:00:00,3
2391,GDELT - Unknown,霍爾木茲驚現幽靈船隊 1100艘油船導航失靈 | 霍尔木兹海峽 | 伊朗 | 石油出口,2026-03-11 01:00:00,3
2392,GDELT - Unknown,دعوات للتصعيد في الشارع رفضا لزيادة البنزين ..  التواصل  يرد على  تراجع  مدبولي : أبقى قابلني !,2026-03-11 01:00:00,3
2393,GDELT - Unknown,Costa - Sánchez vs . Von der Leyen - Merz : la guerra de Irán aflora dos bloques enfrentados en la UE,2026-03-11 01:00:00,2
2394,GDELT - Unknown,Home Secretary grants police request to ban Al Quds Day march,2026-03-11 01:00:00,3
2395,GDELT - Unknown,Conflict In Iran Creating New Winners And Losers Across Former Soviet Space – Analysis,2026-03-11 01:00:00,4
2396,GDELT - Unknown,Dow Jones dips 34 points as Investors weigh conflict with Iran,2026-03-11 01:00:00,4
2397,GDELT - Unknown,Democrats desperately want America to lose this war * WorldNetDaily * by Don Feder,2026-03-11 01:00:00,3
2398,GDELT - Unknown,"Iran - Usa , la guerra senza uscita per Khamenei e Trump : chi è il vero vincitore",2026-03-11 01:00:00,2
2399,GDELT - Unknown,White House denies Navy has escorted oil tanker through Strait of Hormuz,2026-03-11 01:00:00,9
2400,GDELT - Unknown,"Iran , Iran war , CIA , regime change | Homeland Security Newswire",2026-03-11 01:00:00,4
2401,GDELT - Unknown,Qantas to increase international fares as jet fuel surge hits aviation sector,2026-03-11 01:00:00,3
2402,GDELT - Unknown,Türkei : Erdogan fürchtet im Iran - Krieg vor allem ein Szenario,2026-03-11 01:00:00,4
2403,GDELT - Unknown,ИДФ : започео нови талас напада на мете у Техерану,2026-03-11 01:00:00,3
2404,GDELT - Unknown,Cooper speaks to Rubio as US threatens  most intense day  of Iran war,2026-03-11 01:00:00,3
2405,GDELT - Unknown,烏克蘭派專業團隊赴中東攔截伊朗無人機 盼換取飛彈 | 國際,2026-03-11 01:00:00,3
2406,GDELT - Unknown,Иран назвал повреждение « Авраама Линкольна » сигналом Вашингтону,2026-03-11 01:00:00,3
2407,GDELT - Unknown,Cooper speaks to Rubio as US threatens  most intense day  of Iran war,2026-03-11 01:00:00,3
2408,GDELT - Unknown,"트럼프 손녀 , 초호화 쇼핑하며  파산하겠어 … 뿔난 미국인들",2026-03-11 01:00:00,3
2409,GDELT - Unknown,US targets Iran mine - laying as war causes oil market havoc,2026-03-11 01:00:00,4
2410,GDELT - Unknown,Should Canada have a strategic oil reserve ? It complicated,2026-03-11 01:00:00,3
2411,GDELT - Unknown,Макрон најавио разговор са лидерима Г7 о кризи у Ирану и ценама нафте,2026-03-11 01:00:00,3
2412,GDELT - Unknown,Mayadeen : Иран выдвинул условия для переговоров с США,2026-03-11 01:00:00,3
2413,GDELT - Unknown,Francia no participa en el conflicto Oriente Medio,2026-03-11 01:00:00,2
2414,GDELT - Unknown,"Russian foreign minister discusses situation in Mideast with Iranian , Saudi counterparts",2026-03-11 01:00:00,3
2415,GDELT - Unknown,Home Secretary grants police request to ban Al Quds Day march,2026-03-11 01:00:00,3
2416,GDELT - Unknown,Sudan urges US to designate RSF a terrorist group,2026-03-11 01:00:00,3
2417,GDELT - Unknown,US envoy Witkoff says Israel trip possible next week,2026-03-11 01:00:00,3
2418,GDELT - Unknown,Mamdani Dines With Anti - Israel Radical Whose Group Called for  Death to America,2026-03-11 01:00:00,3
2419,GDELT - Unknown,Иран мог заминировать Ормузский пролив : Трамп жестко отреагировал на слухи,2026-03-11 01:00:00,3
2420,GDELT - Unknown,Midterm mood favors Democrats despite party image problems,2026-03-11 01:00:00,3
2421,GDELT - Unknown,Meloni pede  suspensão temporária  do mecanismo de imposto sobre carbono - Energia,2026-03-11 01:00:00,3
2422,GDELT - Unknown,Democrats say White House offers no clarity on Iran war goals after 11 days - Grenada Chronicle – Daily Grenada And Caribbean News,2026-03-11 01:00:00,4
2423,GDELT - Unknown,Ascoltando Mattarella,2026-03-11 01:00:00,3
2424,GDELT - Unknown,WATCH : CNN Frederick Pleitgen Flees Iran Stikes,2026-03-11 01:00:00,4
2425,GDELT - Unknown,Senate Democrats ramp up pressure campaign for public hearings on war with Iran,2026-03-11 01:00:00,4
2426,GDELT - Unknown,"국제유가 , 80달러대 마감 … 전쟁 조기종식 기대에 11 % 급락",2026-03-11 01:00:00,3
2427,GDELT - Unknown,Nuevos ataques contra el régimen de Irán tras advertencia de Washington de que este martes sería  el día más intenso,2026-03-11 01:00:00,2
2429,GDELT - Unknown,Entre toques de queda y reformas : Cómo llegan al cambio de mando los líderes sudamericanos invitados por Kast,2026-03-11 01:00:00,3
2430,GDELT - Unknown,164 Malaysians evacuated from West Asia conflict zones,2026-03-11 01:00:00,3
2431,GDELT - Unknown,"На Росію найближчим часом обвалиться хвиля нафтодоларів , – Bloomberg",2026-03-11 01:00:00,3
2432,GDELT - Unknown,Πετρέλαιο : Η τιμή του WTI αυξάνεται πάνω από 5 %,2026-03-11 01:00:00,3
2433,GDELT - Unknown,伊朗的下一步|唐纳德 · 特朗普|美军|以色列|俄罗斯,2026-03-11 01:00:00,3
2434,GDELT - Unknown,Trump Warns Of Severe Military Consequences If Iran Mines Strait Of Hormuz,2026-03-11 01:00:00,9
2435,GDELT - Unknown,Habervitrini . com | İran 104 İHA düşürdük,2026-03-11 01:00:00,3
2436,GDELT - Unknown,Guerra : Trump amarela ou Irã já está quase destruído ? - 10 / 03 / 2026 - Vinicius Torres Freire,2026-03-11 01:00:00,3
2437,GDELT - Unknown,College students stranded in Jerusalem amid Iran conflict return safely to Tennessee,2026-03-11 01:00:00,3
2438,GDELT - Unknown,Oil prices fall as WSJ says IEA proposes largest oil stock release ever,2026-03-11 01:00:00,3
2439,GDELT - Unknown,Ontario Gas Price Forecast : 8 - cent drop expected Thursday,2026-03-11 01:00:00,3
2440,GDELT - Unknown,冲突进入第12天 ， 多方卷入 ， 以军对伊朗发动新一轮打击,2026-03-11 01:00:00,3
2441,GDELT - Unknown,霍尔木兹海峡 ， 突发 ！ 原油 ， 巨震 ！,2026-03-11 01:00:00,3
2442,GDELT - Unknown,美駐多倫多領事館遭槍擊 加警稱國安事件升高防護 | 國際,2026-03-11 01:00:00,3
2443,GDELT - Unknown,Israel bombardeó centros de mando militar iraníes en Teherán y Tabriz,2026-03-11 01:00:00,3
2444,GDELT - Unknown,"Глава Израиля считает , что его страна не подталкивала США к атаке на Иран",2026-03-11 01:00:00,3
2445,GDELT - Unknown,Cooper speaks to Rubio as US threatens  most intense day  of Iran war,2026-03-11 01:00:00,3
2446,GDELT - Unknown,Doğalgaz ve petrol depolarımız dolu : Krizlere hazırız !,2026-03-11 01:00:00,3
2447,GDELT - Unknown,澤倫斯基 ： 美國提議下週舉行新一輪俄烏會談 | 國際,2026-03-11 01:00:00,3
2448,GDELT - Unknown,Europa y Asia preparan baterías de medidas para contener el impacto en los precios,2026-03-11 01:00:00,2
2449,GDELT - Unknown,特朗普松口  有条件谈判 ， 伊朗 ： 不谈|伊朗|谈判|特朗普 _ 新浪科技 _ 新浪网,2026-03-11 01:00:00,3
2450,GDELT - Unknown,Fresh Israeli strikes hit Lebanon after evacuation warnings,2026-03-11 01:00:00,3
2451,GDELT - Unknown,Мексико почео да издаје визе ирачким фудбалерима за интерконтинентални бараж за СП,2026-03-11 01:00:00,3
2452,GDELT - Unknown,Гегсет заявив про нещадні удари по замінованих суднах в Ормузькій протоці,2026-03-11 01:00:00,3
2453,GDELT - Unknown,Juan Roig solicita un IVA del 0 % en alimentos debido a la guerra en Irán,2026-03-11 01:00:00,2
2454,GDELT - Unknown,What to know about the embezzlement charges facing a former Chaldean Catholic bishop in California,2026-03-11 01:00:00,3
2455,GDELT - Unknown,On The Threat To Carve Iran Into Pieces,2026-03-11 01:00:00,4
2456,GDELT - Unknown,Wall Street warns TACO traders as Iran begins laying mines,2026-03-11 01:00:00,3
2457,GDELT - Unknown,US oil prices up nearly $3 as Middle East crisis constrains supply,2026-03-11 01:00:00,3
2458,GDELT - Unknown,Emirati tycoon criticism of Trump mysteriously disappears,2026-03-11 01:00:00,4
2459,GDELT - Unknown,國際油價回落 霍爾木茲海峽局勢備受關注 | 戰略石油儲備 | 中東局勢 | 川普能源政策,2026-03-11 01:00:00,3
2460,GDELT - Unknown,"Europe tops global arms imports amid Russia threat , SIPRI says",2026-03-11 01:00:00,3
2461,GDELT - Unknown,Why are oil prices surging ?,2026-03-11 01:00:00,3
2462,GDELT - Unknown,Lethal elite  black - clad  kill squad guards Iran new Supreme Leader Mojtaba Khamenei,2026-03-11 01:00:00,3
2463,GDELT - Unknown,"Toxic  black rain  falls throughout Iran , triggering health warning from WHO",2026-03-11 01:00:00,4
2464,GDELT - Unknown,"Qatar , allarme missili in tv durante ... la Champions League",2026-03-11 01:00:00,2
2465,GDELT - Unknown,"Belgaum resident experience | आकाशात क्षेपणास्त्र , मोबाईल मेसेज अन् बंकरमध्ये आश्रय",2026-03-11 01:00:00,3
2466,GDELT - Unknown,Pentagon Says 140 US Troops Injured In First 10 Days Of Iran War,2026-03-11 01:00:00,4
2467,GDELT - Unknown,Stjernene strømmer til premieren på podkasten « Lilli & Isabelle »,2026-03-11 01:00:00,3
2468,GDELT - Unknown,White House denies Navy has escorted oil tanker through Strait of Hormuz,2026-03-11 01:00:00,9
2469,GDELT - Unknown,فتح معبر طابا مجانا للأمريكيين … والمصريون يدفعون ثمن العودة أضعافا,2026-03-11 01:00:00,3
2470,GDELT - Unknown,ארה  ב לישראל : אל תתקפו שוב מתקני נפט באיראן ללא אישור,2026-03-11 01:00:00,3
2471,GDELT - Unknown,"Iran , Iran war , CIA , Pete Hegseth , rhetoric , MAGA | Homeland Security Newswire",2026-03-11 01:00:00,4
2472,GDELT - Unknown,Radio Fides Bolivia - Noticias confiables,2026-03-11 01:00:00,3
2473,GDELT - Unknown,Se contradice Trump y la Casa Blanca sobre la guerra,2026-03-11 01:00:00,2
2474,GDELT - Unknown,Dow Jones dips 34 points as Investors weigh conflict with Iran,2026-03-11 01:00:00,4
2475,GDELT - Unknown,AP News in Brief at 6 : 04 p . m . EDT,2026-03-11 01:00:00,3
2476,GDELT - Unknown,Lebanon : Priest killed by Israeli tank leaves  profound wound in the heart of the Church,2026-03-11 01:00:00,3
2477,GDELT - Unknown,"Sinhala Buddhist monk leads pro - US , pro - Israel protest in Colombo",2026-03-11 01:00:00,3
2478,GDELT - Unknown,Will the Houthis join the Iran war ?,2026-03-11 01:00:00,4
2479,GDELT - Unknown,College students stranded in Jerusalem amid Iran conflict return safety to Tennessee,2026-03-11 01:00:00,3
2480,GDELT - Unknown,Віткофф побачив у переговорах Росії і України  переломний момент,2026-03-11 01:00:00,3
2481,GDELT - Unknown,White House denies Navy has escorted oil tanker through Strait of Hormuz,2026-03-11 01:00:00,9
2482,GDELT - Unknown,How to understand the Iran war market swings : A geopolitical put option,2026-03-11 01:00:00,4
2483,GDELT - Unknown,Pentagon Says 140 US Troops Injured In First 10 Days Of Iran War,2026-03-11 01:00:00,4
2484,GDELT - Unknown,"IEA proposes largest ever oil release from strategic reserves , WSJ reports",2026-03-11 01:00:00,3
2485,GDELT - Unknown,Beyond the Headlines : A Message of Faith | The Jerusalem Post,2026-03-11 01:00:00,3
2486,GDELT - Unknown,Erin Burnett Takes Cover During Report After  Explosions,2026-03-11 01:00:00,3
2487,GDELT - Unknown,Megyn Kelly Slams Lindsey Graham for Threatening Allies Over Iran,2026-03-11 01:00:00,4
2488,GDELT - Unknown,Trump Threatens  Consequences Never Seen Before  If Iran Mines the Strait of Hormuz,2026-03-11 01:00:00,9
2489,GDELT - Unknown,İsrail ordusu Tehranda zərbələrə başlayıb,2026-03-11 01:00:00,3
2490,GDELT - Unknown,伊朗新任領袖至今未現身 引發外界多重猜測 | 伊朗最高領袖 | 穆傑塔巴 · 哈梅內伊 | 伊朗權力交接,2026-03-11 01:00:00,3
2491,GDELT - Unknown,Trump ameaça reao militar se Irã colocar minas no Estreito de Ormuz - Política,2026-03-11 01:00:00,3
2492,GDELT - Unknown,Republican Speaker Mike Johnson says he doesnt support nation - building in Iran,2026-03-11 01:00:00,4
2493,GDELT - Unknown,Siete futbolistas iraníes reciben asilo en Australia y el resto del equipo vuela a Malasia,2026-03-11 01:00:00,2
2494,GDELT - Unknown,FBI investigates men charged with lighting bombs at NYC protest,2026-03-11 01:00:00,3
2495,GDELT - Unknown,College students stranded in Jerusalem amid Iran conflict return safety to Tennessee,2026-03-11 01:00:00,3
2496,GDELT - Unknown,Kadri Simson :  Los gobiernos europeos tendrán que bajar los impuestos a la energía si la subida de precios frena el crecimiento,2026-03-11 01:00:00,2
2497,GDELT - Unknown,140 U . S . service members injured in Operation Epic Fury,2026-03-11 01:00:00,3
2498,GDELT - Unknown,Trump opens first new US oil refinery in 50 years with India Reliance investment,2026-03-11 01:00:00,3
2499,GDELT - Unknown,Pentágono confirma 140 militares estadunidenses heridos en guerra contra Irán ; varios de gravedad,2026-03-11 01:00:00,2
2500,GDELT - Unknown,美以伊战局冲击全球 ， 谁是这场能源危机的大赢家 ？,2026-03-11 01:00:00,3
2501,GDELT - Unknown,Şahbaz Şeriften kritik açıklama : Tüm cephelerde ateşkes başladı,2026-04-08 01:00:00,3
2502,GDELT - Unknown,В Тегеране заявили о победе над США после слов Трампа о перемирии | Западная Азия,2026-04-08 01:00:00,3
2503,GDELT - Unknown,How the Iran war is choking critical aid distribution around the world,2026-04-08 01:00:00,4
2504,GDELT - Unknown,الدفاعات الجوية تتعامل مع 520 صاروخاً باليستياً و26 « جوالاً » و2221 « مسيّرة » إيرانية,2026-04-08 01:00:00,3
2505,GDELT - Unknown,Congressional Democrats raise alarm over Trump comments on Iran,2026-04-08 01:00:00,4
2506,GDELT - Unknown,Trump Agrees To Temporary Ceasefire With Iran | News Radio 98 . 3 WMAN,2026-04-08 01:00:00,4
2507,GDELT - Unknown,川普 ： 美同意休戰兩週 伊開放霍爾木茲海峽 | 美國 | 伊朗,2026-04-08 01:00:00,3
2508,GDELT - Unknown,Transatlantic crisis talks as Trump condemned for Iran deadline wipeout threat,2026-04-08 01:00:00,3
2509,GDELT - Unknown,"A lONU , Moscou et Pékin opposent leur veto au déblocage du ... | Seneweb",2026-04-08 01:00:00,3
2510,GDELT - Unknown,Tregua en Medio Oriente : cuál es la postura de Israel en medio de las negociaciones de EE . UU . e Irán,2026-04-08 01:00:00,2
2511,GDELT - Unknown,100만닉스 돌아오나 … 휴전 소식에 삼전 5 %· 하닉 % 6↑ [ 특징주 ],2026-04-08 01:00:00,3
2512,GDELT - Unknown,伊朗公布通过巴基斯坦提交给美方的十点计划核心内容 - 南海网,2026-04-08 01:00:00,3
2513,GDELT - Unknown,SAD i Iran dogovorili dvotjedni prekid vatre,2026-04-08 01:00:00,3
2514,GDELT - Unknown,The Latest : Iran says it has accepted a two - week ceasefire in the war,2026-04-08 01:00:00,4
2515,GDELT - Unknown,How the Iran war is choking critical aid distribution around the world,2026-04-08 01:00:00,4
2516,GDELT - Unknown,[ 속보 ] 아라그치 이란 외무  이란군 협조 하에 호르무즈 통행 가능 - 국민일보,2026-04-08 01:00:00,3
2517,GDELT - Unknown,В переговорах по Ирану ожидаются  хорошие новости  - CNN - Последние новости сегодня,2026-04-08 01:00:00,3
2518,GDELT - Unknown,Transatlantic crisis talks as Trump condemned for Iran deadline wipeout threat,2026-04-08 01:00:00,3
2519,GDELT - Unknown,"Trump frena ofensiva contra Irán , anuncia tregua de dos semanas tras mediación de Pakistán – Periódico Zócalo | Noticias de Saltillo , Torreón , Piedras Negras , Monclova , Acuña",2026-04-08 01:00:00,2
2520,GDELT - Unknown,Gunman killed in shooting outside Israeli Consulate in Istanbul,2026-04-08 01:00:00,3
2521,GDELT - Unknown,Trump backs off Iran strikes for two - week ceasefire,2026-04-08 01:00:00,4
2522,GDELT - Unknown,"Iran , Trump estende scadenza ultimatum per due settimane • Imola Oggi",2026-04-08 01:00:00,4
2523,GDELT - Unknown,Премьер Пакистана объявил о немедленном прекращении огня | MigNews - Новости Израиля и Мира на русском языке,2026-04-08 01:00:00,3
2524,GDELT - Unknown,Crece la tensión : México lanza alerta a sus ciudadanos en Irán,2026-04-08 01:00:00,2
2525,GDELT - Unknown,How to save fuel costs and travel smarter on your road trip | Muswellbrook Chronicle,2026-04-08 01:00:00,3
2526,GDELT - Unknown,ＮＹ市場サマリー （ 7日 ） 円一時160円台 、 株まちまち ・ 利回りほぼ横ばい,2026-04-08 01:00:00,3
2527,GDELT - Unknown,Pakistan PM seeks pause on Trump threats against Iran,2026-04-08 01:00:00,4
2528,GDELT - Unknown,Svetski sukob zaustavljen u poslednjem trenutku : Postignuto primirje na Bliskom istoku,2026-04-08 01:00:00,3
2529,GDELT - Unknown,عاجل| « أكسيوس »: مصر لعبت دورا محوريا في تقريب وجهات النظر بين طهران وواشنطن,2026-04-08 01:00:00,3
2530,GDELT - Unknown,Trump warns of extreme military action if Iran doesnt reopen the Strait of Hormuz,2026-04-08 01:00:00,9
2531,GDELT - Unknown,Ιράν : Οι διαπραγματεύσεις με τις ΗΠΑ για τον τερματισμό του πολέμου θα ξεκινήσουν στο Πακιστάν τη Μ . Παρασκευή – Τι περιλαμβάνεται στα 10 σημεία,2026-04-08 01:00:00,3
2532,GDELT - Unknown,Donald Trump repousse de deux semaines sa menace dattaquer lIran,2026-04-08 01:00:00,3
2533,GDELT - Unknown,Donald Trump anuncia cessar - fogo com o Irã e diz que os dois lados estão próximos de um acordo definitivo de paz,2026-04-08 01:00:00,3
2534,GDELT - Unknown,Papa León XIV califica de  inaceptable  amenaza de Trump contra Irán,2026-04-08 01:00:00,2
2535,GDELT - Unknown,Iran Trump | Sospesi bombardamenti e attacchi per 2 settimane Tregua vincolata alla riapertura di Hormuz Da venerdì ripartono i negoziati Effetto annuncio per il petrolio  corsa al ribasso,2026-04-08 01:00:00,3
2536,GDELT - Unknown,Why $1 Million in Retirement Savings May Not Be Enough Anymore,2026-04-08 01:00:00,3
2537,GDELT - Unknown,"POSTIGNUTO PRIMIRJE IZMEĐU SAD , IZRAELA I IRANA : Trajaće dve nedelje , Iran će kontrolisati Ormuz",2026-04-08 01:00:00,4
2538,GDELT - Unknown,"Urmează scumpiri masive la facturile de curent , imediat după Paște . Avertismentul unui expert în energie : „ Tarifele cresc deja în timp ce vorbim",2026-04-08 01:00:00,2
2539,GDELT - Unknown,Trump suspends attacks on Iran for 2 weeks amid negotiations,2026-04-08 01:00:00,4
2540,GDELT - Unknown,Tramp pristao na prekid vatre sa Iranom - Iran istovremeno objavio i pod kojim uslovima,2026-04-08 01:00:00,3
2541,GDELT - Unknown,"Amid war in Iran , EU urges people to drive less and for countries to urgently roll out renewables",2026-04-08 01:00:00,4
2542,GDELT - Unknown,SAD i Iran dogovorili dvotjedni prekid vatre,2026-04-08 01:00:00,3
2543,GDELT - Unknown,SAD i Iran dogovorili dvotjedni prekid vatre,2026-04-08 01:00:00,3
2544,GDELT - Unknown,Iraníes forman cadenas humanas para proteger centrales eléctricas y puentes ante posibles ataques,2026-04-08 01:00:00,3
2545,GDELT - Unknown,Congressional Democrats raise alarm over Trump comments on Iran,2026-04-08 01:00:00,4
2546,GDELT - Unknown,SAD i Iran dogovorili dvotjedni prekid vatre,2026-04-08 01:00:00,3
2547,GDELT - Unknown,特朗普称伊朗人愿为自由承受轰炸 网友 ： 又一个谎言,2026-04-08 01:00:00,3
2548,GDELT - Unknown,Lo spettro della recessione Linflazione è una spirale Il mondo è già cambiato,2026-04-08 01:00:00,3
2549,GDELT - Unknown,Oil prices drop and stocks rally after Trump ceasefire announcement,2026-04-08 01:00:00,3
2550,GDELT - Unknown,환율 1470원대 급락  이란전쟁 2주 휴전 희소식,2026-04-08 01:00:00,3
2551,GDELT - Unknown,Τι περιλαμβάνει το σχέδιο 10 σημείων για την κατάπαυση του πυρός μεταξύ ΗΠΑ και Ιράν,2026-04-08 01:00:00,3
2552,GDELT - Unknown,Трамп объявил о приостановке атак на Иран на две недели - Последние новости сегодня,2026-04-08 01:00:00,3
2553,GDELT - Unknown,Fact Check Team : White House to meet NATO amid Iran strains and withdrawal threats,2026-04-08 01:00:00,3
2554,GDELT - Unknown,"Rusija i Kina u SB uz Iran , stavili veto na rezoluciju",2026-04-08 01:00:00,4
2555,GDELT - Unknown,"Pide Asghar Farhadi a artistas a condenar bombardeos en Irán – Periódico Zócalo | Noticias de Saltillo , Torreón , Piedras Negras , Monclova , Acuña",2026-04-08 01:00:00,2
2556,GDELT - Unknown,Iran Confirms Trump Ceasefire Agreement Announcement,2026-04-08 01:00:00,4
2557,GDELT - Unknown,"US , Israel and Iran agree to 2 - week ceasefire as Trump seizes diplomatic offramp",2026-04-08 01:00:00,4
2558,GDELT - Unknown,SAD i Iran dogovorili dvotjedni prekid vatre,2026-04-08 01:00:00,3
2559,GDELT - Unknown,Easter staycations spike as people stay closer to home in  uncertain times,2026-04-08 01:00:00,3
2560,GDELT - Unknown,Trump delays Iran infrastructure bombing by 2 weeks after threatening  whole civilization,2026-04-08 01:00:00,4
2561,GDELT - Unknown,"With Legos , trolling and Twain , Iran pushes war narrative on social media",2026-04-08 01:00:00,4
2562,GDELT - Unknown,Two - week Iran ceasefire announced,2026-04-08 01:00:00,4
2563,GDELT - Unknown,"Trump , Tehran Reach Deal On Temporary Cease - Fire",2026-04-08 01:00:00,3
2564,GDELT - Unknown,Erakçiden Hürmüz açıklaması ! Sürecin nasıl ilerleyeceğini açıkladı,2026-04-08 01:00:00,3
2565,GDELT - Unknown,布蘭特原油開盤暴跌16 %！ 跌破每桶92美元 伊朗說通行荷莫茲兩周可行 | 全球財經 | 全球,2026-04-08 01:00:00,3
2567,GDELT - Unknown,US - Journalistin Kittleson ist im Irak wohl wieder frei gekommen,2026-04-08 01:00:00,3
2568,GDELT - Unknown,"Trump , Iran Agree to Two - Week Ceasefire",2026-04-08 01:00:00,4
2569,GDELT - Unknown,"Frenazo de la economía de la eurozona en marzo , amenazada por la estanflación",2026-04-08 01:00:00,2
2570,GDELT - Unknown,Wall Street : La décrue du pétrole avant  lultimatum  permet un retour à l  équilibre,2026-04-08 01:00:00,2
2571,GDELT - Unknown,Petróleo tomba e aes da Petrobras desabam em NY após Trump concordar em suspender ataques ao Ir,2026-04-08 01:00:00,3
2572,GDELT - Unknown,"Trump , Tehran Reach Deal On Two - Week Cease - Fire",2026-04-08 01:00:00,3
2573,GDELT - Unknown,How to save fuel costs and travel smarter on your road trip | Cootamundra Herald,2026-04-08 01:00:00,3
2574,GDELT - Unknown,SAD i Iran dogovorili dvotjedni prekid vatre,2026-04-08 01:00:00,3
2575,GDELT - Unknown,Trump pulls back on Iran threat for two weeks subject to agreement on ceasefire,2026-04-08 01:00:00,4
2576,GDELT - Unknown,Green Party leader asks Carney step up in response to  unhinged  Trump Iran threat,2026-04-08 01:00:00,4
2577,GDELT - Unknown,Irán garantiza paso seguro por el estrecho de Ormuz tras alto al fuego con Estados Unidos,2026-04-08 01:00:00,2
2578,GDELT - Unknown,„ Sehr weit  mit Friedensabkommen : Trump will Angriffe auf Iran für zwei Wochen aussetzen,2026-04-08 01:00:00,4
2579,GDELT - Unknown,Delta announces increased bag fees as Iran war drives up fuel costs,2026-04-08 01:00:00,4
2580,GDELT - Unknown,"Prof . Schlevogt Compass No . 51 : Persian Armageddon , rewired - Seven repercussions of the Iran war",2026-04-08 01:00:00,4
2581,GDELT - Unknown,Trump announces Iran ceasefire deal as Strait of Hormuz deadline looms,2026-04-08 01:00:00,9
2582,GDELT - Unknown,Будут ли бомбить Ливан последние новости,2026-04-08 01:00:00,3
2583,GDELT - Unknown,"벼랑 끝  에서 멈춘 미국 · 이란 , 2주 휴전 사실상 합의 … 공습 중단 · 호르무즈 개방 - 국민일보",2026-04-08 01:00:00,3
2584,GDELT - Unknown,▫پیام عراقچی وزیر امور خارجه ایران به نمایندگی از شورای عالی امنیت ملی,2026-04-08 01:00:00,3
2585,GDELT - Unknown,트럼프  이란 문명 사라질 것  발언에 … 탄핵 · 파면 논쟁 촉발,2026-04-08 01:00:00,3
2586,GDELT - Unknown,Le pape juge  inacceptable  la menace qui pèse sur lensembl ... | Seneweb,2026-04-08 01:00:00,2
2587,GDELT - Unknown,"Profesor AS : Hanya Tiga Orang Dewasa Ini yang Bisa Hentikan Perang Iran , Bukan Donald Trump !",2026-04-08 01:00:00,4
2588,GDELT - Unknown,تردد قنوات الجزيرة الإخبارية 2026 وبث مباشر يوتيوب : تابع تطورات الحرب على إيران ومهلة ترامب لحظة بلحظة,2026-04-08 01:00:00,3
2589,GDELT - Unknown,Easter staycations spike as people stay closer to home in  uncertain times,2026-04-08 01:00:00,3
2590,GDELT - Unknown,Trump desiste de ataque e fecha cessar - fogo com o Irã ; Estreito de Ormuz reabrirá por 15 dias,2026-04-08 01:00:00,3
2591,GDELT - Unknown,Где пройдут переговоры США и Ирана,2026-04-08 01:00:00,3
2592,GDELT - Unknown,"Trump encuentra una vía de escape , pero no resuelve las cuestiones que llevaron a la guerra con Irán",2026-04-08 01:00:00,2
2593,GDELT - Unknown,US and Iran agree two - week ceasefire before escalation deadline,2026-04-08 01:00:00,4
2594,GDELT - Unknown,Two - week Iran ceasefire announced,2026-04-08 01:00:00,4
2595,GDELT - Unknown,عاجل| « رويترز »: مقترح التفاوض يتضمَّن وقف الحرب على إيران والجماعات الحليفة,2026-04-08 01:00:00,3
2596,GDELT - Unknown,SAD i Iran dogovorili dvotjedni prekid vatre,2026-04-08 01:00:00,3
2597,GDELT - Unknown,Delta announces increased bag fees as Iran war drives up fuel costs,2026-04-08 01:00:00,4
2598,GDELT - Unknown,Trump Agrees To Temporary Ceasefire With Iran | Newsradio WFLA Orlando,2026-04-08 01:00:00,4
2599,GDELT - Unknown,Trump agrees to halt bombing of Iran for two weeks subject to strait reopening,2026-04-08 01:00:00,3
2600,GDELT - Unknown,"Trump , Tehran Reach Deal On Two - Week Cease - Fire",2026-04-08 01:00:00,3
2601,GDELT - Unknown,"Des explosions entendues à Doha , au Qatar ( journalistes de l ... | Seneweb",2026-04-08 01:00:00,3
2602,GDELT - Unknown,США признали право Ирана на обогащение урана новости,2026-04-08 01:00:00,3
2603,GDELT - Unknown,Easter staycations spike as people stay closer to home in  uncertain times,2026-04-08 01:00:00,3
2604,GDELT - Unknown,Transatlantic crisis talks as Trump condemned for Iran deadline wipeout threat,2026-04-08 01:00:00,3
2605,GDELT - Unknown,انقضاء مهلة 7 أبريل : هل بدأت لحظة انفجار التوتر الكبير بين واشنطن وطهران ؟,2026-04-08 01:00:00,3
2606,GDELT - Unknown,Iranski ministar najavio otvaranje Ormuskog moreuza : Ovo su 2 glavna uslova Teherana za prekid vatre,2026-04-08 01:00:00,3
2607,GDELT - Unknown,以媒 ： 特朗普设定期限临近 美伊谈判出现进展 - 新华网,2026-04-08 01:00:00,3
2608,GDELT - Unknown,ロシア 、 自国産エネルギーに強い引き合い＝大統領府,2026-04-08 01:00:00,3
2609,GDELT - Unknown,SAD i Iran dogovorili dvotjedni prekid vatre,2026-04-08 01:00:00,3
2610,GDELT - Unknown,Trump agrees to halt bombing of Iran for two weeks subject to strait reopening,2026-04-08 01:00:00,3
2611,GDELT - Unknown,Trump to delay Iran strike decision ; ceasefire talks emerge,2026-04-08 01:00:00,4
2612,GDELT - Unknown,Two - week Iran ceasefire announced,2026-04-08 01:00:00,4
2613,GDELT - Unknown,How to save fuel costs and travel smarter on your road trip | Bendigo Advertiser,2026-04-08 01:00:00,3
2614,GDELT - Unknown,Savaşın 39 gününde Orta Doğuda kritik saatler,2026-04-08 01:00:00,3
2615,GDELT - Unknown,2주 휴전에 건설주  불기둥 … DL이앤씨 20 %· 대우건설 19 % 대 강세 [ 특징주 ],2026-04-08 01:00:00,3
2616,GDELT - Unknown,Cronologia : Veja os ataques e momentos - chave da guerra no Irã,2026-04-08 01:00:00,3
2617,GDELT - Unknown,"Guerre au Moyen - Orient  : Au dernier moment , Trump repousse de deux semaines son ultimatum à lIran",2026-04-08 01:00:00,3
2618,GDELT - Unknown,Trump suspende bombardeos contra Irán tras mediación de Pakistán ; da tregua de dos semanas ( 17 : 45 h ),2026-04-08 01:00:00,2
2619,GDELT - Unknown,美伊停火 霍爾木茲開放 油價跌破100美元 | 油價暴跌 | 川普 | 巴基斯坦,2026-04-08 01:00:00,3
2620,GDELT - Unknown,Иран : проход через Ормузский пролив будет возможен 2 недели | MigNews - Новости Израиля и Мира на русском языке,2026-04-08 01:00:00,3
2621,GDELT - Unknown,Peso avanza en mercado atento al ultimátum de Trump a Irán,2026-04-08 01:00:00,2
2622,GDELT - Unknown,"Deadline Delayed Trump OKs 2 ‑ Week Ceasefire , Subject to Hormuz Reopening",2026-04-08 01:00:00,3
2623,GDELT - Unknown,US Seeks to Avoid War Crimes Charges in Attack on Iran,2026-04-08 01:00:00,4
2624,GDELT - Unknown,Trump agrees to halt bombing of Iran for two weeks subject to strait reopening,2026-04-08 01:00:00,3
2625,GDELT - Unknown,财经早餐 ： 猪价跌至近二十年低位 ； 去年A股年成交额首次突破400万亿元,2026-04-08 01:00:00,3
2626,GDELT - Unknown,Президент США охарактеризовал Такера Карлсона как « человека с низким коэффициентом IQ » | Америка,2026-04-08 01:00:00,3
2627,GDELT - Unknown,Bağdatda patlama sesleri,2026-04-08 01:00:00,3
2628,GDELT - Unknown,Iranians react to Trump threats,2026-04-08 01:00:00,3
2629,GDELT - Unknown,Delta raises checked bag fees amid higher oil prices as Iran conflict continues,2026-04-08 01:00:00,3
2630,GDELT - Unknown,Trump to delay Iran strike decision ; ceasefire talks emerge,2026-04-08 01:00:00,4
2631,GDELT - Unknown,Trump - Ultimatum abgelaufen : Waffenruhe zwischen united states und Iran - Friedensabkommen in greifbarer Nähe,2026-04-08 01:00:00,6
2632,GDELT - Unknown,Easter staycations spike as people stay closer to home in  uncertain times,2026-04-08 01:00:00,3
2633,GDELT - Unknown,Transatlantic crisis talks as Trump condemned for Iran deadline wipeout threat,2026-04-08 01:00:00,3
2634,GDELT - Unknown,Los detalles del acuerdo de 10 puntos entre Estados Unidos e Irán para alcanzar la paz,2026-04-08 01:00:00,2
2635,GDELT - Unknown,Trump claims regime change in Iran as analysts warn new leaders may be more brutal,2026-04-08 01:00:00,4
2636,GDELT - Unknown,Trump pulls back on Iran threat for two weeks subject to agreement on ceasefire,2026-04-08 01:00:00,4
2637,GDELT - Unknown,El déficit comercial con Brasil se redujo 45 % en el primer trimestre : los tres factores clave hacia adelante,2026-04-08 01:00:00,2
2638,GDELT - Unknown,Transatlantic crisis talks as Trump condemned for Iran deadline wipeout threat,2026-04-08 01:00:00,3
2639,GDELT - Unknown,Ala Stanford and Chris Rabb spar over AIPAC as Philly race for Congress heats up,2026-04-08 01:00:00,3
2640,GDELT - Unknown,بیانیه شورای عالی امنیت ملی ایران درباره توقف آتش ۲ هفته‌ای و شروط مذاکره ( بخش دوم ),2026-04-08 01:00:00,3
2641,GDELT - Unknown,美智庫 ： 中共助伊抵抗美制裁並資助其戰爭機器 | 伊朗 | 石油,2026-04-08 01:00:00,3
2642,GDELT - Unknown,"В США рассказали , что случилось с Трампом из - за перемирия с Ираном",2026-04-08 01:00:00,3
2643,GDELT - Unknown,ට්‍රම්ප්ගේ සටන් විරාම ප්‍රකාශයත් සමඟ ලෝක වෙළඳපොළේ බොරතෙල් මිල පහළට,2026-04-08 01:00:00,3
2644,GDELT - Unknown,La Casa Blanca niega planes de usar armas nucleares contra Irán,2026-04-08 01:00:00,2
2645,GDELT - Unknown,张忆东 ： 停火后安全资产建议只保留黄金 ， 重点关注高科技 、 硬科技和先进制造业,2026-04-08 01:00:00,3
2646,GDELT - Unknown,"Trump in Iran našla skupni jezik , Izrael proti premirju",2026-04-08 01:00:00,4
2647,GDELT - Unknown,米ＷＴＩが一時95ドル台に急落 、 株価先物上昇 中東停戦合意受け,2026-04-08 01:00:00,3
2648,GDELT - Unknown,Donald Trump aplazó por dos semanas el ultimátum a Irán,2026-04-08 01:00:00,2
2649,GDELT - Unknown,Iran Trump | Sospesi bombardamenti e attacchi per 2 settimane Tregua vincolata alla riapertura di Hormuz Venerdì i negoziati l  idea,2026-04-08 01:00:00,4
2650,GDELT - Unknown,Sería el candidato con más votos : Trump bromea con postularse a la presidencia de Venezuela,2026-04-08 01:00:00,2
2651,GDELT - Unknown,Gunman killed in shooting outside Israeli Consulate in Istanbul,2026-04-08 01:00:00,3
2652,GDELT - Unknown,इरानमाथि भीषण आक्रमण,2026-04-08 01:00:00,3
2653,GDELT - Unknown,情報BOX ： イランによるホルムズ海峡通航料徴収は可能か,2026-04-08 01:00:00,3
2654,GDELT - Unknown,Bolsa de Tokio trepa más de 4 % tras alto al fuego en Irán,2026-04-08 01:00:00,2
2655,GDELT - Unknown,Ισραήλ : Νέα πυραυλικά πλήγματα από το Ιράν – Εκρήξεις στην Ιερουσαλήμ σε τρία κύματα ( βίντεο ),2026-04-08 01:00:00,3
2656,GDELT - Unknown,Pétrole : le baril de WTI repasse sous les 100$US,2026-04-08 01:00:00,3
2657,GDELT - Unknown,"American journalist Shelly Kittleson has been released , Iraqi officials tell the AP",2026-04-08 01:00:00,3
2659,GDELT - Unknown,Тегеран подтвердил принятие соглашения о прекращении огня и представил  встречные предложения,2026-04-08 01:00:00,3
2660,GDELT - Unknown,Trump pulls back on Iran threat for two weeks subject to agreement on ceasefire,2026-04-08 01:00:00,4
2661,GDELT - Unknown,SAD i Iran dogovorili dvotjedni prekid vatre,2026-04-08 01:00:00,3
2662,GDELT - Unknown,Congressional Democrats raise alarm over Trump comments on Iran,2026-04-08 01:00:00,4
2663,GDELT - Unknown,Iran - linked hackers have disrupted multiple US industrial sites,2026-04-08 01:00:00,4
2664,GDELT - Unknown,早AI大众｜山东7项城市更新经验获全国推广 ； 伊朗开放霍尔木兹海峡两周,2026-04-08 01:00:00,3
2665,GDELT - Unknown,Demandas del oficialismo llevan al Gobierno a darle gradualidad a su proyecto tributario,2026-04-08 01:00:00,3
2666,GDELT - Unknown,Trump pulls back on his Iran threats for two weeks,2026-04-08 01:00:00,4
2667,GDELT - Unknown,عاجل| طهران تعلن شروطها لوقف الحرب .. منها ضمان عدم مهاجمة إيران مرة أخرى,2026-04-08 01:00:00,3
2668,GDELT - Unknown,Trump agrees to halt bombing of Iran for two weeks subject to strait reopening,2026-04-08 01:00:00,3
2669,GDELT - Unknown,"Oil slumps , bonds rally and stocks surge as U . S . and Iran agree to two - week ceasefire",2026-04-08 01:00:00,4
2670,GDELT - Unknown,ईरान - अमेरिका के बीच 15 दिनों ( दो हफ्तों ) की सीजफायर : डोनाल्ड ट्रंप का बड़ा ऐलान,2026-04-08 01:00:00,3
2671,GDELT - Unknown,"Glaustai : Sinkevičius sako , kad koalicija dirbs toliau , Žemaitaitis skųs VRK sprendimą dėl dotacijos",2026-04-08 01:00:00,3
2672,GDELT - Unknown,ＩＭＦが新興国向け資金流入で警鐘 、 危機時の逃げ足速い投資家が大半,2026-04-08 01:00:00,3
2673,GDELT - Unknown,Pausa Trump ataques a Irán por 2 semanas tras propuesta de Teherán,2026-04-08 01:00:00,2
2674,GDELT - Unknown,Trump Agrees To Temporary Ceasefire With Iran,2026-04-08 01:00:00,4
2675,GDELT - Unknown,Trump delays Iran infrastructure bombing by 2 weeks after threatening  whole civilization,2026-04-08 01:00:00,4
2676,GDELT - Unknown,Mener Iran vinner uansett,2026-04-08 01:00:00,4
2677,GDELT - Unknown,Iranians react to Trump threats,2026-04-08 01:00:00,3
2678,GDELT - Unknown,Ukraine President Zelenskyy Lashes Out At UN Security Council Over Iran Strait Of Hormuz Blockade,2026-04-08 01:00:00,9
2679,GDELT - Unknown,حقيقة وفاة ترامب وقصة وسم الحرب العالمية الثالثة : هل اقتربت المواجهة الشاملة في 2026 ؟,2026-04-08 01:00:00,3
2680,GDELT - Unknown,Opini : Mengubah Krisis Energi Menjadi Energi Kreativitas,2026-04-08 01:00:00,3
2681,GDELT - Unknown,トランプ氏 、 イラン攻撃 「 2週間停止で合意 」 「 文明滅亡 」 脅しから一転,2026-04-08 01:00:00,3
2682,GDELT - Unknown,ベトナムの 「 新興国市場 」 への格上げを発表＝ＦＴＳＥラッセル,2026-04-08 01:00:00,3
2683,GDELT - Unknown,Los futuros de Wall Street saltaron más de 2 % tras el anuncio de Donald Trump sobre la tregua con Irán,2026-04-08 01:00:00,2
2684,GDELT - Unknown,Tras ultimátum de Trump : Esta es la condición de EEUU para el alto al fuego con Irán,2026-04-08 01:00:00,2
2685,GDELT - Unknown,Trump :  Sì a tregua di 2 settimane se Iran riapre Stretto di Hormuz . Nyt : ok di Teheran - il Fatto Nisseno,2026-04-08 01:00:00,3
2686,GDELT - Unknown,Easter staycations spike as people stay closer to home in  uncertain times,2026-04-08 01:00:00,3
2687,GDELT - Unknown,Trump warns  whole civilization  could die if Iran deal not reached,2026-04-08 01:00:00,4
2688,GDELT - Unknown,Trump Threatens to Wipe Out Iranian Civilization if Cease - Fire Deal Flops,2026-04-08 01:00:00,3
2689,GDELT - Unknown,Gov . orders flags at half - staff April 10 for Maj . Savino,2026-04-08 01:00:00,3
2690,GDELT - Unknown,An Unlikely Party Mightve Just Negotiated A Ceasefire in the Iran Conflict,2026-04-08 01:00:00,4
2691,GDELT - Unknown,"Why Kharg Island matters to Iran , and why the U . S . is targeting it",2026-04-08 01:00:00,4
2692,GDELT - Unknown,"Iran Paksa AS Terima Kekalahan Bersejarah setelah 40 Hari Berperang , Ini 10 Poin Gencatan Senjata",2026-04-08 01:00:00,4
2693,GDELT - Unknown,La tregua con Estados Unidos es un respiro para que Irán juegue el Mundial Los Angeles y Seattle,2026-04-08 01:00:00,2
2694,GDELT - Unknown,"Trump recula y da otras dos semanas a Irán para reabrir Ormuz , anuncia un alto el fuego bilateral",2026-04-08 01:00:00,2
2695,GDELT - Unknown,Pakistan : Waffenruhe zwischen united states und Iran ab sofort,2026-04-08 01:00:00,6
2696,GDELT - Unknown,Pakar Militer Ini Sebut Israel Mungkin Serang Iran dengan Senjata Nuklir Taktis,2026-04-08 01:00:00,4
2697,GDELT - Unknown,Индия увеличивает импорт нефти из Венесуэлы на фоне перебоев с Ближнего Востока | MigNews - Новости Израиля и Мира на русском языке,2026-04-08 01:00:00,3
2698,GDELT - Unknown,أبخل خلق الله .. الصهاينة يستغلون صفارات الإنذار للهروب من المطاعم وعدم دفع  الحساب,2026-04-08 01:00:00,3
2699,GDELT - Unknown,John Ivison : Trump chief trade rep signals CUSMA is worth keeping,2026-04-08 01:00:00,4
2700,GDELT - Unknown,Перемирие между США и Ираном : последние новости,2026-04-08 01:00:00,3
2701,GDELT - Unknown,الدولار يقود فوضى الأسواق .. تراجع الجنيه يتسارع والنظام يجد في الحرب مبرراً جديداً للأزمة ؟!,2026-04-08 01:00:00,3
2702,GDELT - Unknown,Trump backs off Iran strikes for two - week ceasefire,2026-04-08 01:00:00,4
2703,GDELT - Unknown,В Axios назвали дату и место проведения переговоров США и Ирана,2026-04-08 00:45:00,3
2704,GDELT - Unknown,ULTIMÁTUM TRUMP IRÁN | El plazo de Trump a Irán para abrir el estrecho de Ormuz vence esta madrugada,2026-04-08 00:45:00,2
2705,GDELT - Unknown,"ইরানে হামলা থামিয়েছে আমেরিকা , যুদ্ধবিরতি শুরু",2026-04-08 00:45:00,3
2706,GDELT - Unknown,Easter staycations spike as people stay closer to home in  uncertain times,2026-04-08 00:45:00,3
2707,GDELT - Unknown,American journalist abducted off street corner in Iraq set free in exchange for 6 members of Iran - backed militia,2026-04-08 00:45:00,4
2708,GDELT - Unknown,Тегеран раскрыл свои предложения США и дату начала переговоров,2026-04-08 00:45:00,3
2709,GDELT - Unknown,The Gulf Digital Transformation,2026-04-08 00:45:00,3
2710,GDELT - Unknown,트럼프  2주 휴전 … 이란  10일 협상,2026-04-08 00:45:00,3
2711,GDELT - Unknown,[ 속보 ] 트럼프  이란 공습 2주 중단 … 호르무즈 개방이 전제,2026-04-08 00:45:00,3
2712,GDELT - Unknown,"Hackers pró - Irã violaram infraestrutura cibernética dos EUA , diz governo americano | Tribuna Online",2026-04-08 00:45:00,3
2713,GDELT - Unknown,트럼프  이란 공습 2주 중단 … 이란도 휴전안 동의,2026-04-08 00:45:00,3
2714,GDELT - Unknown,Nasdaq finishes slightly up amid hopes for Iran deadline extension,2026-04-08 00:45:00,4
2715,GDELT - Unknown,World News : Threat against population of Iran unacceptable says Pope,2026-04-08 00:45:00,4
2716,GDELT - Unknown,快訊 ／ 川普同意停火2週 ！ 伊朗外長 ： 2週內重啟荷莫茲海峽 | 國際 | 三立新聞網 SETN . COM,2026-04-08 00:45:00,3
2717,GDELT - Unknown,War with Iran and unravelling of the global order – I,2026-04-08 00:45:00,4
2718,GDELT - Unknown,NYT : Иран е приел споразумението със САЩ след намеса от Китай,2026-04-08 00:45:00,3
2719,GDELT - Unknown,Democratic lawmakers demand oversight on prediction markets and crackdown on wagers on war,2026-04-08 00:45:00,3
2720,GDELT - Unknown,Pakistán intenta frenar la escalada y propone una tregua de dos semanas entre EE UU e Irán,2026-04-08 00:45:00,2
2721,GDELT - Unknown,Trump claims regime change in Iran as analysts warn new leaders may be more brutal,2026-04-08 00:45:00,4
2722,GDELT - Unknown,XRP領跑加密貨幣市場 上週吸金逾2億美元顯資金流動趨勢,2026-04-08 00:45:00,3
2723,GDELT - Unknown,World News : Afghanistan and Pakistan hold  useful  talks in China,2026-04-08 00:45:00,3
2724,GDELT - Unknown,Were sinking  - Small business smashed with double price hike,2026-04-08 00:45:00,3
2725,GDELT - Unknown,美 - 이란 2주 휴전에 S & P 선물 2 % 상승 … WTI 100달러 하회 ( 종합 ),2026-04-08 00:45:00,3
2726,GDELT - Unknown,Oil prices make stunning plunge and stock futures surge after Trump steps back with two - week ceasefire,2026-04-08 00:45:00,3
2727,GDELT - Unknown,Tregua en Medio Oriente : Trump anunció un alto el fuego con Irán por dos semanas,2026-04-08 00:45:00,2
2728,GDELT - Unknown,伊朗公布通过巴基斯坦提交给美方的十点计划核心内容,2026-04-08 00:45:00,3
2729,GDELT - Unknown,Trump frena el ataque a Irán y abre una tregua de dos semanas,2026-04-08 00:45:00,2
2730,GDELT - Unknown,"Guerra in Iran , Trump : dalle minacce alla tregua . Stop a bombardamenti e attacchi per due settimane , Hormuz riapre . Ecco il piano in 10 punti di Teheran",2026-04-08 00:45:00,3
2731,GDELT - Unknown,В Иран правят живи вериги за защита на електроцентрали и мостове,2026-04-08 00:45:00,3
2732,GDELT - Unknown,Democratic lawmakers demand oversight on prediction markets and crackdown on wagers on war,2026-04-08 00:45:00,3
2733,GDELT - Unknown,Trump agrees to halt bombing of Iran for two weeks subject to strait reopening,2026-04-08 00:45:00,3
2734,GDELT - Unknown,How the Iran war is choking critical aid distribution around the world,2026-04-08 00:45:00,4
2735,GDELT - Unknown,Pakistan and JD Vance : 3 signals behind the last - ditch Iran push,2026-04-08 00:45:00,4
2736,GDELT - Unknown,Trump to delay Iran strike decision ; ceasefire talks emerge,2026-04-08 00:45:00,4
2737,GDELT - Unknown,"Oil prices plunge , US stock futures jump after Trump holds off on Iran threats for 2 weeks",2026-04-08 00:30:00,4
2738,GDELT - Unknown,Trump afirma que  toda la civilización de Irán morirá esta noche  si no llega a un acuerdo para abrir el Estrecho de Ormuz,2026-04-08 00:30:00,2
2739,GDELT - Unknown,"Russia , China Block Hormuz Action at UN as Shipping Crisis Continues",2026-04-08 00:30:00,3
2740,GDELT - Unknown,Petróleo despenca após Trump anunciar cessar - fogo no Irã,2026-04-08 00:30:00,3
2741,GDELT - Unknown,Irán confirmó el acuerdo para un alto el fuego de dos semanas con Estados Unidos y anunció la apertura del estrecho de Ormuz,2026-04-08 00:30:00,2
2742,GDELT - Unknown,ترامب يعلق الهجوم على إيران لأسبوعين وسط جهود دبلوماسية,2026-04-08 00:30:00,3
2743,GDELT - Unknown,Cijene nafte se strmoglavile,2026-04-08 00:30:00,3
2744,GDELT - Unknown,Trump backs off Iran strikes for two - week ceasefire,2026-04-08 00:30:00,4
2745,GDELT - Unknown,"청년들아 , 발전소로 모여라  이란 ,  인간 방패  로 대응",2026-04-08 00:30:00,3
2746,GDELT - Unknown,巴基斯坦总理谢里夫 ： 伊美双方停火生效,2026-04-08 00:30:00,3
2747,GDELT - Unknown,ทรัมป์งัดไม้ตาย  นิวเคลียร์  ขู่ปิดเกมอิหร่าน เดิมพันที่โลกต้องจ่าย,2026-04-08 00:30:00,3
2748,GDELT - Unknown,Colombia se abstuvo de votar resolución de la ONU que buscaba reabrir el Estrecho de Ormuz,2026-04-08 00:30:00,2
2749,GDELT - Unknown,İran İslamabadda ABD ile Müzakerelere 10 Nisanda Başlayacak | Mersin Haber,2026-04-08 00:30:00,3
2750,GDELT - Unknown,"Ambazonia , Macron & Palestine : Cameroon Crisis Spotlight",2026-04-08 00:30:00,3
2751,GDELT - Unknown,Gas prices reach highest point since start of Iran war,2026-04-29 01:00:00,7
2752,GDELT - Unknown,قراءة لحكومة ( التكنوقراط ) العراقية ؟ فهل تصطدم بمزاد مطرقة الأحزاب ببيع المناصب الوزارية والفيتو الامريكي ؟ – كتابات,2026-04-29 01:00:00,3
2753,GDELT - Unknown,Rising Energy Costs Push Eurozone Inflation Expectations Higher,2026-04-29 01:00:00,3
2754,GDELT - Unknown,King hails  truly unique  US - UK ties in Congress speech,2026-04-29 01:00:00,3
2755,GDELT - Unknown,Stalled Iranian negotiations restrain U . S . stock markets Tuesday,2026-04-29 01:00:00,3
2756,GDELT - Unknown,Wall Street cierra a la baja ; espera anuncio de la Fed y reportes de cuatro gigantes tecnológicos,2026-04-29 01:00:00,2
2757,GDELT - Unknown,"US consumer confidence inches higher in April despite Iran war , soaring gasoline prices",2026-04-29 01:00:00,4
2758,GDELT - Unknown,What is Opec+ and how does it affect oil prices ?,2026-04-29 01:00:00,3
2759,GDELT - Unknown,Carlos III corona su viaje a EE UU con un discurso histórico ante el Congreso,2026-04-29 01:00:00,3
2760,GDELT - Unknown,Iran Trump Pressure | Modi Women SP Congress ; IPS Ajay Pal Molestation Allegations,2026-04-29 01:00:00,4
2761,GDELT - Unknown,Formula 1 CEO says rescheduling one Middle East race is an option,2026-04-29 01:00:00,3
2762,GDELT - Unknown,战事60天 ， 美伊  不战不谈  还要僵多久,2026-04-29 01:00:00,3
2763,GDELT - Unknown,استشهاد 3 فلسطينيين في غارات إسرائيلية على غزة رغم استمرار وقف إطلاق النار,2026-04-29 01:00:00,3
2764,GDELT - Unknown,Oil companies make massive profits from imperialist war - Workers Revolutionary Party,2026-04-29 01:00:00,3
2766,GDELT - Unknown,US Defenseless Against Advanced Missiles Pentagons Big Admission Amid Iran War,2026-04-29 01:00:00,4
2767,GDELT - Unknown,Gas prices reach highest point since start of Iran war,2026-04-29 01:00:00,7
2768,GDELT - Unknown,عاجل .. سر  الخط الأصفر  في غزة .. أبو الغيط يفضح مخططا إسرائيليا خطيرا,2026-04-29 01:00:00,3
2769,GDELT - Unknown,"Агрессия США и Израиля против Ирана нанесла удар по ДНЯО , заявил Гатилов",2026-04-29 01:00:00,3
2770,GDELT - Unknown,"Construction costs have been remaining relatively stable , despite surging diesel prices - 29 - Apr - 2026",2026-04-29 01:00:00,3
2771,GDELT - Unknown,افزایش بهای نفت در پی نگرانی از سرنوشت مذاکرات تهران و واشنگتن,2026-04-29 01:00:00,3
2772,GDELT - Unknown,Will Iran war shake India flagship welfare schemes ? The finance ministry wants to find out,2026-04-29 01:00:00,4
2773,GDELT - Unknown,Ferguson addresses gas tax relief as prices hit record highs,2026-04-29 01:00:00,3
2774,GDELT - Unknown,Late - night buzz returns to Cairo as war - fuelled energy curbs ease,2026-04-29 01:00:00,3
2775,GDELT - Unknown,Επανέναρξη των πτήσεων Τεχεράνη - Μόσχα μετά από δίμηνη παύση λόγω του πολέμου,2026-04-29 01:00:00,3
2776,GDELT - Unknown,"Ontario gasoline , diesel prices expected to rise again",2026-04-29 01:00:00,3
2777,GDELT - Unknown,La inminente crisis alimentaria mundial se puede evitar,2026-04-29 01:00:00,2
2778,GDELT - Unknown,Gas prices reach highest point since start of Iran war,2026-04-29 01:00:00,7
2779,GDELT - Unknown,财闻早知道| OpenAI增长不及预期传闻致美科技股回调 五粮液年报延期公告,2026-04-29 01:00:00,3
2780,GDELT - Unknown,UAE OPEC Exit May not Hit Oil Market : Executives,2026-04-29 01:00:00,3
2781,GDELT - Unknown,"Explainer : What to know about UAE exit from OPEC , OPEC+ - Xinhua",2026-04-29 01:00:00,3
2783,GDELT - Unknown,"Az ember által gyártott dolgok mára meghaladták a Föld teljes biomasszáját , azaz az élő anyag tömegét !",2026-04-29 01:00:00,3
2784,GDELT - Unknown,Iran - united states prüfen Folgen von einseitiger Siegeserklärung,2026-04-29 01:00:00,6
2785,GDELT - Unknown,US Hits Iran  Shadow Banking  Network With New Sanctions,2026-04-29 01:00:00,3
2786,GDELT - Unknown,Trump says Merz  doesnt know what he talking about  on Iran,2026-04-29 01:00:00,4
2787,GDELT - Unknown,Late - night buzz returns to Cairo as war - fuelled energy curbs ease,2026-04-29 01:00:00,3
2788,GDELT - Unknown,〈 視点 〉 米 ・ イスラエルとイラン 神がかる民主主義国家 論説委員兼編集委員 ・ 田原牧 ： 東京新聞デジタル,2026-04-29 01:00:00,3
2789,GDELT - Unknown,"Trump nemet mondott Iránnak , nő a nukleáris kockázat , Európa nem enged – napi összefoglaló",2026-04-29 01:00:00,4
2790,GDELT - Unknown,"Trump , unhappy with latest peace proposal , says Iran  figuring out its leadership",2026-04-29 01:00:00,4
2791,GDELT - Unknown,Peace efforts stall as US examines latest Iran proposal,2026-04-29 01:00:00,4
2792,GDELT - Unknown,US - Benzinpreis steigt auf höchsten Stand seit Kriegsbeginn,2026-04-29 01:00:00,3
2793,GDELT - Unknown,Late - night buzz returns to Cairo as war - fuelled energy curbs ease,2026-04-29 01:00:00,3
2794,GDELT - Unknown,Иран постави два услови за прекин на блокадата на Ормутскиот теснец,2026-04-29 01:00:00,3
2795,GDELT - Unknown,"Д . Трамп заявил , что Иран хочет открытия Ормузского пролива _ Russian . news . cn",2026-04-29 01:00:00,3
2796,GDELT - Unknown,Trump Just Launched a New Crackdown on Iran Banking Network,2026-04-29 00:45:00,4
2797,GDELT - Unknown,Kingdom accelerates economic shift as Iran war tests regional resilience,2026-04-29 00:45:00,4
2798,GDELT - Unknown,The SSPX is now on a clear and direct collision course with Rome,2026-04-29 00:45:00,3
2799,GDELT - Unknown,Senate rejects attempt to end Trump blockade of Cuba,2026-04-29 00:45:00,3
2800,GDELT - Unknown,US ramps up pressure on Iran with sanctions on 35 shadow banking entities,2026-04-29 00:45:00,3
2801,GDELT - Unknown,"Wall Street : Consolide dans le sillage du SOXX (- 3 , 7 %)",2026-04-29 00:45:00,3
2802,GDELT - Unknown,Owners of house that Marilyn Monroe died in sue Los Angeles for landmarking their property,2026-04-29 00:45:00,3
2803,GDELT - Unknown,На юге Ливана погиб сотрудник израильской инженерной компании,2026-04-29 00:45:00,3
2804,GDELT - Unknown,GM Just Lost Another Billion Dollars On EVs,2026-04-29 00:45:00,3
2805,GDELT - Unknown,"ทองคำโลกหลุดระดับ 4 , 600 ดอลลาร์ วิตกสงครามอิหร่านดันเงินเฟ้อสูง",2026-04-29 00:45:00,3
2806,GDELT - Unknown,OIL PRESSURE MOUNTS : Reports Say U . S . Blockade Severely Disrupting Iran Exports – The Yeshiva World,2026-04-29 00:45:00,4
2807,GDELT - Unknown,Stalled Iranian negotiations restrain U . S . stock markets Tuesday,2026-04-29 00:45:00,3
2808,GDELT - Unknown,The Latest : King Charles visits Washington with hopes of restoring the US - UK relationship,2026-04-29 00:45:00,3
2809,GDELT - Unknown,"İngiltere Kralı III . Charles , ABD Kongresine hitap eden ilk İngiltere Kralı oldu",2026-04-29 00:45:00,3
2810,GDELT - Unknown,Gas prices reach highest point since start of Iran war,2026-04-29 00:45:00,7
2811,GDELT - Unknown,Chevron likely to close deal for Singapore refinery stake sale to Eneos in May,2026-04-29 00:45:00,3
2812,GDELT - Unknown,Netanyahu chamado à residência presidencial para negociar processo de corrupo,2026-04-29 00:45:00,3
2813,GDELT - Unknown,川观早8点丨中央政治局会议提出  六张网 ， 释放重要信号 ； 我国将对所有非洲建交国实施零关税 ； 伊朗或向巴基斯坦提交调整版谈判方案 （ 2026年4月29日 ）,2026-04-29 00:45:00,3
2814,GDELT - Unknown,Conflicto en Medio Oriente : volvieron a operar los vuelos entre Irán y Rusia luego de dos meses de interrupción por la guerra,2026-04-29 00:45:00,2
2815,GDELT - Unknown,阿联酋为什么退出欧佩克及  欧佩克+ ？_ 新浪科技 _ 新浪网,2026-04-29 00:45:00,3
2816,GDELT - Unknown,Bondi Beach victim concert canceled as Greek choir refuses to sing with Jews,2026-04-29 00:45:00,3
2817,GDELT - Unknown,"Moscú , dispuesto a contribuir a la resolución de la situación en torno a Irán",2026-04-29 00:45:00,2
2818,GDELT - Unknown,Travelers face sharp airfare increases as war in Iran drives fuel costs higher,2026-04-29 00:45:00,4
2819,GDELT - Unknown,První zprávy - Domácí - Petr Sak : Závislost,2026-04-29 00:45:00,3
2820,GDELT - Unknown,"Hormuzský průliv se možná znovu otevře , ale systém už se rozpadl | 29 . 4 . 2026",2026-04-29 00:45:00,3
2821,GDELT - Unknown,ترامب ينتقد ميرتس : ليس لديه فكرة عما يتحدث - بوابة الشروق,2026-04-29 00:45:00,3
2822,GDELT - Unknown,"트럼프 , 독일 총리 겨냥  이란 핵무기 인질 되길 원하나",2026-04-29 00:45:00,3
2823,GDELT - Unknown,UAE decision to leave OPEC shakes up alliance influencing oil prices,2026-04-29 00:45:00,3
2824,GDELT - Unknown,SHOCK POLL : Republicans and Democrats Deadlocked in Generic Ballot 6 Months Before Midterms,2026-04-29 00:45:00,3
2825,GDELT - Unknown,Economic Fury : US sanctions Iran 35,2026-04-29 00:45:00,3
2826,GDELT - Unknown,Iran Supreme Leader Mojtaba Khamenei is,2026-04-29 00:45:00,3
2828,GDELT - Unknown,Thailand strengthens inbound appeal as traveller flows shift to core Asian markets,2026-04-29 00:45:00,3
2829,GDELT - Unknown,Stalled Iranian negotiations restrain U . S . stock markets Tuesday,2026-04-29 00:45:00,3
2830,GDELT - Unknown,World News : Israeli attacks kill five in south Lebanon,2026-04-29 00:45:00,3
2831,GDELT - Unknown,"В США изучают , как Иран может воспринять объявление Трампа о победе",2026-04-29 00:45:00,3
2832,GDELT - Unknown,财经早报 ： 一夜间16家公司拟  戴帽  长线资金一季度持股逻辑曝光丨2026年4月29日,2026-04-29 00:45:00,3
2833,GDELT - Unknown,Gas prices reach highest point since start of Iran war,2026-04-29 00:45:00,7
2834,GDELT - Unknown,O companie vrea să facă o afacere globală . Mutare pe placul lui Trump : Vine în SUA și bagă zeci de miliarde de dolari,2026-04-29 00:45:00,4
2835,GDELT - Unknown,IRGC Navy to confront any fresh American aggression with surprise tactics : Official,2026-04-29 00:45:00,3
2836,GDELT - Unknown,정전기 원천차단  초정밀 수작업 … K방산의 힘은  무결점 공정  [ 심층기획 ],2026-04-29 00:45:00,3
2837,GDELT - Unknown,US - Benzinpreis steigt auf höchsten Stand seit Kriegsbeginn,2026-04-29 00:45:00,3
2838,GDELT - Unknown,"日유조선 , 62일만에 호르무즈 첫 탈출 … 통행료도 안냈다",2026-04-29 00:45:00,3
2839,GDELT - Unknown,"Η Ουκρανία ανοίγει τις εξαγωγές των όπλων της , κυρίως των drones , αλλά όχι σε όλες τις χώρες",2026-04-29 00:45:00,3
2840,GDELT - Unknown,"Usa - Gb , Re Carlo :  Relazioni più importanti che mai",2026-04-29 00:45:00,3
2841,GDELT - Unknown,Trumptan Merze :  Ne hakkında konuştuğunu bilmiyor,2026-04-29 00:45:00,3
2842,GDELT - Unknown,Даже не думайте ! В США раскрыли детали бунта генералов против Трампа,2026-04-29 00:45:00,3
2843,GDELT - Unknown,Mercados caen ante reunión de la Fed ; petróleo cerca de los 100 dólares,2026-04-29 00:45:00,2
2844,GDELT - Unknown,"Mariana Mazzucato :  Los años de hegemonía de Estados Unidos han terminado , estamos viendo el final del Imperio Romano  | Economía",2026-04-29 00:45:00,2
2845,GDELT - Unknown,Samuel Poulin fait le point sur ses grands dossiers en Beauce,2026-04-29 00:45:00,3
2846,GDELT - Unknown,"У США вивчають , як Іран може сприйняти оголошення Трампа про перемогу",2026-04-29 00:45:00,3
2847,GDELT - Unknown,Bahrain News : Summit focus on pressing issues,2026-04-29 00:45:00,3
2848,GDELT - Unknown,Woodside Energy 1Q Revenue Rises as Middle East Conflict Fires Up Prices,2026-04-29 00:45:00,3
2849,GDELT - Unknown,"교착 상태에 빠진 전쟁 협상 … 원 · 달러 환율 , 1470원대 박스권 [ 외환브리핑 ]",2026-04-29 00:45:00,3
2850,GDELT - Unknown,Трамп в ярости от канцлера Германии,2026-04-29 00:45:00,3
2851,GDELT - Unknown,UAE decision to leave OPEC shakes up alliance influencing oil prices,2026-04-29 00:45:00,3
2852,GDELT - Unknown,Jutarnji list - Ministar Tomo Medved najavio gradnju braniteljskog centra u Imotskom,2026-04-29 00:45:00,3
2853,GDELT - Unknown,Francouzský výzkumník rozluštil 4 000 let staré elamitské písmo z Íránu | 29 . 4 . 2026,2026-04-29 00:45:00,3
2854,GDELT - Unknown,Justiça condena Zé Maria do PSTU a 2 anos de prisão por racismo,2026-04-29 00:45:00,3
2855,GDELT - Unknown,"NATO chce zrušit výroční summity , aby se vyhnulo konfrontaci s Trumpem | 29 . 4 . 2026",2026-04-29 00:45:00,3
2856,GDELT - Unknown,"찰스 3세 , 美의회서  나토 중요성  역설 … 트럼프 우회 비판",2026-04-29 00:45:00,3
2857,GDELT - Unknown,United in our commitment : King Charle addresses Congress,2026-04-29 00:45:00,3
2858,GDELT - Unknown,"Ipsos poll on global attitudes to Iran war finds most New Zealanders oppose conflict , fear fallout",2026-04-29 00:45:00,4
2859,GDELT - Unknown,Bahrain News : NIHR documents attacks on Bahrain,2026-04-29 00:45:00,3
2860,GDELT - Unknown,Why Im still a Zionist 25 years later | The Jerusalem Post,2026-04-29 00:45:00,3
2861,GDELT - Unknown,La Compaa y la política nacional - La Jornada San Luis,2026-04-29 00:45:00,2
2862,GDELT - Unknown,King Charles III Delivers Rare Address To Joint Session Of Congress,2026-04-29 00:45:00,3
2863,GDELT - Unknown,"Gas Is Up 33 % From A Year Ago , And Diesel Is Closing In On Its All - Time High",2026-04-29 00:45:00,3
2864,GDELT - Unknown,Economic Fury : US sanctions Iran 35,2026-04-29 00:45:00,3
2865,GDELT - Unknown,Trump attacks German chancellor over criticism of US aggression against Iran,2026-04-29 00:45:00,4
2866,GDELT - Unknown,Stella Calloni : Basta de protestos e comunicados ; defender Cuba exige ao !,2026-04-29 00:45:00,3
2867,GDELT - Unknown,"Генералы у руля : Reuters раскрыл , кто на самом деле управляет Ираном после гибели Хаменеи",2026-04-29 00:45:00,3
2868,GDELT - Unknown,"Dólar fecha em queda de 0 , 01 % e Bolsa cai com  superquarta  e com guerra no Irã no radar",2026-04-29 00:45:00,3
2869,GDELT - Unknown,Король против F - 35 : Карл III в Конгрессе США бросил вызов « бумажному тигру » и уничтожил позиции Трампа,2026-04-29 00:45:00,3
2870,GDELT - Unknown,El Gobierno incrementó la tasa de seguridad aeroportuaria y los vuelos en avión serán más caros,2026-04-29 00:45:00,2
2871,GDELT - Unknown,"Trump family crypto empire : Billions in suspicious gains , zero accountability – NaturalNews . com",2026-04-29 00:45:00,3
2872,GDELT - Unknown,US Hits Iran  Shadow Banking  Network With New Sanctions,2026-04-29 00:45:00,3
2873,GDELT - Unknown,US Senate blocks bid to prevent Trump from military action against Cuba,2026-04-29 00:45:00,3
2874,GDELT - Unknown,Trump Extends Iran Ceasefire ; Selnick Cites Lack of Negotiating Partners – NaturalNews . com,2026-04-29 00:45:00,4
2875,GDELT - Unknown,US military says it boarded cargo ship suspected of heading to Iran during blockade but released it,2026-04-29 00:45:00,4
2876,GDELT - Unknown,Iran is battered . But its leaders think Trump will blink first .,2026-04-29 00:45:00,4
2877,GDELT - Unknown,Stalled Iranian negotiations restrain U . S . stock markets Tuesday,2026-04-29 00:45:00,3
2878,GDELT - Unknown,Штати запровадили санкції проти тіньової банківської мережі Ірану,2026-04-29 00:45:00,3
2879,GDELT - Unknown,"Shock nelle fabbriche | i prezzi industriali volano del 4 , 4 %",2026-04-29 00:45:00,3
2880,GDELT - Unknown,Účet byl vystaven Evropě . Zaplatí všichni kromě Washingtonu | 29 . 4 . 2026 | Adam Svoboda,2026-04-29 00:45:00,3
2881,GDELT - Unknown,King Charles highlights US - UK bond in speech to Congress noting  times of great uncertainty,2026-04-29 00:45:00,3
2882,GDELT - Unknown,Senate rejects attempt to end Trump blockade of Cuba,2026-04-29 00:45:00,3
2883,GDELT - Unknown,Senate rejects attempt to end Trump blockade of Cuba,2026-04-29 00:45:00,3
2884,GDELT - Unknown,UAE decision to leave OPEC shakes up alliance influencing oil prices,2026-04-29 00:45:00,3
2885,GDELT - Unknown,Gas prices reach highest point since start of Iran war,2026-04-29 00:45:00,7
2886,GDELT - Unknown,trump y merz : nuevos cruces por irán y la estrategia en la otan,2026-04-29 00:45:00,2
2887,GDELT - Unknown,Трамп заявил о кризисе в Иране и просьбе открыть Ормуз | MigNews - Новости Израиля и Мира на русском языке,2026-04-29 00:45:00,3
2888,GDELT - Unknown,"UAE , OPEC 탈퇴 … 사우디 균열 속  친미 안보 · 석유 전략  전환",2026-04-29 00:45:00,3
2889,GDELT - Unknown,رویترز : ‌ هزینه‌های سیاسی جنگ ایران برای دولت آمریکا ، « فوق‌العاده » زیاد شده است,2026-04-29 00:45:00,3
2890,GDELT - Unknown,"Annastacia Palaszczuk The Politics of Being Me Book : The  tense , intimidating  COVID - 19 phone between Morrison and then - Queensland premier Palaszczuk",2026-04-29 00:45:00,3
2891,GDELT - Unknown,У Трампа обвал рейтинга,2026-04-29 00:45:00,3
2892,GDELT - Unknown,Не более двух недель : ультиматум Израиля Ливану,2026-04-29 00:45:00,3
2893,GDELT - Unknown,Agentes en Chihuahua : La presencia de la CIA y la presión sobre los políticos corruptos abren un nuevo bache en la relación bilateral,2026-04-29 00:45:00,2
2894,GDELT - Unknown,Ταινίες της εβδομάδας : Ο διάβολος συνεχίζει να φοράει Prada ... ( video ),2026-04-29 00:45:00,3
2895,GDELT - Unknown,Woodside Energy 1Q Revenue Rises as Middle East Conflict Fires Up Prices Update,2026-04-29 00:45:00,3
2896,GDELT - Unknown,芯片半导体集体暴跌 ！_ 新浪财经 _ 新浪网,2026-04-29 00:45:00,3
2897,GDELT - Unknown,Rising Energy Costs Push Eurozone Inflation Expectations Higher,2026-04-29 00:45:00,3
2898,GDELT - Unknown,Karachi residents store gas in balloons for cooking amid fuel shortage,2026-04-29 00:45:00,3
2899,GDELT - Unknown,Δελτίο ειδήσεων στις 03 : 00,2026-04-29 00:45:00,0
2900,GDELT - Unknown,United in our commitment : King Charle addresses Congress,2026-04-29 00:45:00,3
2901,GDELT - Unknown,US Hits Iran  Shadow Banking  Network With New Sanctions,2026-04-29 00:45:00,3
2902,GDELT - Unknown,U . S . Consumer Confidence Edges Up in April Despite Rising Iran War Concerns,2026-04-29 00:45:00,4
2903,GDELT - Unknown,King Charles III Delivers Rare Address To Joint Session Of Congress,2026-04-29 00:45:00,3
2904,GDELT - Unknown,"« Драматический момент »: ОАЭ выходят из ОПЕК , обрушивая нефтяной картель",2026-04-29 00:45:00,3
2905,GDELT - Unknown,King Charles III Delivers Rare Address To Joint Session Of Congress | News Radio 1410 AM & 100 . 9 FM,2026-04-29 00:45:00,3
2906,GDELT - Unknown,Trump asegura que Alemania no « tiene idea » lo que pasa en Irán,2026-04-29 00:45:00,2
2907,GDELT - Unknown,Oil Prices Rise as U . S .- Iran Tensions Disrupt Strait of Hormuz Shipping – NaturalNews . com,2026-04-29 00:45:00,9
2908,GDELT - Unknown,"Harga BBM Naik di April 2026 , Cek Daftar Terbarunya Hari Ini 29 April : Okezone Economy",2026-04-29 00:45:00,3
2909,GDELT - Unknown,Economic Fury : US sanctions Iran 35  shadow banking  architecture,2026-04-29 00:45:00,3
2910,GDELT - Unknown,Donald Trump administration officials both quoting and misquoting the Bible,2026-04-29 00:45:00,3
2911,GDELT - Unknown,UAE Exits OPEC : What It Means for Global Oil Markets,2026-04-29 00:45:00,3
2912,GDELT - Unknown,Сумасшедший дом в Брюсселе : прозападные эксперты бьют тревогу из - за новой выходки ЕС,2026-04-29 00:45:00,3
2913,GDELT - Unknown,青年早新闻 | 12米 ， 霸王龙化石首次现身中国大陆,2026-04-29 00:45:00,3
2914,GDELT - Unknown,King hails  truly unique  US - UK ties in Congress speech,2026-04-29 00:45:00,3
2915,GDELT - Unknown,Three Democrats vie for nomination in potentially winnable 6th District,2026-04-29 00:45:00,3
2916,GDELT - Unknown,"Trump Says Iran in  State of Collapse , Wants US to Open Strait",2026-04-29 00:45:00,4
2917,GDELT - Unknown,Europa și SUA se îndreaptă spre ruptură . Prezența a 85 . 000 de militari americani posibil să se încheie,2026-04-29 00:45:00,3
2918,GDELT - Unknown,El poder militar no garantiza la victoria : embajador iraní exige fin de ataques y negociación  justa  para la paz,2026-04-29 00:45:00,2
2919,GDELT - Unknown,"Congress MP Shashi Tharoor meets Iran Ambassdor to India Mohammad Fathali , discusses  prospects for peace",2026-04-29 00:45:00,4
2920,GDELT - Unknown,باتفاق جديد .. ذكاء غوغل ينضم للبنتاغون وسط اعتراض من موظفيها,2026-04-29 00:45:00,3
2921,GDELT - Unknown,Senate rejects attempt to end Trump blockade of Cuba,2026-04-29 00:45:00,3
2922,GDELT - Unknown,Rising Energy Costs Push Eurozone Inflation Expectations Higher,2026-04-29 00:45:00,3
2923,GDELT - Unknown,Gas prices reach highest point since start of Iran war,2026-04-29 00:45:00,7
2924,GDELT - Unknown,"일본행 유조선 , 호르무즈 첫 통과 … 봉쇄 해제 여부에 중요한 신호",2026-04-29 00:45:00,3
2925,GDELT - Unknown,"With no radical footprint , what drove suspect to try and assassinate Trump ?",2026-04-29 00:45:00,3
2926,GDELT - Unknown,The $39 trillion national debt just got its own version of the viral Doomsday essay,2026-04-29 00:45:00,3
2927,GDELT - Unknown,Δελτίο ειδήσεων στη 01 : 00,2026-04-29 00:45:00,0
2928,GDELT - Unknown,مجلس الشيوخ الأمريكي يرفض تشريعا لتقييد صلاحيات ترامب بشأن كوبا,2026-04-29 00:45:00,3
2929,GDELT - Unknown,"With no radical footprint , what drove suspect to try and assassinate Trump ?",2026-04-29 00:45:00,3
2930,GDELT - Unknown,April 28 : Iran bolsters regional position with Strait of Hormuz control as US strategy falters,2026-04-29 00:45:00,9
2931,GDELT - Unknown,EU analiza propuesta de Irán para reabrir el estrecho de Ormuz,2026-04-29 00:45:00,2
2932,GDELT - Unknown,Iran uvodi veštačku inteligenciju u pomorske mine u Ormuskom moreuzu,2026-04-29 00:45:00,4
2933,GDELT - Unknown,"Λίβανος : Οκτώ νεκροί , μεταξύ των οποίων τρεις διασώστες από ισραηλινά πλήγματα",2026-04-29 00:45:00,3
2934,GDELT - Unknown,Cena ropy je na maximu za poslední tři týdny | 29 . 4 . 2026,2026-04-29 00:45:00,3
2935,GDELT - Unknown,"Times Of Great Uncertainty : King Charles III Addresses Congress , Emphasizing U . S .- U . K . Bond Amid Political Turmoil – The Yeshiva World",2026-04-29 00:45:00,3
2936,GDELT - Unknown,King Charles III addresses Congress in high - stakes show of US - UK unity,2026-04-29 00:45:00,3
2937,GDELT - Unknown,ราคาน้ำมันดิบรักษาระดับขาขึ้น ลอยตัวสูง 100 - 111 ดอลลาร์ / บาร์เรล,2026-04-29 00:45:00,3
2938,GDELT - Unknown,СМИ : В США рассматривают вариант объявления о завершении войны с Ираном,2026-04-29 00:45:00,3
2939,GDELT - Unknown,US - Benzinpreis steigt auf höchsten Stand seit Kriegsbeginn - Wirtschaft,2026-04-29 00:45:00,3
2940,GDELT - Unknown,ABDden İran yaptırımlarının delinmesine yardım iddiasıyla 35 kişi ve kuruluşa yaptırım,2026-04-29 00:45:00,3
2941,GDELT - Unknown,Iran - Krieg : united states prüfen offenbar Folgen einer einseitigen Siegeserklärung,2026-04-29 00:45:00,6
2942,GDELT - Unknown,MidiaNews | AL cobra solues para reduzir preço de combustíveis em MT,2026-04-29 00:45:00,3
2943,GDELT - Unknown,Petróleo de Texas sube un 3 . 7 % y roza los 100 dólares el barril,2026-04-29 00:45:00,3
2944,GDELT - Unknown,Trump critica chanceler alemão por dizer que Irã estava  humilhando  os EUA nas negociaes,2026-04-29 00:45:00,3
2945,GDELT - Unknown,تراجع الذهب العالمي في ظل جمود محادثات السلام بين أمريكا وإيران واستمرار إغلاق مضيق هرمز,2026-04-29 00:45:00,3
2946,GDELT - Unknown,Війна на Близькому Сході – Трамп може оголосити про перемогу над Іраном та завершити війну,2026-04-29 00:45:00,3
2947,GDELT - Unknown,Israel ultimatum for a deal in Lebanon | Israel National News,2026-04-29 00:45:00,3
2948,GDELT - Unknown,La guerra de Irán provocará el mayor aumento de los precios de la energía en cuatro años,2026-04-29 00:45:00,2
2949,GDELT - Unknown,Δελτίο ειδήσεων στις 02 : 00,2026-04-29 00:45:00,0
2950,GDELT - Unknown,ترمب يمازح الملك تشارلز .. أمي كانت معجبة بك,2026-04-29 00:45:00,3
2951,GDELT - Unknown,Liberals table first fiscal document in seven years that wont need opposition votes,2026-04-29 00:45:00,3
2952,GDELT - Unknown,"With no radical footprint , what drove suspect to try and assassinate Trump ?",2026-04-29 00:45:00,3
2953,GDELT - Unknown,"Buena licitación y dólar tranquilo , con el riesgo 100 puntos más alto que hace 3 meses",2026-04-29 00:45:00,2
2954,GDELT - Unknown,Democrats put new focus on affordability ahead of midterm elections,2026-04-29 00:45:00,3
2955,GDELT - Unknown,King Charles III Delivers Rare Address To Joint Session Of Congress,2026-04-29 00:45:00,3
2956,GDELT - Unknown,Stalled Iranian negotiations restrain U . S . stock markets Tuesday,2026-04-29 00:45:00,3
2957,GDELT - Unknown,US Senate blocks bid to prevent Trump from military action against Cuba,2026-04-29 00:45:00,3
2958,GDELT - Unknown,Merz : united states jsou v íránském konfliktu  ponížené  a postrádají strategii | 29 . 4 . 2026,2026-04-29 00:45:00,6
2959,GDELT - Unknown,Lululemon founder has advised company rivals - The Boston Globe,2026-04-29 00:45:00,3
2960,GDELT - Unknown,مجلس الشيوخ الأمريكي يرفض تشريعا لتقييد صلاحيات ترامب بشأن كوبا,2026-04-29 00:45:00,3
2961,GDELT - Unknown,Dow Jones Top Company Headlines at 7 PM ET : Starbucks Says Its Sales Rebound Is Gaining Momentum | Visa ...,2026-04-29 00:45:00,3
2962,GDELT - Unknown,ทรัมป์ไม่พอใจข้อเสนอล่าสุด อิหร่านอ้างเป็น  รัฐล้มเหลว,2026-04-29 00:45:00,3
2963,GDELT - Unknown,Ataques en Líbano dejan al menos ocho muertos pese a alto el fuego,2026-04-29 00:45:00,2
2964,GDELT - Unknown,Trump unter Druck : Benzinpreis steigt auf höchsten Stand seit Kriegsbeginn,2026-04-29 00:45:00,3
2965,GDELT - Unknown,Cairo night buzz returns as war - driven energy controls loosen,2026-04-29 00:45:00,3
2966,GDELT - Unknown,"With no radical footprint , what drove suspect to try and assassinate Trump ?",2026-04-29 00:45:00,3
2967,GDELT - Unknown,US Hits Iran  Shadow Banking  Network With New Sanctions,2026-04-29 00:30:00,3
2968,GDELT - Unknown,Nikkei : Япония не платила Ирану за проход танкера через Ормузский пролив,2026-04-29 00:30:00,3
2969,GDELT - Unknown,"With no radical footprint , what drove suspect to try and assassinate Trump ?",2026-04-29 00:30:00,3
2970,GDELT - Unknown,阿拉伯聯合大公國為何退出OPEC ？ 華爾街日報 ： 美國頁岩油和伊朗戰爭 | 國際,2026-04-29 00:30:00,3
2971,GDELT - Unknown,UAE decision to leave OPEC shakes up alliance influencing oil prices,2026-04-29 00:30:00,3
2972,GDELT - Unknown,US Hits Iran  Shadow Banking  Network With New Sanctions,2026-04-29 00:30:00,3
2973,GDELT - Unknown,Stalled Iranian negotiations restrain U . S . stock markets Tuesday,2026-04-29 00:30:00,3
2974,GDELT - Unknown,Economic Fury : US sanctions Iran 35,2026-04-29 00:30:00,3
2975,GDELT - Unknown,听鉴世界｜能源价格飙升 欧洲多国民众掀起太阳能设备采购热,2026-04-29 00:30:00,3
2976,GDELT - Unknown,Senate rejects attempt to end Trump blockade of Cuba,2026-04-29 00:30:00,3
2977,GDELT - Unknown,"Hürmüz Boğazı açmazı , ABD - İran - YENİ ASYA",2026-04-29 00:30:00,3
2978,GDELT - Unknown,"Le NIESR sabre ses prévisions de croissance pour le Royaume - Uni , plombé par le conflit iranien et linflation",2026-04-29 00:30:00,3
2979,GDELT - Unknown,将全面涨价 ！ 中东战火要  烧  到衣柜了 ？,2026-04-29 00:30:00,3
2980,GDELT - Unknown,Πέντε Παλαιστίνιοι νεκροί στη Γάζα μετά από ισραηλινές αεροπορικές επιδρομές,2026-04-29 00:30:00,3
2981,GDELT - Unknown,"Petrolio , terremoto sul mercato : Emirati via dallOpec . Abu Dhabi pronta ad aumentere la produzione",2026-04-29 00:30:00,2
2982,GDELT - Unknown,"Trump threats to hit Iran infrastructure against international law , UN is silent : Deputy Representative of the Office of the Supreme Leader",2026-04-29 00:30:00,4
2983,GDELT - Unknown,"U . S . consumer confidence inches higher in April despite Iran war , soaring gasoline prices",2026-04-29 00:30:00,4
2984,GDELT - Unknown,EL DÍA - Noticias de Bolivia para el mundo,2026-04-29 00:30:00,2
2985,GDELT - Unknown,King Charles III Delivers Rare Address To Joint Session Of Congress,2026-04-29 00:30:00,3
2986,GDELT - Unknown,US - Benzinpreis steigt auf höchsten Stand seit Kriegsbeginn,2026-04-29 00:30:00,3
2987,GDELT - Unknown,A po rrezikohet shpërbërja e OPEC - ut pas lëvizjes së Emirateve ?,2026-04-29 00:30:00,3
2988,GDELT - Unknown,Diplomacy vs . Direct Messaging : The Growing Gap in US - Iran Peace Talks,2026-04-29 00:30:00,4
2989,GDELT - Unknown,Every Country Can Play A Role : Iran Supreme Leader Deputy Urges Collective Effort To Resolve West Asia Conflict,2026-04-29 00:30:00,3
2990,GDELT - Unknown,Ibovespa fecha em queda com declínio de preços do minério de ferro e tensão no Oriente Médio,2026-04-29 00:30:00,3
2991,GDELT - Unknown,"Trump praises King , calls Britain America closest friend",2026-04-29 00:30:00,3
2992,GDELT - Unknown,رويترز : ضغوط هائلة على ترامب لإنهاء الحرب مع إيران وإعلان النصر من جانب واحد,2026-04-29 00:30:00,3
2993,GDELT - Unknown,Quei sospetti su Hegseth : non dice tutta la verità a Trump ?,2026-04-29 00:30:00,2
2994,GDELT - Unknown,"EUA avaliam novos ataques ao Irã , diz agência",2026-04-29 00:30:00,3
2995,GDELT - Unknown,"Fujaira , un oasis petrolero frente al bloqueo de EEUU :  Seguimos saliendo al mar , pero lo hacemos con miedo",2026-04-29 00:30:00,3
2996,GDELT - Unknown,King Charles Speech to Congress Delivers Pointed Messages to Trump,2026-04-29 00:30:00,3
2997,GDELT - Unknown,Νέα Ισραηλινή αεροπορική επιδρομή στον νότιο Λίβανο - 2 νεκροί και 15 τραυματίες,2026-04-29 00:30:00,3
2998,GDELT - Unknown,Middle East Business : UAE withdraws from Opec raising strategic questions,2026-04-29 00:30:00,3
2999,GDELT - Unknown,International Business : World Bank forecasts 24pc rise in energy prices,2026-04-29 00:30:00,3
3000,GDELT - Unknown,The Evolution of Trump Corruption,2026-04-29 00:30:00,4
