id,source,title,published_at,cluster
1,GDELT - Unknown,جريدة الرياض | النفط يواصل مكاسبه مع تلاشي مخاوف تنامي فائض المعروض,2025-10-08 01:00:00,0
2,GDELT - Unknown,Війна в Україні - коли Путіна можуть усунути від влади,2025-10-08 01:00:00,1
3,GDELT - Unknown,Trump Honors Hostage Families at WH to Mark Oct . 7,2025-10-08 00:45:00,2
4,GDELT - Unknown,אחרי שמתחה ביקורת נגד נתניהו : אנגלה מרקל תגיע לביקור בישראל,2025-10-08 00:45:00,3
5,GDELT - Unknown,"Two years on , local Jewish leader , activist reflect on Oct . 7 attack , call for end to war",2025-10-08 00:45:00,3
6,GDELT - Unknown,Experts anonymous,2025-10-08 00:45:00,0
7,GDELT - Unknown,"Pasadena Jewish Temple celebrates Sukkot , a time of joy , amid Eaton fire recovery",2025-10-08 00:45:00,0
8,GDELT - Unknown,Михаил Виноградов : Фактор выживаемости губернатора всегда один,2025-10-08 00:45:00,0
9,GDELT - Unknown,Hamas reaffirms  the right to resist  Zionists - Workers Revolutionary Party,2025-10-08 00:45:00,3
10,GDELT - Unknown,7 Ekim saldırıları sonrası İsrailden ayrılan ve ülkeye g eden iki ailenin hikayesi,2025-10-08 00:45:00,3
11,GDELT - Unknown,"Zeynel Abidin Özkan , Sumud Filosu ile Ankaraya Döndü",2025-10-08 00:45:00,0
12,GDELT - Unknown,"The costs of Israel longest war , for Israelis",2025-10-08 00:45:00,3
13,GDELT - Unknown,Иностранные наемники Россия может привлечь на войну с Украиной до 25 тысяч граждан Кубы,2025-10-08 00:45:00,1
14,GDELT - Unknown,Σαν σήμερα 8 Οκτωβρίου,2025-10-08 00:45:00,0
15,GDELT - Unknown,"El presidente Javier Milei , entre la política y el rock : un show surrealista en plena tormenta política y económica en Argentina",2025-10-08 00:45:00,0
16,GDELT - Unknown,What are the Trump admin next steps in the Gaza peace plan ?,2025-10-08 00:45:00,3
17,GDELT - Unknown,What are the Trump admin next steps in the Gaza peace plan ?,2025-10-08 00:45:00,3
18,GDELT - Unknown,"Bologna , tensione durante manifestazione Giovani Palestinesi : idranti e cariche Polizia • Vivere San Benedetto notizie per la città e il territorio",2025-10-08 00:45:00,3
19,GDELT - Unknown,Peters critical of extremist Zionist MPs,2025-10-08 00:45:00,3
20,GDELT - Unknown,French PM resigns after just 3 weeks ! – hundreds of thousands of workers march against cuts,2025-10-08 00:45:00,0
21,GDELT - Unknown,دوفيلبان .. خصم أميركا وخصيم إسرائيل الذي صفق له مجلس الأمن طويلا,2025-10-08 00:45:00,3
22,GDELT - Unknown,"The costs of Israel longest war , for Israelis",2025-10-08 00:45:00,3
23,GDELT - Unknown,"סשה טרופנוב :  לפי האגדה עוף החול נשרף , הופך לאפר - וקם לתחייה . זה אני",2025-10-08 00:45:00,0
24,GDELT - Unknown,Ankarada gençlerden Filistin eylemi,2025-10-08 00:45:00,3
25,GDELT - Unknown,"The costs of Israel longest war , for Israelis",2025-10-08 00:45:00,3
26,GDELT - Unknown,A transformative president : Canadian PM Carney praises Trump during Oval Office talks,2025-10-08 00:45:00,2
27,GDELT - Unknown,Israel government calls Zohran Mamdani  mouthpiece for Hamas,2025-10-08 00:45:00,3
28,GDELT - Unknown,"The costs of Israel longest war , for Israelis",2025-10-08 00:45:00,3
29,GDELT - Unknown,A divided Israel marks 2 years since Oct . 7 attack as war in Gaza grinds on and hostages languish,2025-10-08 00:45:00,3
30,GDELT - Unknown,A divided Israel marks two years since October 7 attack,2025-10-08 00:45:00,3
31,GDELT - Unknown,"The costs of Israel longest war , for Israelis",2025-10-08 00:45:00,3
32,GDELT - Unknown,My Apology to Winston Peters and my response to Sean Plunkett,2025-10-08 00:45:00,0
33,GDELT - Unknown,Local voices of grief and hope on October 7 anniversary,2025-10-08 00:45:00,0
34,GDELT - Unknown,Israel marks 2 years since Hamas attacks as peace talks offer glimmer of hope,2025-10-08 00:45:00,3
35,GDELT - Unknown,Trump repeats joke about Canada as,2025-10-08 00:45:00,2
36,GDELT - Unknown,Jahrestag des Hamas - Massakers : Israels Nacht der Erinnerung,2025-10-08 00:45:00,3
37,GDELT - Unknown,Pope Leo and world churche head rue two years of pain since Oct . 7 Hamas attack,2025-10-08 00:45:00,3
38,GDELT - Unknown,"The costs of Israel longest war , for Israelis",2025-10-08 00:45:00,3
39,GDELT - Unknown,"October 7 , 2025 - PBS News Hour full episode",2025-10-08 00:45:00,0
40,GDELT - Unknown,مشكلات الكهرباء « المستفحلة » تعكس تردي أوضاع الشرق الأوسط,2025-10-08 00:45:00,0
41,GDELT - Unknown,California Gov . Gavin Newsom signs law aimed at fighting antisemitism in schools,2025-10-08 00:45:00,0
42,GDELT - Unknown,Greta Thunberg claims she was tortured in Israeli prison during Gaza flotilla detainment,2025-10-08 00:45:00,3
43,GDELT - Unknown,Latest Articles,2025-10-08 00:45:00,0
44,GDELT - Unknown,"Dua Tahun Topan al - Aqsa , Mitos Israel Berguguran",2025-10-08 00:45:00,3
45,GDELT - Unknown,Major GPS Disruption Reported in Gulf Region,2025-10-08 00:45:00,0
46,GDELT - Unknown,新一轮巴以冲突两周年 ： 中东乱局的困境与前路 _ 新闻频道 _ 中国青年网,2025-10-08 00:45:00,0
47,GDELT - Unknown,"Jews this week are celebrating Sukkot , a seven - day holiday intended as a time of joy",2025-10-08 00:45:00,0
48,GDELT - Unknown,رئيس وزراء قطر يشارك بمفاوضات السلام بغزة في مصر 2025,2025-10-08 00:45:00,3
49,GDELT - Unknown,Minervagracht Crew Member Dies,2025-10-08 00:45:00,0
50,GDELT - Unknown,تقرير إخباري :  محادثات غزة  تتواصل في مصر وسط جهود مكثفة للتوصل إلى  اتفاق واضح,2025-10-08 00:45:00,3
51,GDELT - Unknown,PSNA joins condemnation of attack on Peter home,2025-10-08 00:45:00,0
52,GDELT - Unknown,Diputadas chocan por homenajes para víctimas israelíes y palestinas,2025-10-08 00:45:00,3
53,GDELT - Unknown,"The costs of Israel longest war , for Israelis",2025-10-08 00:45:00,3
54,GDELT - Unknown,Community vigil marks two years after Hamas attack on Israel,2025-10-08 00:45:00,3
55,GDELT - Unknown,رئيس وفد حماس المفاوض : الاحتلال ينكث وعوده بشأن وقف الحرب ويجب وجود ضمانات بانتهاء العدوان,2025-10-08 00:45:00,3
56,GDELT - Unknown,"Мелоні , Таяні , Кросетто і Чінголані звинувачують у МКС через дії Ізраїлю в Газі",2025-10-08 00:45:00,3
57,GDELT - Unknown,Disaster written all over it : Police urge court to block Opera House protest,2025-10-08 00:45:00,0
58,GDELT - Unknown,"Hamas :  İsrail daha önceki taahhütlerini yerine getirmedi , saldırıların durması için gerçek güvenceler istiyoruz",2025-10-08 00:45:00,3
59,GDELT - Unknown,Noblesse Oblige ?,2025-10-08 00:45:00,0
60,GDELT - Unknown,"Tuesday marks second anniversary of Oct . 7 , 2023 Hamas attacks",2025-10-08 00:45:00,3
61,GDELT - Unknown,دومین سالگرد حملات هفتم اکتبر ؛ نتانیاهو : محور ایران را در هم کوبیدیم ، چهره خاورمیانه را تغییر دادیم,2025-10-08 00:45:00,1
62,GDELT - Unknown,"As Israelis Mourn Two Years Since Oct . 7 , Houthis Attack Eliat With At Least 4 Drones",2025-10-08 00:45:00,3
63,GDELT - Unknown,China accelerates oil reserve site build amid stockpiling drive | Hellenic Shipping News Worldwide,2025-10-08 00:45:00,0
64,GDELT - Unknown,The crime - ridden seaside resort where migrants would rather return home than stay in British taxpayer - funded hotels on the beach,2025-10-08 00:30:00,0
65,GDELT - Unknown,A transformative president : Canadian PM Carney praises Trump during Oval Office talks,2025-10-08 00:30:00,2
66,GDELT - Unknown,نتنياهو : أعداؤنا لن يتمكنوا من كسرنا - بوابة الشروق,2025-10-08 00:30:00,3
67,GDELT - Unknown,"The costs of Israel longest war , for Israelis",2025-10-08 00:30:00,3
68,GDELT - Unknown,Conmoción en Herdecke Alemania : atacan a alcaldesa electa Iris Stalzer a semanas de asumir el cargo,2025-10-08 00:30:00,0
69,GDELT - Unknown,11 lies que Israel deveria aprender nos dois anos de guerra contra o Hamas em Gaza,2025-10-08 00:30:00,3
70,GDELT - Unknown,التحليل والتضليل والتجهيل - صحيفة المقر,2025-10-08 00:30:00,0
71,GDELT - Unknown,加沙停火谈判继续 哈马斯提两大要求,2025-10-08 00:30:00,3
72,GDELT - Unknown,Thunbergs activist pal bit medic in jail Israeli MFA,2025-10-08 00:15:00,3
73,GDELT - Unknown,"Madani Bukan Cuma Festival Film , Tapi Ruang Healing Kolektif",2025-10-08 00:15:00,0
74,GDELT - Unknown,Genocidi ? Doncs sí !,2025-10-08 00:15:00,0
75,GDELT - Unknown,"Cuba :  Sí , están muriendo personas por culpa de este virus",2025-10-08 00:15:00,0
76,GDELT - Unknown,VOTE : Do you think the war in Israel will end soon ?,2025-10-08 00:15:00,3
77,GDELT - Unknown,Peace in the Middle East or constructive ambiguity in reverse,2025-10-08 00:15:00,3
78,GDELT - Unknown,South Florida lawmakers demand release of hostages held by Hamas,2025-10-08 00:15:00,0
79,GDELT - Unknown,Δελτίο ειδήσεων στις 24 : 00,2025-10-08 00:15:00,0
80,GDELT - Unknown,哈马斯提明确要求 特朗普称未来48小时至关重要,2025-10-08 00:15:00,2
81,GDELT - Unknown,Δελτίο ειδήσεων στις 02 : 00,2025-10-08 00:15:00,0
82,GDELT - Unknown,Agre embargament darmes a Israel un 7 - O,2025-10-08 00:15:00,3
83,GDELT - Unknown,What are the Trump admin next steps in the Gaza peace plan ?,2025-10-08 00:15:00,3
84,GDELT - Unknown,"The costs of Israel longest war , for Israelis",2025-10-08 00:15:00,3
85,GDELT - Unknown,Newsom signs law aimed at fighting antisemitism in schools,2025-10-08 00:15:00,0
86,GDELT - Unknown,2 ஆண்டுகளைக் கடந்தது காஸா போா்,2025-10-08 00:15:00,0
87,GDELT - Unknown,"Cynical Palestine cult demands more death , no cease - fire",2025-10-08 00:15:00,3
88,GDELT - Unknown,U . S . military aid to Israel tops $21B since Gaza war,2025-10-08 00:15:00,3
89,GDELT - Unknown,Иракское фиаско Соединенных Штатов,2025-10-08 00:15:00,1
90,GDELT - Unknown,What are the Trump admin next steps in the Gaza peace plan ?,2025-10-08 00:15:00,3
91,GDELT - Unknown,ТОП - 5 новостей 7 октября 2025 года : итоги дня в Израиле и мире | MigNews - Новости Израиля и Мира на русском языке,2025-10-08 00:15:00,3
92,GDELT - Unknown,"Another Day , Another Jew Assaulted in Europe and Beaten Bloody  Dirty Jew , we will kill you ! by Hugh Fitzgerald",2025-10-08 00:15:00,0
93,GDELT - Unknown,ハマス奇襲から2年 、 各地で親パレスチナデモ 「 無神経 」 との声も,2025-10-08 00:15:00,3
94,GDELT - Unknown,SUMUD filosunun insanlığa mesajı | Türkiye Gazetesi,2025-10-08 00:15:00,0
95,GDELT - Unknown,Cyril Hanouna évoque un gouvernement de centre - gauche dans TBT9 et les internautes réagissent :  Tout le monde le savait déjà,2025-10-08 00:15:00,0
96,GDELT - Unknown,What are the Trump admin next steps in the Gaza peace plan ?,2025-10-08 00:15:00,3
97,GDELT - Unknown,戦闘能力低下のハマス 「 戦い方 」 に異変 ？ ガザ巡り停戦合意が成立しても戦闘継続の懸念 国際情勢分析,2025-10-08 00:15:00,3
98,GDELT - Unknown,手に負えないイスラエル右派政権 、 米国は制御できるか 「 民衆が長期化手助け 」 と指摘も,2025-10-08 00:15:00,3
99,GDELT - Unknown,"The costs of Israel longest war , for Israelis",2025-10-08 00:15:00,3
100,GDELT - Unknown,"İlklerin Adamı , Vezir Nizâmülmülk | Türkiye Gazetesi",2025-10-08 00:15:00,0
101,GDELT - Unknown,United Nations labels Israeli occupation of Gaza a genocide – The Collegian,2025-10-08 00:15:00,3
102,GDELT - Unknown,Pope Leo XIV Plans First International Trip as Pontiff to Lebanon and Turkey,2025-10-08 00:15:00,2
103,GDELT - Unknown,The HORRIFIC TRUTH about  national divorce,2025-10-08 00:15:00,0
104,GDELT - Unknown,Trump :  A Gaza reali possibilità di pace . Hamas apre al disarmo ma vuole il ritiro completo di Israele,2025-10-08 00:15:00,3
105,GDELT - Unknown,ガザ和平協議 、 米特使ら交え8日も継続 ハマス 「 戦闘終結の保証 」 要求,2025-10-08 00:15:00,3
106,GDELT - Unknown,Javier Milei  Presidential Band  Honors Charlie Kirk at Anti - Leftist Rock Concert,2025-10-08 00:15:00,2
107,GDELT - Unknown,Jewish leaders in Palm Beach County reflect on the anniversary of the Oct . 7 attacks,2025-10-08 00:15:00,3
108,GDELT - Unknown,What are the Trump admin next steps in the Gaza peace plan ?,2025-10-08 00:15:00,3
109,GDELT - Unknown,What are the Trump admin next steps in the Gaza peace plan ?,2025-10-08 00:15:00,3
110,GDELT - Unknown,Foot : Gattuso a  le coeur brisé  par Gaza mais exclut un for ... | Seneweb,2025-10-08 00:15:00,3
111,GDELT - Unknown,13 of the most distinctive cultural neighborhoods across the US,2025-10-08 00:15:00,0
112,GDELT - Unknown,Δελτίο ειδήσεων στη 01 : 00,2025-10-08 00:15:00,0
113,GDELT - Unknown,Absolutely disgusted  Marjorie Taylor Greene suddenly is Democrat best GOP friend in shutdown fight over Obamacare,2025-10-08 00:15:00,0
114,GDELT - Unknown,ТОП - 5 новостей 7 октября 2025 года : итоги дня в Израиле и мире | MigNews - Новости Израиля и Мира на русском языке,2025-10-08 00:15:00,3
115,GDELT - Unknown,"The costs of Israel longest war , for Israelis",2025-10-08 00:15:00,3
116,GDELT - Unknown,Arrasar Gaza y perder la guerra,2025-10-08 00:15:00,3
117,GDELT - Unknown,"The costs of Israel longest war , for Israelis",2025-10-08 00:15:00,3
118,GDELT - Unknown,Gaza peace talks enter their second day on the war anniversary,2025-10-08 00:15:00,3
119,GDELT - Unknown,"Nearly 10K Palestinians Reported Missing by Families in Gaza , Officials Say",2025-10-08 00:15:00,3
120,GDELT - Unknown,Henrique Cymerman :  A SIC é mais estável na minha vida que os casamentos,2025-10-08 00:15:00,0
121,GDELT - Unknown,"Mother of US Navy medic rescued from Gaza in deal with Trump , Israel and Jordan : report",2025-10-08 00:15:00,3
122,GDELT - Unknown,ضياء رشوان : الـ 7 من أكتوبر هو تاريخ فارق .. وتداعياته وصلت إلى أوروبا وأمريكا,2025-10-08 00:15:00,0
123,GDELT - Unknown,A transformative president : Canadian PM Carney praises Trump during Oval Office talks,2025-10-08 00:15:00,2
124,GDELT - Unknown,刘和平 ： 俄乌今冬决胜负 特朗普  战斧  导弹影响几何 ？_ 军事频道 _ 中华网,2025-10-08 00:15:00,0
125,GDELT - Unknown,The Greens Have Gone From Bees and Hedgehogs to Brickbats at Night The Greens Have Gone From Bees and Hedgehogs to Brickbats at Night -,2025-10-08 00:15:00,0
126,GDELT - Unknown,"A Torino oltre seimila in piazza per il popolo palestinese , gli organizzatori dicono  Andiamo avanti",2025-10-08 00:15:00,3
127,GDELT - Unknown,What are the Trump admin next steps in the Gaza peace plan ?,2025-10-08 00:15:00,3
128,GDELT - Unknown,ذاكرة لا تعرف النسيان .. غزّيون يروون تفاصيل معاناتهم بعد عامين من الحرب,2025-10-08 00:00:00,3
129,GDELT - Unknown,Gaza scontro diplomatico | Israele accusa il Vaticano di fiancheggiare il terrorismo,2025-10-08 00:00:00,3
130,GDELT - Unknown,"Two Years After Hamas Terrorist Attack , Israel Has Sidelined Itself",2025-10-08 00:00:00,3
131,GDELT - Unknown,Mamdani statement on October 7 anniversary draws ire from Israel | Zohran Mamdani,2025-10-08 00:00:00,3
132,GDELT - Unknown,Segon aniversari del 7 doctubre a lespera que sacabi el malson,2025-10-08 00:00:00,0
133,GDELT - Unknown,Hafsa Quraishi,2025-10-08 00:00:00,0
134,GDELT - Unknown,Manotean diputadas y se empujan al discutir sobre conflicto Palestina - Israel ; Kenia López Rabadán pide dos minutos de silencio,2025-10-08 00:00:00,3
135,GDELT - Unknown,"[ 가자戰 2년 ] 트럼프 , 백악관서 인질 가족 만나 … 협상 희망적",2025-10-08 00:00:00,2
136,GDELT - Unknown,"EUA deram 18 , 6 mil milhões de euros em ajuda militar a Israel desde início da guerra em Gaza",2025-10-08 00:00:00,3
137,GDELT - Unknown,Lower Gas Prices Might Not Last | Z100 Portland,2025-10-08 00:00:00,0
138,GDELT - Unknown,Trist senyal de la victòria,2025-10-08 00:00:00,0
139,GDELT - Unknown,مصداقية واشنطن وسلام الشرق الأوسط,2025-10-08 00:00:00,3
140,GDELT - Unknown,ترامب : أيام حاسمة للتوصل إلى اتفاق ينهي الحرب في غزة ( صور ),2025-10-08 00:00:00,3
141,GDELT - Unknown,"Jews this week are celebrating Sukkot , a seven - day holiday intended as a time of joy",2025-10-08 00:00:00,0
142,GDELT - Unknown,加薩戰爭有望終結 ？ 川普稱存在 「 真正的機會 」 | 國際,2025-10-08 00:00:00,3
143,GDELT - Unknown,Kenyon : Mahdawi case challenges Trump immigration policies,2025-10-08 00:00:00,2
144,GDELT - Unknown,Zes nieuwe Nederlandse Flotilla - activisten geland in Eindhoven,2025-10-08 00:00:00,0
145,GDELT - Unknown,... عن غزّة وفلسطين و7 أكتوبر,2025-10-08 00:00:00,3
146,GDELT - Unknown,Parolin divide | protesta di Israele e gelo diplomatico con il Vaticano,2025-10-08 00:00:00,3
147,GDELT - Unknown,تركيا : رئيس الاستخبارات يشارك في مفاوضات شرم الشيخ الأربعاء,2025-10-08 00:00:00,1
148,GDELT - Unknown,Abdul El - Sayed 10 / 7 Fundraising Email Draws Outrage,2025-10-08 00:00:00,0
149,GDELT - Unknown,"Gaza , comienzo de un final difícil",2025-10-08 00:00:00,3
150,GDELT - Unknown,Emmanuel Todd –  The Defeat Of The West  In Its Current Phase – Moon of Alabama,2025-10-08 00:00:00,0
151,GDELT - Unknown,الزّناد الذي أطلقه خامنئي على نفسه !,2025-10-08 00:00:00,0
152,GDELT - Unknown,Hamas Syaratkan Lepas Sandera Hanya Jika Pasukan Israel Mundur dari Gaza,2025-10-08 00:00:00,3
153,GDELT - Unknown,Well probably work that out : Trump on US - Canada ties during talks with Carney,2025-10-08 00:00:00,2
154,GDELT - Unknown,"하마스 ,  전쟁 반복 안돼 … 트럼프  중동 평화 가능",2025-10-08 00:00:00,3
155,GDELT - Unknown,"Israel pauses to mark October 7 , with sounds of war from Gaza",2025-10-08 00:00:00,3
156,GDELT - Unknown,Netanyahu belooft 2 jaar na ontvoering snelle terugkeer gijzelaars,2025-10-08 00:00:00,3
157,GDELT - Unknown,"Jews this week are celebrating Sukkot , a seven - day holiday intended as a time of joy",2025-10-08 00:00:00,0
158,GDELT - Unknown,Trakyada okullarda Filistin Farkındalık Etkinlikleri düzenlendi,2025-10-08 00:00:00,3
159,GDELT - Unknown,« الطوفان » الذي ابتلع أصحابه,2025-10-08 00:00:00,0
160,GDELT - Unknown,حرب أكتوبر ... آخر الحروب ؟,2025-10-08 00:00:00,0
161,GDELT - Unknown,Hamas quer  garantias reais  de Trump e mediadores da retirada de forças israelitas em Gaza,2025-10-08 00:00:00,3
162,GDELT - Unknown,Трамп рассказал о решающем моменте в переговорах Израиля и ХАМАС,2025-10-08 00:00:00,3
163,GDELT - Unknown,„ Schicksalhafte Tage : Netanjahu sagt Rückkehr aller Geiseln zu,2025-10-08 00:00:00,3
164,GDELT - Unknown,Hamas quer garantias de Trump e mediadores sobre retirada israelita em Gaza,2025-10-08 00:00:00,3
165,GDELT - Unknown,Pres . Trump sends letter to families of Israeli hostages,2025-10-08 00:00:00,3
166,GDELT - Unknown,Trump repeats joke about Canada as,2025-10-08 00:00:00,2
167,GDELT - Unknown,ترامب : محادثات جدية جداً جارية حول غزة,2025-10-08 00:00:00,3
168,GDELT - Unknown,سموتريتش : لن أسمح بانهيار الحكومة الإسرائيلية قبل النهاية بلحظة,2025-10-08 00:00:00,3
169,GDELT - Unknown,가짜 라부부  걸리면 3배 보상 … 가품과의 전쟁  나선 크림,2025-10-08 00:00:00,0
170,GDELT - Unknown,U . S . Special Envoy Steve Witkoff and Jared Kushner travel to Egypt amid ongoing Gaza ceasefire talks,2025-10-08 00:00:00,3
171,GDELT - Unknown,"No solution but a negotiated outcome , Iran FM says of nuclear issue",2025-10-08 00:00:00,1
172,GDELT - Unknown,California Gov . Gavin Newsom signs law aimed at fighting antisemitism in schools,2025-10-08 00:00:00,0
173,GDELT - Unknown,De hauts responsables qataris et turcs rejoindront aux pourparlers sur le cessez - le - feu sur Gaza en Egypte,2025-10-08 00:00:00,3
174,GDELT - Unknown,A divided Israel marks 2 years since Oct . 7 attack as war in Gaza grinds on and hostages languish,2025-10-08 00:00:00,3
175,GDELT - Unknown,"The costs of Israel longest war , for Israelis",2025-10-08 00:00:00,3
176,GDELT - Unknown,خليل الحية يوضح ما تهدف إليه  حماس  في مفاوضات شرم الشيخ,2025-10-08 00:00:00,3
177,GDELT - Unknown,"India sides with Taliban , Pakistan & China , slams Trump bid to take over Bagram base",2025-10-08 00:00:00,2
178,GDELT - Unknown,What are the Trump admin next steps in the Gaza peace plan ?,2025-10-08 00:00:00,3
179,GDELT - Unknown,"After sectarian clashes in Aleppo , US , SDF , and Syrian government officials meet in Damascus",2025-10-08 00:00:00,3
180,GDELT - Unknown,الطيار المجنون ، أحمد المنصوري يروي قصة  طلعة الموت  التي أرعبت إسرائيل ( فيديو ),2025-10-08 00:00:00,3
181,GDELT - Unknown,"The costs of Israel longest war , for Israelis",2025-10-08 00:00:00,3
182,GDELT - Unknown,Trump administration intervenes to secure sailor mother rescue from Gaza,2025-10-08 00:00:00,2
183,GDELT - Unknown,قبل سفرهما إلى شرم الشيخ .. ترامب يجتمع مع ويتكوف وكوشنر,2025-10-08 00:00:00,2
184,GDELT - Unknown,ガザ和平交渉が本格化へ 米の中東担当特使らエジプト入り | 上毛新聞電子版｜群馬県のニュース ・ スポーツ情報,2025-10-08 00:00:00,3
185,GDELT - Unknown,"Israel begins new offensive on Gaza City , may face manpower problem | Central India Premier English Daily",2025-10-08 00:00:00,3
186,GDELT - Unknown,متى يأتي السلام ؟!,2025-10-08 00:00:00,0
187,GDELT - Unknown,إيران تتهم إسرائيل بتعطيل مسار المفاوضات النووية,2025-10-08 00:00:00,1
188,GDELT - Unknown,Greta Thunberg tried to highlight Palestinian suffering ... with a photo of a starved Israeli hostage,2025-10-08 00:00:00,3
189,GDELT - Unknown,Erick Erickson Name - Checks Candace Owens and Tucker Carlson,2025-10-08 00:00:00,0
190,GDELT - Unknown,California Gov . Gavin Newsom signs law aimed at fighting antisemitism in schools,2025-10-08 00:00:00,0
191,GDELT - Unknown,REFLECTIONS | Synagogue Attack Exposes Britain Cauldron Of Hate,2025-10-08 00:00:00,3
192,GDELT - Unknown,Well probably work that out : Trump on US - Canada ties during talks with Carney,2025-10-08 00:00:00,2
193,GDELT - Unknown,"Air Force , FBI Investigating Mysterious Crash Near Area 51",2025-10-08 00:00:00,0
194,GDELT - Unknown,"하마스 , 전쟁방지  보장  요구 … 트럼프  중동 전체 평화 가능",2025-10-08 00:00:00,3
195,GDELT - Unknown,من الاغتصاب المزعوم لإبادة اليهود .. أبرز الأكاذيب الإسرائيلية عن 7 أكتوبر,2025-10-08 00:00:00,0
196,GDELT - Unknown,I felt rage and shock as I confronted the woman cutting down yellow ribbons tied to railings in support of Israeli hostages,2025-10-08 00:00:00,3
197,GDELT - Unknown,Drugi dan pogajanj o Trumpovem načrtu za mir v Gazi brez napredka,2025-10-08 00:00:00,3
198,GDELT - Unknown,Hamas wil internationale garanties dat Israël niet weer aanvalt,2025-10-08 00:00:00,3
199,GDELT - Unknown,"The costs of Israel longest war , for Israelis",2025-10-08 00:00:00,3
200,GDELT - Unknown,Gaza peace talks enter their second day on the war anniversary,2025-10-08 00:00:00,3
201,GDELT - Unknown,"Islamic Jihad marks Al - Aqsa Flood anniversary , hails fighter unmatched bravery",2025-10-08 00:00:00,3
202,GDELT - Unknown,A transformative president : Canadian PM Carney praises Trump during Oval Office talks,2025-10-08 00:00:00,2
203,GDELT - Unknown,ساعات معدودة ، ترامب يحدد موعد الاتفاق على إنهاء الحرب في غزة,2025-10-08 00:00:00,3
204,GDELT - Unknown,The Latest : Trump administration threatens no back pay for federal workers in shutdown,2025-10-08 00:00:00,2
205,GDELT - Unknown,הדילמה של טהרן,2025-10-07 23:45:00,1
206,GDELT - Unknown,"AAA : Oregon , Bend gas prices are still falling , but California refinery fire could change that",2025-10-07 23:45:00,0
207,GDELT - Unknown,"Gaza , comienzo de un final difícil",2025-10-07 23:45:00,3
208,GDELT - Unknown,Trump says  real chance  to end Gaza war as Israel marks attacks anniversary,2025-10-07 23:45:00,3
209,GDELT - Unknown,The Latest : Attorney General Bondi wont discuss what she told Trump about troop deployments,2025-10-07 23:45:00,2
210,GDELT - Unknown,Kā TV pirmās 7 . oktobra drāmas skāra straumēšanu Gazas kara laikā un pamiera sarunās,2025-10-07 23:45:00,3
211,GDELT - Unknown,"The costs of Israel longest war , for Israelis",2025-10-07 23:45:00,3
212,GDELT - Unknown,"The costs of Israel longest war , for Israelis",2025-10-07 23:45:00,3
213,GDELT - Unknown,Polícia recebeu aviso das secretas com atraso de 4 horas – Observador,2025-10-07 23:45:00,0
214,GDELT - Unknown,四中全会前 ， 人民日报连发八篇钟才文 ； 中国连续11个月增持黄金 ； 特朗普再次暗示将吞并加拿大 ； 固态锂电池 ， 我国有新突破丨每经早参,2025-10-07 23:45:00,0
215,GDELT - Unknown,« Hanno minacciato di gasarci »,2025-10-07 23:45:00,0
216,GDELT - Unknown,What are the Trump admin next steps in the Gaza peace plan ?,2025-10-07 23:45:00,3
217,GDELT - Unknown,【 名家專欄 】 超越現實的戰爭革命即將到來,2025-10-07 23:45:00,0
218,GDELT - Unknown,ترامب : سنبذل ما بوسعنا لضمان الالتزام بوقف إطلاق النار في غزة,2025-10-07 23:45:00,3
219,GDELT - Unknown,"Хамас  иска Тръмп да гарантира , че войната ще приключи",2025-10-07 23:45:00,3
220,GDELT - Unknown,Meloni denunciada ao TPI por cumplicidade com genocídio – Observador,2025-10-07 23:45:00,0
221,GDELT - Unknown,"Amid Multiple Crises , Secretary - General Urges Leaders to Choose Cooperation over Chaos , as General Assembly Opens High - Level General Debate",2025-10-07 23:45:00,0
222,GDELT - Unknown,İngilterenin İsraile silah satışları 2025  te rekor kırdı,2025-10-07 23:45:00,0
223,GDELT - Unknown,What are the Trump admin next steps in the Gaza peace plan ?,2025-10-07 23:45:00,3
224,GDELT - Unknown,"As the Gaza war moves into its third year , peace talks offer some hope",2025-10-07 23:45:00,3
225,GDELT - Unknown,Australian activists in Israeli detention for attempting to deliver aid to Gaza deported to Jordan,2025-10-07 23:45:00,3
226,GDELT - Unknown,"UVM , Jewish community to hold vigil commemorating anniversary of Hamas attack",2025-10-07 23:45:00,3
227,GDELT - Unknown,Hamas Condemns  Unprecedented Arab Failure  on 2nd Anniversary of Gaza Conflict with Israel,2025-10-07 23:45:00,3
228,GDELT - Unknown,el rehén liberado tal shoham y el dolor tras la masacre del 7 de octubre,2025-10-07 23:45:00,0
229,GDELT - Unknown,加沙地带儿童伤亡情况  令人震惊  不可接受,2025-10-07 23:45:00,3
230,GDELT - Unknown,ガザ和平交渉が本格化へ 米の中東担当特使らエジプト入り｜全国のニュース｜Web東奥,2025-10-07 23:30:00,3
231,GDELT - Unknown,Katil İsrail askerlerinden A Habere alçak müdahale : Kudüs Türklere ebediyen kapalı,2025-10-07 23:30:00,0
232,GDELT - Unknown,Thunbergs activist pal bit medic in jail Israeli MFA,2025-10-07 23:30:00,3
233,GDELT - Unknown,LA Officials Recall Oct . 7 Attacks - MyNewsLA . com,2025-10-07 23:30:00,0
234,GDELT - Unknown,"The costs of Israel longest war , for Israelis",2025-10-07 23:30:00,3
235,GDELT - Unknown,"Lufta në Gaza , Izraeli përgatitet të marrë pengjet",2025-10-07 23:30:00,3
236,GDELT - Unknown,সমুদ্র পথেই কি শুরু ইরান - ইসরায়েলের নতুন সংঘাত ?,2025-10-07 23:30:00,0
237,GDELT - Unknown,"In Massachusetts , relatives of victims mark two years since Hamas attack on Israel",2025-10-07 23:30:00,3
238,GDELT - Unknown,What are the Trump admin next steps in the Gaza peace plan ?,2025-10-07 23:30:00,3
239,GDELT - Unknown,"The costs of Israel longest war , for Israelis",2025-10-07 23:30:00,3
240,GDELT - Unknown,"מתחקר 7 / 10 בצה  ל תא  ל סולומון :  ניסו לסכל אותי , הלוי טייח בשיטתיות",2025-10-07 23:30:00,0
241,GDELT - Unknown,Qatar committed to success of Trump Gaza peace plan,2025-10-07 23:30:00,3
242,GDELT - Unknown,Panttivankien omaiset esittivät Nobelin rauhanpalkintoa presidentti Donald Trumpille,2025-10-07 23:30:00,2
243,GDELT - Unknown,Négociations sur Gaza : ce que le Hamas réclame de Donald Trump pour un accord,2025-10-07 23:30:00,3
244,GDELT - Unknown,Hamas quer a libertao do político palestiniano Marwan Barghouthi,2025-10-07 23:30:00,3
245,GDELT - Unknown,Los destinos de israelíes y palestinos están entrelazados,2025-10-07 23:30:00,3
246,GDELT - Unknown,"World Bank lifts growth forecast for Middle East region , Iran suffers contraction",2025-10-07 23:30:00,1
247,GDELT - Unknown,"אליזבט צורקוב , בציוץ לרגל 7 / 10 :  אלוהים , תן הקלה לעזתים",2025-10-07 23:30:00,0
248,GDELT - Unknown,Lower Gas Prices Might Not Last,2025-10-07 23:30:00,0
249,GDELT - Unknown,Lectionary blog : Welcoming the  wrong praise,2025-10-07 23:30:00,0
250,GDELT - Unknown,7 أكتوبر .. التداعيات الجيوسياسية الكبرى,2025-10-07 23:30:00,0
251,GDELT - Unknown,U . S . suggests U . N . Security Council authorize Gaza stabilization force for 2 years,2025-11-05 00:30:00,3
252,GDELT - Unknown,前瞻全球产业早报 ： 全球首个飞行汽车量产工厂在广州试产 _ 产经 _ 前瞻经济学人,2025-11-05 00:30:00,0
253,GDELT - Unknown,What would a Mayor Mamdani mean for the country ?,2025-11-05 00:30:00,0
254,GDELT - Unknown,"Quién fue Dick Cheney , el vicepresidente más poderoso de la historia de Estados Unidos | La Nación Dominicana , Todo tu país , en un solo click ...!",2025-11-05 00:30:00,0
255,GDELT - Unknown,"Dick Cheney , one of the most powerful and polarizing vice presidents in US history , dies at 84",2025-11-05 00:30:00,2
256,GDELT - Unknown,Years into the crisis : Lebanon still without a clear path to restore deposits,2025-11-05 00:30:00,3
257,GDELT - Unknown,"Ben Shapiro Draws a Moral Line for Conservatism , Following Tucker Carlson Nick Fuentes Interview",2025-11-05 00:30:00,0
258,GDELT - Unknown,"Mor Dick Cheney , el cervell que va dissenyar la guerra de lIraq",2025-11-05 00:30:00,0
259,GDELT - Unknown,What would a Mayor Mamdani mean for the country ?,2025-11-05 00:30:00,0
260,GDELT - Unknown,"US not considering Tomahawk transfer to Ukraine , Trump says",2025-11-05 00:30:00,2
261,GDELT - Unknown,"US not considering Tomahawk transfer to Ukraine , Trump says",2025-11-05 00:30:00,2
262,GDELT - Unknown,What would a Mayor Mamdani mean for the country ?,2025-11-05 00:30:00,0
263,GDELT - Unknown,"Military plans : Israel dismisses diplomatic path with Lebanon , weighs escalation against Hezbollah",2025-11-05 00:30:00,3
264,GDELT - Unknown,What would a Mayor Mamdani mean for the country ?,2025-11-05 00:30:00,0
265,GDELT - Unknown,What would a Mayor Mamdani mean for the country ?,2025-11-05 00:30:00,0
266,GDELT - Unknown,Morning Joe Practically Endorses Commie Mamdani on Election Day,2025-11-05 00:30:00,0
267,GDELT - Unknown,Desi voters are flexing power and Zohran Mamdani wooed them hard,2025-11-05 00:30:00,0
268,GDELT - Unknown,What would a Mayor Mamdani mean for the country ?,2025-11-05 00:30:00,0
269,GDELT - Unknown,Fire at oil refinery in Iran kills at least one person : State media,2025-11-05 00:30:00,1
270,GDELT - Unknown,"Beirut waste sorting facility rebuilt after Beirut Port explosion , remains unused amid dispute",2025-11-05 00:30:00,3
271,GDELT - Unknown,Between war and rebuilding : Msayleh meeting marks first step toward Lebanon reconstruction,2025-11-05 00:30:00,3
272,GDELT - Unknown,"Dick Cheney tried to repent , but he still the villain in your history",2025-11-05 00:30:00,0
273,GDELT - Unknown,"US not considering Tomahawk transfer to Ukraine , Trump says",2025-11-05 00:30:00,2
274,GDELT - Unknown,Gas Prices In Oregon Continue To Fall,2025-11-05 00:30:00,0
275,GDELT - Unknown,US proposes that the UN authorize a Gaza stabilization force for 2 years,2025-11-05 00:30:00,3
276,GDELT - Unknown,BDL seeks middle ground in ongoing dispute over deposit recovery the details,2025-11-05 00:30:00,0
277,GDELT - Unknown,Jeita Grotto scandal : Unauthorized event triggers outrage and investigation,2025-11-05 00:30:00,0
278,GDELT - Unknown,What would a Mayor Mamdani mean for the country ?,2025-11-05 00:30:00,0
279,GDELT - Unknown,President Aoun : Negotiation is Lebanons unified national choice,2025-11-05 00:30:00,3
280,GDELT - Unknown,India and Israel vow to deepen bilateral ties,2025-11-05 00:30:00,3
281,GDELT - Unknown,Unite union calls off united kingdom strike action at global arms corporation Leonardo,2025-11-05 00:30:00,2
282,GDELT - Unknown,Candace Owens Claims  Zionist Who Hated Charlie Kirk Are Now Going After Tucker Carlson,2025-11-05 00:30:00,0
283,GDELT - Unknown,Il 4 novembre e il peso della memoria : quando la festa della vittoria non può essere festa,2025-11-05 00:30:00,0
284,GDELT - Unknown,"What to watch on Election Day 2025 : Trump strength , Democrat message",2025-11-05 00:30:00,2
285,GDELT - Unknown,What would a Mayor Mamdani mean for the country ?,2025-11-05 00:30:00,0
286,GDELT - Unknown,The former camel dealer turned warlord tearing Sudan apart,2025-11-05 00:30:00,0
287,GDELT - Unknown,Πάνω από 100 Φοιτητικοί Σύλλογοι συμμετέχουν στα μεγάλα συλλαλητήρια της 6ης Νοέμβρη,2025-11-05 00:30:00,0
288,GDELT - Unknown,Un anno di Trump : la tregua nella Striscia e quella con la Cina . Lincognita resta Putin,2025-11-05 00:15:00,1
289,GDELT - Unknown,"Facing the threat of US strikes , Maduro has requested Russia help . He shouldnt expect much .",2025-11-05 00:15:00,1
290,GDELT - Unknown,"US not considering Tomahawk transfer to Ukraine , Trump says",2025-11-05 00:15:00,2
291,GDELT - Unknown,US proposes that the UN authorize a Gaza stabilization force for 2 years,2025-11-05 00:15:00,3
292,GDELT - Unknown,"US not considering Tomahawk transfer to Ukraine , Trump says",2025-11-05 00:15:00,2
293,GDELT - Unknown,We Were All Mistreated : Flotilla Member Recounts His Experience in Israeli Detention,2025-11-05 00:15:00,3
294,GDELT - Unknown,Incita a la guerra contra su propio país : canciller iraní cuestiona la concesión del Nobel de la Paz a María Corina Machado,2025-11-05 00:15:00,1
295,GDELT - Unknown,"US not considering Tomahawk transfer to Ukraine , Trump says",2025-11-05 00:15:00,2
296,GDELT - Unknown,تداوم کارزار « سه‌شنبه‌های نه به اعدام » در هفته نودوسوم,2025-11-05 00:15:00,0
297,GDELT - Unknown,Global Markets Navigate Dual Currents : U . S .- China Truce Offers Respite Amidst Persistent Geopolitical Storms,2025-11-05 00:15:00,0
298,GDELT - Unknown,Tahranda su krizi : Barajlarda 2 haftalık su kaldı İhlas Haber Ajansı,2025-11-05 00:15:00,0
299,GDELT - Unknown,Israeli Breakthrough Could Make Paralysis Reversible,2025-11-05 00:15:00,3
300,GDELT - Unknown,إيران تحيي ذكرى اقتحام السفارة الأميركية بمجسّمات صواريخ,2025-11-05 00:15:00,1
301,GDELT - Unknown,"Ισραήλ : Ταυτοποιήθηκε η σορός που παρέδωσε η Χαμάς – Ανήκει στον όμηρο Ιτάι Χεν , 19 ετών",2025-11-05 00:15:00,3
302,GDELT - Unknown,What would a Mayor Mamdani mean for the country ?,2025-11-05 00:15:00,0
303,GDELT - Unknown,İsrailin küstahlığının sebepleri | Türkiye Gazetesi,2025-11-05 00:15:00,3
304,GDELT - Unknown,حماس تسلم إسرائيل رفات الرهينة الأمريكي إيتاي تشين وسط مفاوضات متوترة حول الأسرى,2025-11-05 00:15:00,3
305,GDELT - Unknown,Аналітик Левін закликав терміново запровадити суворі покарання за приховування втрати позицій у ЗСУ,2025-11-05 00:15:00,0
306,GDELT - Unknown,以色列為陣亡將領舉辦葬禮 誓言接回所有人質 | 陣亡將領葬禮 | 沙特王儲 | 美沙防務協議,2025-11-05 00:15:00,3
307,GDELT - Unknown,Leading Rabbi Resigns from Heritage Task Force Over Roberts Remarks,2025-11-05 00:15:00,0
308,GDELT - Unknown,Twelve questions ( and expert answers ) on the Iraq elections,2025-11-05 00:15:00,0
309,GDELT - Unknown,"Zohran Mamdani , socialiste , favori pour la mairie de New York",2025-11-05 00:15:00,0
310,GDELT - Unknown,Las muestras de sangre que llegan a los hospitales caen a menos de la mitad por la huelga de técnicos,2025-11-05 00:15:00,0
311,GDELT - Unknown,"Revista presei internaționale , 5 noiembrie 2025 | Agenția de presă Rador",2025-11-05 00:15:00,0
312,GDELT - Unknown,The Shocking ( and Lucrative ) Link Between Nuclear Sites and UAP,2025-11-05 00:15:00,0
313,GDELT - Unknown,Disagreements Emerge Over US Draft Resolution For International Gaza Force,2025-11-05 00:15:00,3
314,GDELT - Unknown,Israel says the remains of a hostage have been turned over in Gaza,2025-11-05 00:15:00,3
315,GDELT - Unknown,What would a Mayor Mamdani mean for the country ?,2025-11-05 00:15:00,0
316,GDELT - Unknown,A loss to the nation : Former President George W . Bush honors Dick Cheney decades of public service,2025-11-05 00:15:00,2
317,GDELT - Unknown,Sortie de prison des deux derniers Français détenus en Iran,2025-11-05 00:15:00,0
318,GDELT - Unknown,The three countries prepared to kill on Australian soil,2025-11-05 00:15:00,0
319,GDELT - Unknown,"Dick Cheney , one of the most powerful and polarizing vice presidents in US history , dies at 84",2025-11-05 00:15:00,2
320,GDELT - Unknown,Ikeda urges action following Gaza aid mission,2025-11-05 00:15:00,3
321,GDELT - Unknown,Meinl - Reisinger kritisiert  Raushalte - Verständnis  von Neutralität,2025-11-05 00:15:00,0
322,GDELT - Unknown,Israel bekræfter identitet på lig af udleveret gidsrel,2025-11-05 00:15:00,3
323,GDELT - Unknown,Santorum to Newsmax : Heritage Chief  Missed It  on Carlson Defense | News Talk 580 and 105 . 9 KMJ,2025-11-05 00:15:00,0
324,GDELT - Unknown,What would a Mayor Mamdani mean for the country ?,2025-11-05 00:15:00,0
325,GDELT - Unknown,Israel Efforts To Prevent Hezbollah From Rearming Could Be Blueprint for Ridding Gaza of Hamas Weapons,2025-11-05 00:15:00,3
326,GDELT - Unknown,عُثر عليها داخل الخط الأصفر شرق غزة ... إسرائيل تتسلم رفات رهينة عبر الصليب الأحمر,2025-11-05 00:15:00,3
327,GDELT - Unknown,以军炮击加沙致三人死亡 土耳其主办加沙问题峰会 – 华侨网,2025-11-05 00:15:00,3
328,GDELT - Unknown,Zohran Mamdani and the Ghost of Vito Marcantonio,2025-11-05 00:15:00,0
329,GDELT - Unknown,Trump y la nueva  Doctrina Donroe  para América Latina,2025-11-05 00:00:00,2
330,GDELT - Unknown,US proposes that the UN authorize a Gaza stabilization force for 2 years,2025-11-05 00:00:00,3
331,GDELT - Unknown,30 anys de lassassinat de Yitzhak Rabin i de la partició de Palestina,2025-11-05 00:00:00,3
332,GDELT - Unknown,Felipe VI llama a Israel y Hamás  a la contención  | Noticias Diario de Ávila,2025-11-05 00:00:00,3
333,GDELT - Unknown,ABU MARZUK : Hamas i PA postigli dogovor o osnivanju privremene uprave u Gazi,2025-11-05 00:00:00,3
334,GDELT - Unknown,"Israele ,  corpo restituito è ostaggio americano Itay Chen",2025-11-05 00:00:00,3
335,GDELT - Unknown,"Exposing the Tata Group , a major sponsor of the New York Marathon and a leading supporter of the Gaza genocide",2025-11-04 23:45:00,3
336,GDELT - Unknown,"US not considering Tomahawk transfer to Ukraine , Trump says",2025-11-04 23:45:00,2
337,GDELT - Unknown,Israel says the remains of a hostage have been turned over to the Red Cross in Gaza,2025-11-04 23:45:00,3
338,GDELT - Unknown,"Young Muslim leftist Mamdani on track to win New York vote , shaking up US politics",2025-11-04 23:45:00,0
339,GDELT - Unknown,"US not considering Tomahawk transfer to Ukraine , Trump says",2025-11-04 23:45:00,2
340,GDELT - Unknown,US proposes UN authorize Gaza stabilization force for 2 years,2025-11-04 23:45:00,3
341,GDELT - Unknown,США і Венесуела - адміністрація Трампа розглядає три варіанти дій УНІАН,2025-11-04 23:45:00,2
342,GDELT - Unknown,"עכשיו זה בול הזמן לפתוח , מצב הרוח במדינה עלה",2025-11-04 23:45:00,0
343,GDELT - Unknown,Leading Rabbi Resigns from Heritage Task Force Over Roberts Remarks | The Big Talker 93 . 5 FM / 1440 AM,2025-11-04 23:45:00,0
344,GDELT - Unknown,Palantir CEO calls company  completely anti - woke  during earnings call,2025-11-04 23:45:00,0
345,GDELT - Unknown,"What to watch on Election Day 2025 : Trump strength , Democrat message",2025-11-04 23:45:00,2
346,GDELT - Unknown,Marjorie Taylor Greene stuns  The View  hosts with blunt criticism of GOP leaders,2025-11-04 23:45:00,0
347,GDELT - Unknown,"Cnn , Israele lavora per influenzare formulazione risoluzione Onu",2025-11-04 23:45:00,3
348,GDELT - Unknown,Latest Articles,2025-11-04 23:45:00,0
349,GDELT - Unknown,משרד רה  מ : זוהתה גופתו של החטוף החלל סמ  ר איתי חן ז  ל,2025-11-04 23:45:00,0
350,GDELT - Unknown,"With pharaoh - like fanfare , Egypt unveils a huge new museum dedicated to its ancient civilization",2025-11-04 23:45:00,0
351,GDELT - Unknown,Israel Says The Remains Of A Hostage Have Been Turned Over In Gaza – 710am KURV,2025-11-04 23:45:00,3
352,GDELT - Unknown,La moral de la política,2025-11-04 23:45:00,0
353,GDELT - Unknown,"US not considering Tomahawk transfer to Ukraine , Trump says",2025-11-04 23:45:00,2
354,GDELT - Unknown,What would a Mayor Mamdani mean for the country ?,2025-11-04 23:45:00,0
355,GDELT - Unknown,"Crosetto :  Serve vera riforma della Difesa , il personale va aumentato e reso più efficiente",2025-11-04 23:45:00,0
356,GDELT - Unknown,US proposes that the UN authorize a Gaza stabilization force for 2 years,2025-11-04 23:45:00,3
357,GDELT - Unknown,US proposes that the UN authorize a Gaza stabilization force for 2 years,2025-11-04 23:45:00,3
358,GDELT - Unknown,Teet Kalmus : lehtede langemine teeb ründeoperatsioonid raskemaks,2025-11-04 23:45:00,0
359,GDELT - Unknown,الكنيست الإسرائيلي يصوّت الأربعاء على مشروع  قانون إعدام الأسرى,2025-11-04 23:45:00,3
360,GDELT - Unknown,FactChecking Trump  60 Minutes  Interview,2025-11-04 23:45:00,2
361,GDELT - Unknown,RSF digging mass graves in Sudan el - Fasher to  clean up massacre : Expert,2025-11-04 23:45:00,0
362,GDELT - Unknown,Israel says the remains of a hostage have been turned over in Gaza,2025-11-04 23:45:00,3
363,GDELT - Unknown,What would a Mayor Mamdani mean for the country ?,2025-11-04 23:45:00,0
364,GDELT - Unknown,Trump military use in other countries tests his Maga base,2025-11-04 23:45:00,2
365,GDELT - Unknown,What would a Mayor Mamdani mean for the country ?,2025-11-04 23:45:00,0
366,GDELT - Unknown,US proposes that the UN authorize a Gaza stabilization force for 2 years,2025-11-04 23:45:00,3
367,GDELT - Unknown,رئيس المجلس الوطني يستقبل وفدًا من الكتلة الاشتراكية في الاتحاد الأوروبي,2025-11-04 23:45:00,2
368,GDELT - Unknown,US Suggests UN Security Council Authorize Gaza Stabilization Force For 2 Years – 710am KURV,2025-11-04 23:45:00,3
369,GDELT - Unknown,Gas Prices In Oregon Continue To Fall,2025-11-04 23:45:00,0
370,GDELT - Unknown,"La paraula per a descriure - ho és genocidi : dues dècades després , les matances ètniques tornen al Darfur",2025-11-04 23:45:00,3
371,GDELT - Unknown,نازحون بغزة يعيشون بين الموتى,2025-11-04 23:45:00,3
372,GDELT - Unknown,Trump was this Republican worst nightmare and his legacy,2025-11-04 23:45:00,2
373,GDELT - Unknown,What would a Mayor Mamdani mean for the country ?,2025-11-04 23:45:00,0
374,GDELT - Unknown,"US not considering Tomahawk transfer to Ukraine , Trump says",2025-11-04 23:45:00,2
375,GDELT - Unknown,Santorum to Newsmax : Heritage Chief  Missed It  on Carlson Defense | The Big Talker 93 . 5 FM / 1440 AM,2025-11-04 23:45:00,0
376,GDELT - Unknown,"US not considering Tomahawk transfer to Ukraine , Trump says",2025-11-04 23:30:00,2
377,GDELT - Unknown,"Maria Eugènia Gay , concejal de Barcelona :  Barcelona se compromete para que Gaza sea reconocida de nuevo en el mundo",2025-11-04 23:30:00,3
378,GDELT - Unknown,"A big Election Day , inflation denial , traveling for free : Catch up on the day stories | National",2025-11-04 23:30:00,0
379,GDELT - Unknown,מה מתרחש בעת האחרונה בלבנון ? / טור פרשנות,2025-11-04 23:30:00,3
380,GDELT - Unknown,"Dick Cheney , one of the most powerful and polarizing vice presidents in US history , dies at 84",2025-11-04 23:30:00,2
381,GDELT - Unknown,IZRAEL : Okolnosti pádu generální vojenské prokurátorky,2025-11-04 23:30:00,3
382,GDELT - Unknown,Santorum to Newsmax : Heritage Chief  Missed It  on Carlson Defense | NewsTalk 590,2025-11-04 23:30:00,0
383,GDELT - Unknown,What would a Mayor Mamdani mean for the country ?,2025-11-04 23:30:00,0
384,GDELT - Unknown,"11 new paperbacks to curl up with this winter , from Sally Rooney , Alex Van Halen and others",2025-11-04 23:30:00,0
385,GDELT - Unknown,Santorum to Newsmax : Heritage Chief  Missed It  on Carlson Defense,2025-11-04 23:30:00,0
386,GDELT - Unknown,Leading Rabbi Resigns from Heritage Task Force Over Roberts Remarks | NewsTalk 590,2025-11-04 23:30:00,0
387,GDELT - Unknown,Leading Rabbi Resigns from Heritage Task Force Over Roberts Remarks,2025-11-04 23:30:00,0
388,GDELT - Unknown,"US not considering Tomahawk transfer to Ukraine , Trump says",2025-11-04 23:30:00,2
389,GDELT - Unknown,Irán : Con 241 ahorcados en octubre Irán bate récord mensual de ejecuciones,2025-11-04 23:30:00,1
390,GDELT - Unknown,"US not considering Tomahawk transfer to Ukraine , Trump says",2025-11-04 23:30:00,2
391,GDELT - Unknown,What would a Mayor Mamdani mean for the country ?,2025-11-04 23:30:00,0
392,GDELT - Unknown,The GOP progress with Jewish voters is in jeopardy | JNS,2025-11-04 23:30:00,0
393,GDELT - Unknown,مقدمات نشرات الأخبار المسائية,2025-11-04 23:30:00,0
394,GDELT - Unknown,"When Rabin was assassinated , Israel changed before my eyes",2025-11-04 23:30:00,3
395,GDELT - Unknown,"What to watch on Election Day 2025 : Trump strength , Democrat message",2025-11-04 23:30:00,2
396,GDELT - Unknown,Suez Canal Revenues Rise As Red Sea Tensions Ease,2025-11-04 23:30:00,0
397,GDELT - Unknown,وزير الخارجية : ندير علاقتنا مع إيران وتركيا من منظور حسن الجوار,2025-11-04 23:30:00,1
398,GDELT - Unknown,Where things really went wrong for Dick Cheney .,2025-11-04 23:30:00,0
399,GDELT - Unknown,Leading Rabbi Resigns from Heritage Task Force Over Roberts Remarks,2025-11-04 23:30:00,0
400,GDELT - Unknown,Президент США против Мадуро и исламистов Нигерии . Комментарий Георгия Бовта,2025-11-04 23:30:00,0
401,GDELT - Unknown,ANTISEMITISMUS : Wikipedie se stala nepoužitelným zdrojem informací,2025-11-04 23:30:00,0
402,GDELT - Unknown,What would a Mayor Mamdani mean for the country ?,2025-11-04 23:30:00,0
403,GDELT - Unknown,"US not considering Tomahawk transfer to Ukraine , Trump says",2025-11-04 23:30:00,2
404,GDELT - Unknown,Direkt – Krisen i Mellanöstern – united states vill få FN - beslut om styrkor i Gaza,2025-11-04 23:30:00,3
405,GDELT - Unknown,Santorum to Newsmax : Heritage Chief  Missed It  on Carlson Defense,2025-11-04 23:30:00,0
406,GDELT - Unknown,"Not enough tents , food reaching Gaza as winter comes , aid agencies say",2025-11-04 23:30:00,3
407,GDELT - Unknown,US proposes that the UN authorize a Gaza stabilization force for 2 years,2025-11-04 23:30:00,3
408,GDELT - Unknown,Papież : trzeba dążyć do dialogu między united states i Wenezuelą,2025-11-04 23:30:00,1
409,GDELT - Unknown,Trump hesitant to arm Ukraine with long - range Tomahawk missiles,2025-11-04 23:30:00,2
410,GDELT - Unknown,Video : ¿ POTENCIAS PODRÍAN DETENER ATAQUE A VENEZUELA ? Gestión por Diario Gestión,2025-11-04 23:30:00,0
411,GDELT - Unknown,Karoline Leavitt Skewers Zohran Mamdani After He Blames Trump for NJ Polling Location Threats,2025-11-04 23:30:00,2
412,GDELT - Unknown,"Relația Trump - Putin a explodat . Pârghia lipsă de la Casa Albă care să - l supună pe dictator , dezvăluită de un expert",2025-11-04 23:30:00,2
413,GDELT - Unknown,"Curses , tears , chaos as Gaza motion fails at Milton council",2025-11-04 23:30:00,3
414,GDELT - Unknown,"Remembering the unforgettable journalist and  Spike  author Arnaud de Borchgrave – World Tribune : U . S . Politics and Culture , Geostrategy , China , North Korea , Corporate Watch , Media Watch",2025-11-04 23:30:00,0
415,GDELT - Unknown,Gazzede geçici yönetim için anlaştılar,2025-11-04 23:30:00,3
416,GDELT - Unknown,E  sempre CartaBianca Iacchetti contro il governo | Dico quel c *** o che voglio,2025-11-04 23:30:00,0
417,GDELT - Unknown,اجتماعات القاهرة للفصائل الفلسطينية : بحث إدارة غزة بعد الحرب وتشكيل لجنة انتقالية,2025-11-04 23:30:00,3
418,GDELT - Unknown,"ח  כית של לפיד : נתניהו אפשר ה - 7 באוקטובר כדי  לכבות הפגנות , החרדים  פרזיטים",2025-11-04 23:15:00,0
419,GDELT - Unknown,"US not considering Tomahawk transfer to Ukraine , Trump says",2025-11-04 23:15:00,2
420,GDELT - Unknown,Mayor Chow acknowledging the genocide in Gaza should be welcomed as an act of solidarity,2025-11-04 23:15:00,3
421,GDELT - Unknown,"US not considering Tomahawk transfer to Ukraine , Trump says",2025-11-04 23:15:00,2
422,GDELT - Unknown,"Canadian Jewish Groups Demand Toronto Mayor Apologize , Resign for  Genocide in Gaza  Comments",2025-11-04 23:15:00,3
423,GDELT - Unknown,"US not considering Tomahawk transfer to Ukraine , Trump says",2025-11-04 23:15:00,2
424,GDELT - Unknown,Tucker Carlson sorry for saying he dislikes Christian Zionists,2025-11-04 23:15:00,3
425,GDELT - Unknown,"Iran Celebrates Anniversary of US Embassy Takeover With Chants of  Death to America ,  Death to Israel",2025-11-04 23:15:00,1
426,GDELT - Unknown,Израильские ученые идентифицировали 5 миллионов жертв Холокоста благодаря ИИ,2025-11-04 23:15:00,3
427,GDELT - Unknown,"Sequoia Roelof Botha Steps Down , Alfred Lin and Pat Grady To Take Over",2025-11-04 23:15:00,0
428,GDELT - Unknown,Ізраїльські науковці ідентифікували 5 мільйонів жертв Голокосту завдяки ШІ,2025-11-04 23:15:00,3
429,GDELT - Unknown,US proposes that the UN authorize a Gaza stabilization force for 2 years,2025-11-04 23:15:00,3
430,GDELT - Unknown,What would a Mayor Mamdani mean for the country ?,2025-11-04 23:15:00,0
431,GDELT - Unknown,Pentagon policy shop is a  Pigpen - like  mess : Sen . Cotton,2025-11-04 23:15:00,0
432,GDELT - Unknown,"Atacar cartéis , tomar campos ou … nada : Trump avalia opes e riscos sobre Venezuela",2025-11-04 23:15:00,2
433,GDELT - Unknown,What would a Mayor Mamdani mean for the country ?,2025-11-04 23:15:00,0
434,GDELT - Unknown,Mary Ellen Klas : The strange quest to unseat MAGA stalwart Thomas Massie,2025-11-04 23:15:00,0
435,GDELT - Unknown,Controversial MyWay+ Launch Fails Commuters | The Canberra Times,2025-11-04 23:15:00,0
436,GDELT - Unknown,Leading Rabbi Resigns from Heritage Task Force Over Roberts Remarks,2025-11-04 23:15:00,0
437,GDELT - Unknown,"US not considering Tomahawk transfer to Ukraine , Trump says",2025-11-04 23:15:00,2
438,GDELT - Unknown,What would a Mayor Mamdani mean for the country ?,2025-11-04 23:15:00,0
439,GDELT - Unknown,זמיר : מרפיח לא ייצא מחבל חי בלי השבת הדר גולדין • עמית סגל : למה לשלם פעמיים ?,2025-11-04 23:15:00,0
440,GDELT - Unknown,ضياء رشوان : اليمين الإسرائيلي المتطرف ونتنياهو يريدان نسف اتفاق وقف إطلاق النار,2025-11-04 23:15:00,3
441,GDELT - Unknown,"Israel , Jewish Groups Remember Former US Vice President Dick Cheney as  Great Friend , Steadfast Supporter",2025-11-04 23:15:00,3
442,GDELT - Unknown,Israel receives remains said to be of deceased hostage held in Gaza,2025-11-04 23:15:00,3
443,GDELT - Unknown,"US not considering Tomahawk transfer to Ukraine , Trump says",2025-11-04 23:15:00,2
444,GDELT - Unknown,US Proposes International Gaza Force to UN as Turkey Pushes for Role Amid Concerns Over Hamas Support,2025-11-04 23:15:00,3
445,GDELT - Unknown,Gazos Ruože Raudonajam Kryžiui perduotas įkaito kūnas,2025-11-04 23:15:00,3
446,GDELT - Unknown,Santorum to Newsmax : Heritage Chief  Missed It  on Carlson Defense,2025-11-04 23:15:00,0
447,GDELT - Unknown,Η νέα εν Χριστώ ζωή,2025-11-04 23:15:00,0
448,GDELT - Unknown,ماذا بعد موقف لبنان من خيار التفاوض مع إسرائيل ؟,2025-11-04 23:15:00,3
449,GDELT - Unknown,LIran rilascia i due cittadini francesi arrestati nel 2022 : vince la  diplomazia solitaria  di Macron,2025-11-04 23:15:00,0
450,GDELT - Unknown,השופט סולברג : היועמ  שית תשיב עד יום חמישי מדוע לא תימנע מעיסוק בפרשת הפצ  רית,2025-11-04 23:15:00,0
451,GDELT - Unknown,Ukrainian children are dead . Russia must be held accountable,2025-11-04 23:15:00,0
452,GDELT - Unknown,Schumer offers final Mamdani sidestep ahead of NYC polls closing,2025-11-04 23:15:00,0
453,GDELT - Unknown,"US not considering Tomahawk transfer to Ukraine , Trump says",2025-11-04 23:15:00,2
454,GDELT - Unknown,"US not considering Tomahawk transfer to Ukraine , Trump says",2025-11-04 23:15:00,2
455,GDELT - Unknown,"In  The Eleventh Hour  Salman Rushdie explores mortality , legacy , and the nature of art",2025-11-04 23:15:00,0
456,GDELT - Unknown,Türkiyeden Afrikada stratejik hamle : Uzay üssüyle yeni dönem başlıyor - Dünyadan Son Dakika Haberleri,2025-11-04 23:15:00,0
457,GDELT - Unknown,"Filistin Esir İşleri Kurumu Başkanı : İsrail , cezaevlerinde  sessiz soykırım  uyguluyor",2025-11-04 23:15:00,3
459,GDELT - Unknown,NYT : Cum se pregătește administrația Trump de război cu Venezuela . SUA caută „ opțiuni  pentru a - l elimina pe Maduro de la putere,2025-11-04 23:15:00,2
460,GDELT - Unknown,Israel says the remains of a hostage have been turned over in Gaza,2025-11-04 23:15:00,3
461,GDELT - Unknown,إيران ومخاطبة ترامب,2025-11-04 23:15:00,1
462,GDELT - Unknown,"New York élit son maire , le socialiste Zohran Mamdani net favori",2025-11-04 23:15:00,0
463,GDELT - Unknown,Эр - Рияд может получить 48 истребителей F - 35 без признания Израиля,2025-11-04 23:15:00,3
464,GDELT - Unknown,issue17144,2025-11-04 23:15:00,0
465,GDELT - Unknown,US proposes that the UN authorize a Gaza stabilization force for 2 years,2025-11-04 23:15:00,3
466,GDELT - Unknown,Resistance to digital colonialism in Palestine,2025-11-04 23:15:00,3
467,GDELT - Unknown,Video : MÉXICO explica el POR QUÉ aceptó el ASILO para BETSSY CHÁVEZ y rechaza decisión de PERÚ Gestión por Diario Gestión,2025-11-04 23:15:00,0
468,GDELT - Unknown,Γάζα : « Με το σταγονόμετρο » φτάνει η ανθρωπιστική βοήθεια - Το Ισραήλ κατηγορεί τη Χαμάς ότι λεηλατεί τα φορτηγά,2025-11-04 23:00:00,3
469,GDELT - Unknown,Egypt Suez Canal Revenues Rise 14 % as Red Sea Tensions Ease,2025-11-04 23:00:00,0
470,GDELT - Unknown,"After 2 years of devastating war , will Arab countries now turn their backs on Israel ?",2025-11-04 23:00:00,3
471,GDELT - Unknown,Suez Canal Revenues Rise as Red Sea Tensions Ease,2025-11-04 23:00:00,0
472,GDELT - Unknown,US proposes that the UN authorize a Gaza stabilization force for 2 years,2025-11-04 23:00:00,3
473,GDELT - Unknown,جريدة القدس,2025-11-04 23:00:00,3
474,GDELT - Unknown,إسرائيل تفرض شروطًا تمنع دخول المساعدات الإنسانية إلى غزة,2025-11-04 23:00:00,3
475,GDELT - Unknown,Senator Cruz Wipes Floor with Nick Fuentes and Tucker Carlson,2025-11-04 22:30:00,0
476,GDELT - Unknown,Leading Rabbi Resigns from Heritage Task Force Over Roberts Remarks,2025-11-04 22:30:00,0
477,GDELT - Unknown,מנכ  ל משרד הפנים :  תזכיר חוק לשכר מנכ  לים יופץ עד סוף השבוע,2025-11-04 22:30:00,0
478,GDELT - Unknown,Israel : Liget af endnu et gidsel er blevet udleveret fra Gaza,2025-11-04 22:30:00,3
479,GDELT - Unknown,Radiohead unveil new merch line ahead of European comeback tour kicking off,2025-11-04 22:30:00,0
480,GDELT - Unknown,הרב יצחק שילת : המעצרים - טעות מוחלטת,2025-11-04 22:30:00,0
481,GDELT - Unknown,US proposes that the UN authorize a Gaza stabilization force for 2 years,2025-11-04 22:30:00,3
482,GDELT - Unknown,اعتقالات في الضفة ومشروع استيطاني جديد في قلب الخليل في منطقة « الحسبة القديمة » والبلدية تسابق الزمن,2025-11-04 22:30:00,0
483,GDELT - Unknown,Names of 5 Million Holocaust Victims Identified after Decades of Effort - Novinite . com,2025-11-04 22:30:00,0
484,GDELT - Unknown,"US not considering Tomahawk transfer to Ukraine , Trump says",2025-11-04 22:30:00,2
485,GDELT - Unknown,"Az Európai Bizottság már bővítene , de nagyon döcög a szekér",2025-11-04 22:30:00,0
486,GDELT - Unknown,Israel receives another body recovered in Gaza,2025-11-04 22:30:00,3
487,GDELT - Unknown,Police : Las Vegas teen  on path to violence  arrested after supporting foreign terrorist organizations online,2025-11-04 22:30:00,0
488,GDELT - Unknown,La furia dei coloni israeliani sugli ulivi palestinesi | drone contro i pacifisti,2025-11-04 22:30:00,3
489,GDELT - Unknown,O - I Glass Reports Third Quarter 2025 Results,2025-11-04 22:30:00,0
490,GDELT - Unknown,"What to watch on Election Day 2025 : Trump strength , Democrat message",2025-11-04 22:30:00,2
491,GDELT - Unknown,"US not considering Tomahawk transfer to Ukraine , Trump says",2025-11-04 22:30:00,2
492,GDELT - Unknown,"US not considering Tomahawk transfer to Ukraine , Trump says",2025-11-04 22:30:00,2
493,GDELT - Unknown,Στρατηγικός ενεργειακός εταίρος των ΗΠΑ η Ελλάδα,2025-11-04 22:30:00,1
494,GDELT - Unknown,הרב אלחנן שרלו : החרדים - אחים שלי בלב,2025-11-04 22:30:00,0
495,GDELT - Unknown,המרצה הישראלית שנעצרה בחשד להסתה נגד המדינה מצטרפת לאונ  פרינסטון בארה  ב,2025-11-04 22:30:00,0
496,GDELT - Unknown,Santorum to Newsmax : Heritage Chief  Missed It  on Carlson Defense,2025-11-04 22:30:00,0
497,GDELT - Unknown,Hamas udleverer endnu et lig af gidsel til Israel,2025-11-04 22:30:00,3
498,GDELT - Unknown,French pair released after 3 - year Iran jail ordeal,2025-11-04 22:30:00,1
499,GDELT - Unknown,Danmark køber mellemrækkende luftforsvar i Europa,2025-11-04 22:30:00,0
500,GDELT - Unknown,Israel says the remains of a hostage have been turned over in Gaza,2025-11-04 22:30:00,3
501,GDELT - Unknown,Συμφωνία ΗΠΑ - Ισραήλ για την απέλαση 200 μαχητών της Χαμάς,2025-11-12 01:00:00,3
502,GDELT - Unknown,Gazzede bu kış da çetin geçecek,2025-11-12 01:00:00,3
503,GDELT - Unknown,Faith leaders join together for  Hope & Love are Stronger  event in Gainesville,2025-11-12 01:00:00,0
504,GDELT - Unknown,Don Bosco y su envío misionero de salesianos a Sudamérica hace 150 años : Ordenan 2 nuevos sacerdotes,2025-11-12 01:00:00,0
505,GDELT - Unknown,"I should have quit : Fetterman talks Senate race , mental health , Gov . Shapiro in book",2025-11-12 01:00:00,0
506,GDELT - Unknown,الشرع لـ  واشنطن بوست : طردنا إيران وحزب الله من سوريا ... ونخوض مفاوضات مباشرة مع إسرائيل,2025-11-12 01:00:00,1
507,GDELT - Unknown,Top diplomats from G7 countries meet in Canada as trade tensions rise with Trump,2025-11-12 01:00:00,2
508,GDELT - Unknown,俄方宣布准备向印度转让核技术 ； 政府  停摆  持续 ， 美国约6 % 的航班被取消 ； 31省份人口抚养比数据公布丨早报,2025-11-12 01:00:00,0
509,GDELT - Unknown,Honouring Doug Cole air force legacy and family sacrifices | The Maitland Mercury,2025-11-12 01:00:00,0
510,GDELT - Unknown,Top diplomats from G7 countries meet in Canada as trade tensions rise with Trump,2025-11-12 01:00:00,2
511,GDELT - Unknown,特朗普 ： 是否占领加沙取决于以色列 – 华侨网,2025-11-12 01:00:00,3
512,GDELT - Unknown,"King hugs Second World War veteran , 105 , at Windsor remembrance reception",2025-11-12 01:00:00,2
513,GDELT - Unknown,MATT LOHMEIER to JACK POSOBIEC : The same Marxist tactics that divided Bolshevik Russia are targeting America military | Human Events,2025-11-12 01:00:00,1
514,GDELT - Unknown,停火  满月  加沙苦难如常 美以又有新动作 _ 凤凰网,2025-11-12 01:00:00,0
515,GDELT - Unknown,Israeli settlers attack two Palestinian villages in the West Bank,2025-11-12 01:00:00,3
516,GDELT - Unknown,核阴影正在蔓延 美俄为何拨弄  核弦  的危险乐音 ？_ 凤凰网,2025-11-12 01:00:00,0
517,GDELT - Unknown,This podcast says  Ive Had It  with Republicans – and Democrats who dont fight back,2025-11-12 01:00:00,0
518,GDELT - Unknown,Dozens of Israeli settlers launch arson attack in West Bank as attacks against Palestinians surge,2025-11-12 01:00:00,3
519,GDELT - Unknown,Sharaa confirms Syria is in direct talks with Israel,2025-11-12 01:00:00,3
520,GDELT - Unknown,This podcast says  Ive Had It  with Republicans – and Democrats who dont fight back,2025-11-12 01:00:00,0
521,GDELT - Unknown,How To Start War With Russia – A British Think Tank Has Ideas – Moon of Alabama,2025-11-12 01:00:00,0
522,GDELT - Unknown,صمت أفيخاي .. عراب السردية الإسرائيلية الكاذبة خارج المشهد ( فيديو ),2025-11-12 01:00:00,3
523,GDELT - Unknown,Woke megastar denounces America while livestreaming from China notorious Tiananmen Square,2025-11-12 01:00:00,2
524,GDELT - Unknown,ماكرون وعباس يعلنان عن  لجنة مشتركة  لصياغة دستور الدولة الفلسطينية ( فيديو ),2025-11-12 01:00:00,3
525,GDELT - Unknown,"Netanyahu Key Advisor Ron Dermer Resigns , To Continue As Special Envoy",2025-11-12 01:00:00,3
526,GDELT - Unknown,"Allarme droni in Nord Europa , Belgio schiera alleati e investe 50 milioni",2025-11-12 01:00:00,0
527,GDELT - Unknown,Oregon Gas Prices Down | 106 . 7 The Eagle,2025-11-12 01:00:00,0
528,GDELT - Unknown,مجلة نيو لاينز || ملامح مستقبل غزة,2025-11-12 00:45:00,3
529,GDELT - Unknown,MACAU DAILY TIMES 澳門每日時報Tens of thousands of Israelis attend funeral of soldier whose remains were held in Gaza for 11 years,2025-11-12 00:45:00,3
530,GDELT - Unknown,Anand opens G7 foreign ministers meeting with a push for multilateralism - Medicine Hat NewsMedicine Hat News,2025-11-12 00:45:00,2
531,GDELT - Unknown,This podcast says  Ive Had It  with Republicans – and Democrats who dont fight back,2025-11-12 00:45:00,0
532,GDELT - Unknown,На директора Читинского зоопарка завели дела после гибели рабочего от нападения изюбря,2025-11-12 00:45:00,0
533,GDELT - Unknown,"King hugs Second World War veteran , 105 , at Windsor remembrance reception",2025-11-12 00:45:00,2
534,GDELT - Unknown,Iran Hostage Crisis veteran shares story of faith during captivity,2025-11-12 00:45:00,1
535,GDELT - Unknown,"Middle East , towards a US military base in Israel on the border with Gaza",2025-11-12 00:45:00,3
536,GDELT - Unknown,This podcast says  Ive Had It  with Republicans – and Democrats who dont fight back,2025-11-12 00:45:00,0
537,GDELT - Unknown,以媒 ： 美國計劃在與加沙邊境附近建立價值5億美元的軍事基地,2025-11-12 00:45:00,3
538,GDELT - Unknown,Saudi Crown Prince to visit White House amid doubts on Israel ties,2025-11-12 00:45:00,2
539,GDELT - Unknown,川普將再戰2028美國總統 ？ 共和黨點將錄 范斯 、 盧比歐排名領先 | 美國新聞 | 全球,2025-11-12 00:45:00,2
540,GDELT - Unknown,موقع بكرا - استقالة رون ديرمر من الحكومة الإسرائيلية : هذه الحكومة ستُذكر بيوم السابع من أكتوبر وبإدارة الحرب,2025-11-12 00:45:00,3
541,GDELT - Unknown,Boiling point | The Irish World,2025-11-12 00:45:00,0
542,GDELT - Unknown,【 早报 】 不  杀  不足以平民愤 ！ |足球|男足|男篮|全运会|赵心童|斯诺克,2025-11-12 00:45:00,0
543,GDELT - Unknown,Oregon Gas Prices Down | K103 Portland,2025-11-12 00:45:00,0
544,GDELT - Unknown,7 . ŘÍJEN : Oslava vražedného běsnění - Neviditelný pes,2025-11-12 00:45:00,0
545,GDELT - Unknown,BBC boss rallies staff in face of leadership crisis and Trump legal threat,2025-11-12 00:45:00,2
546,GDELT - Unknown,غزة تتجه نحو التقسيم الدائم,2025-11-12 00:45:00,3
547,GDELT - Unknown,This podcast says  Ive Had It  with Republicans – and Democrats who dont fight back,2025-11-12 00:45:00,0
548,GDELT - Unknown,الحيرة في كتابة مقال أسبوعي !,2025-11-12 00:45:00,0
549,GDELT - Unknown,"King hugs Second World War veteran , 105 , at Windsor remembrance reception",2025-11-12 00:45:00,2
550,GDELT - Unknown,ANDREW PIERCE : Sir Robbie Gibb is NOT a Tory stooge . He the BBC board member who standing up for licence payers,2025-11-12 00:45:00,0
551,GDELT - Unknown,"Italia urmează să se confrunte cu două greve naționale rivale , pe fondul tensiunilor dintre sindicate",2025-11-12 00:45:00,0
552,GDELT - Unknown,Saudi Crown Prince to visit White House amid doubts on Israel ties,2025-11-12 00:45:00,2
553,GDELT - Unknown,"Love her or not , Nancy Pelosi leaves a powerful legacy",2025-11-12 00:45:00,0
554,GDELT - Unknown,Saudi Crown Prince to visit White House amid doubts on Israel ties,2025-11-12 00:45:00,2
555,GDELT - Unknown,PATRICK LAWRENCE : Al - Qaeda Goes to Washington,2025-11-12 00:45:00,2
556,GDELT - Unknown,"Israeli settlers attack two Palestinian villages in the West Bank , setting fires and wounding 4",2025-11-12 00:45:00,3
557,GDELT - Unknown,Dozens of athletes call on UEFA to ban Israel over rights abuses,2025-11-12 00:45:00,3
558,GDELT - Unknown,MACAU DAILY TIMES 澳門每日時報Furor over editing of Trump speech sparks  existential crisi at the BBC,2025-11-12 00:45:00,2
559,GDELT - Unknown,Dozens of Israeli settlers launch arson attack in West Bank as attacks against Palestinians surge,2025-11-12 00:45:00,3
560,GDELT - Unknown,Saudi Crown Prince to visit White House amid doubts on Israel ties,2025-11-12 00:45:00,2
561,GDELT - Unknown,أزمة « بي بي سي » الدائمة,2025-11-12 00:45:00,0
562,GDELT - Unknown,Saudi Crown Prince to visit White House amid doubts on Israel ties,2025-11-12 00:45:00,2
563,GDELT - Unknown,"A visual guide to 14 of the drones wreaking havoc in Ukraine , Russia and beyond - 12 - Nov - 2025",2025-11-12 00:45:00,0
564,GDELT - Unknown,This podcast says  Ive Had It  with Republicans – and Democrats who dont fight back,2025-11-12 00:45:00,0
565,GDELT - Unknown,"At Veterans Day rally , vets are critical of Trump administration immigration enforcement",2025-11-12 00:45:00,2
566,GDELT - Unknown,"A visual guide to 14 of the drones wreaking havoc in Ukraine , Russia and beyond - 12 - Nov - 2025",2025-11-12 00:45:00,0
567,GDELT - Unknown,Sami Hamdi agrees to leave US after immigration detention,2025-11-12 00:45:00,2
568,GDELT - Unknown,موقع بكرا - محللون : قانون إعدام الأسرى محاولة للهروب من الفشل وتحويل القضاء إلى أداة انتقام,2025-11-12 00:45:00,0
569,GDELT - Unknown,Législatives en Irak  : plus de la moitié des électeurs se sont déplacés pour voter,2025-11-12 00:45:00,0
570,GDELT - Unknown,"Taliban orders women to wear burkas to access hospitals , MSF says",2025-11-12 00:45:00,0
571,GDELT - Unknown,"King hugs Second World War veteran , 105 , at Windsor remembrance reception",2025-11-12 00:15:00,2
572,GDELT - Unknown,British Muslim commentator Sami Hamdi agrees to leave US after immigration detention,2025-11-12 00:15:00,2
573,GDELT - Unknown,Sarunas Jasikevicius : Felakettik,2025-11-12 00:15:00,0
574,GDELT - Unknown,Who will be the next nightmare ?: Arab world reacts to Adraee resignation,2025-11-12 00:15:00,3
575,GDELT - Unknown,Taps could run dry in drought - stricken Tehran,2025-11-12 00:15:00,1
576,GDELT - Unknown,Иран тврди дека разбил шпионска мрежа водена од Израел и САД,2025-11-12 00:15:00,1
577,GDELT - Unknown,"Wonder Woman Gal Gadot , premiată de Israel pentru sprijinul acordat țării în timpul războiului",2025-11-12 00:15:00,3
578,GDELT - Unknown,Vestal Elks Lodge hosts fifth annual Veterans Day donation drive,2025-11-12 00:15:00,0
579,GDELT - Unknown,« Кан »: Трамп не позволяет Израилю убить хамасовцев в Рафиахе,2025-11-12 00:15:00,3
580,GDELT - Unknown,This podcast says  Ive Had It  with Republicans – and Democrats who dont fight back,2025-11-12 00:15:00,0
581,GDELT - Unknown,Ульянов усомнился в позитивной роли евротройки в иранской ядерной программе,2025-11-12 00:15:00,1
582,GDELT - Unknown,Jewish students barricade themselves in building at Berlin Technical University to,2025-11-12 00:15:00,0
583,GDELT - Unknown,This podcast says  Ive Had It  with Republicans – and Democrats who dont fight back,2025-11-12 00:15:00,0
584,GDELT - Unknown,issue17151,2025-11-12 00:15:00,0
585,GDELT - Unknown,BBC Left - Wing Bias Laid Bare Again : 215 Corrections Over Israel Coverage Since Oct . 7,2025-11-12 00:15:00,3
586,GDELT - Unknown,Ukrajina širi sistem virtuelnog rata : Vojnici u igri stradanja,2025-11-12 00:15:00,0
587,GDELT - Unknown,تزايُد الضغوط في إسرائيل لإجراء  تحقيق في الفشل الاستخباراتي,2025-11-12 00:15:00,3
588,GDELT - Unknown,No lograron acuerdo con la empresa : Pilotos de Latam Airlines irán a huelga,2025-11-12 00:15:00,0
589,GDELT - Unknown,Saudi Crown Prince to visit White House amid doubts on Israel ties,2025-11-12 00:15:00,2
590,GDELT - Unknown,באישור ישראל : זה התפקיד החדש של מיליציית אבו שבאב ברצועת עזה,2025-11-12 00:15:00,3
591,GDELT - Unknown,"השר הכי קרוב לנתניהו התפטר :  מודה לבורא עולם , חש ברכה עצומה על שזכיתי",2025-11-12 00:15:00,0
592,GDELT - Unknown,"John Cleese : Safety , not boycott , led to Israel tour postponement",2025-11-12 00:15:00,3
593,GDELT - Unknown,UNICEF : Izrael blokira milione špriceva neophodnih za vakcinaciju dece u Gazi,2025-11-12 00:15:00,3
594,GDELT - Unknown,Ισραήλ : Παραιτήθηκε ο υπουργός Στρατηγικών Υποθέσεων και επικεφαλής διαπραγματευτής για τους ομήρους,2025-11-12 00:15:00,3
595,GDELT - Unknown,"King hugs Second World War veteran , 105 , at Windsor remembrance reception",2025-11-12 00:15:00,2
596,GDELT - Unknown,Israeli cybersecurity startup Tenzai raises record $75M Seed to revolutionize AI - powe,2025-11-12 00:15:00,0
597,GDELT - Unknown,Irán busca soluciones urgentes para la peor sequía de los últimos 60 años,2025-11-12 00:15:00,1
598,GDELT - Unknown,Saudi Crown Prince to visit White House amid doubts on Israel ties,2025-11-12 00:15:00,2
599,GDELT - Unknown,"King hugs Second World War veteran , 105 , at Windsor remembrance reception",2025-11-12 00:15:00,2
600,GDELT - Unknown,"King hugs Second World War veteran , 105 , at Windsor remembrance reception",2025-11-12 00:15:00,2
601,GDELT - Unknown,"Израелски министър , приближен на Нетаняху , хвърли оставка",2025-11-12 00:15:00,3
602,GDELT - Unknown,« مرگ با هزاران زخم »؛ آیا اسرائيل و آمریکا می‌توانند تا پایان دوره ترامپ رژیم ایران را تغییر دهند ؟,2025-11-12 00:15:00,1
603,GDELT - Unknown,"King hugs Second World War veteran , 105 , at Windsor remembrance reception",2025-11-12 00:15:00,2
604,GDELT - Unknown,"King hugs Second World War veteran , 105 , at Windsor remembrance reception",2025-11-12 00:15:00,2
605,GDELT - Unknown,Israele perde la guerra dellimmagine : la disfatta della Hasbara – NUOVA RESISTENZA antifa,2025-11-12 00:15:00,3
606,GDELT - Unknown,Filistin Temsilcisi UCMyi Destekleme Çağrısında Bulundu,2025-11-12 00:15:00,3
607,GDELT - Unknown,"King hugs Second World War veteran , 105 , at Windsor remembrance reception",2025-11-12 00:15:00,2
608,GDELT - Unknown,"King hugs Second World War veteran , 105 , at Windsor remembrance reception",2025-11-12 00:15:00,2
609,GDELT - Unknown,שלוש שנים לאחר כניסתו לתפקיד : רון דרמר התפטר מהממשלה,2025-11-12 00:15:00,0
610,GDELT - Unknown,Revista desnuda a Corina,2025-11-12 00:15:00,0
611,GDELT - Unknown,अग्रलेख : विद्वेषवृक्षाची विषफळे !,2025-11-12 00:15:00,0
612,GDELT - Unknown,"King hugs Second World War veteran , 105 , at Windsor remembrance reception",2025-11-12 00:15:00,2
613,GDELT - Unknown,Sami Hamdi agrees to leave US after immigration detention,2025-11-12 00:15:00,2
614,GDELT - Unknown,"King hugs Second World War veteran , 105 , at Windsor remembrance reception",2025-11-12 00:15:00,2
615,GDELT - Unknown,קווין ספייסי :  אני נמצא במקום שבו אין לי דבר להסתיר,2025-11-12 00:15:00,0
616,GDELT - Unknown,"Almanacco di mercoledì 12 Novembre : accadde oggi , compleanni , santo e proverbio del giorno",2025-11-12 00:15:00,0
617,GDELT - Unknown,"King hugs Second World War veteran , 105 , at Windsor remembrance reception",2025-11-12 00:15:00,2
618,GDELT - Unknown,"King hugs Second World War veteran , 105 , at Windsor remembrance reception",2025-11-12 00:15:00,2
619,GDELT - Unknown,"With Gaza and Lebanon ceasefires teetering , here what could set them off",2025-11-12 00:15:00,3
620,GDELT - Unknown,This podcast says  Ive Had It  with Republicans – and Democrats who dont fight back,2025-11-12 00:15:00,0
621,GDELT - Unknown,"King hugs Second World War veteran , 105 , at Windsor remembrance reception",2025-11-12 00:15:00,2
622,GDELT - Unknown,Saudi Crown Prince to visit White House amid doubts on Israel ties,2025-11-12 00:15:00,2
623,GDELT - Unknown,Jeopolitik kaldıraç : Su ! | Türkiye Gazetesi,2025-11-12 00:15:00,0
624,GDELT - Unknown,Trump says US ordered batch of B - 2 strategic bombers,2025-11-12 00:15:00,2
625,GDELT - Unknown,Saudi Crown Prince to visit White House amid doubts on Israel ties,2025-11-12 00:00:00,2
626,GDELT - Unknown,"Elise Stefanik , Republican Who Dominated House Antisemitism Hearings , to Run for New York Governor",2025-11-12 00:00:00,0
627,GDELT - Unknown,"2026 World Cup tracker : Who in , who out , who can still qualify ?",2025-11-12 00:00:00,0
628,GDELT - Unknown,Saudi Crown Prince to visit White House amid doubts on Israel ties,2025-11-12 00:00:00,2
629,GDELT - Unknown,"King hugs Second World War veteran , 105 , at Windsor remembrance reception",2025-11-12 00:00:00,2
630,GDELT - Unknown,"Some Israelis argue all soldiers are heroes , should not be prosecuted",2025-11-12 00:00:00,3
631,GDELT - Unknown,Cornell Inks $60M Deal With Trump Administration to Resolve Antisemitism Claims,2025-11-12 00:00:00,2
632,GDELT - Unknown,This podcast says  Ive Had It  with Republicans – and Democrats who dont fight back,2025-11-12 00:00:00,0
633,GDELT - Unknown,Trump : Acabamos con la capacidad nuclear de Irán  en cuestión de segundos,2025-11-12 00:00:00,1
634,GDELT - Unknown,Трехзвездный  величайший эстрадный артист мира,2025-11-12 00:00:00,0
635,GDELT - Unknown,Houthis signal end of attacks on Israel and Red Sea vessels after Gaza ceasefire,2025-11-12 00:00:00,3
636,GDELT - Unknown,Saudi Crown Prince to visit White House amid doubts on Israel ties,2025-11-12 00:00:00,2
637,GDELT - Unknown,Sami Hamdi agrees to leave US after immigration detention,2025-11-12 00:00:00,2
638,GDELT - Unknown,"King hugs Second World War veteran , 105 , at Windsor remembrance reception",2025-11-12 00:00:00,2
639,GDELT - Unknown,Δυτική Όχθη : Εποικοι επιτίθενται σε παλαιστινιακές κοινότητες - Τραυματίες και πυρπολημένες περιουσίες,2025-11-12 00:00:00,3
640,GDELT - Unknown,Trump says firebrand ally Greene has  lost her way  after criticism,2025-11-12 00:00:00,2
641,GDELT - Unknown,JCRC Gala Raises Record $2M to Keep Fighting Antisemitism,2025-11-12 00:00:00,0
642,GDELT - Unknown,UNICEF upozorio : Izrael blokira milion injekcija za vakcinaciju djece i flašice s formulama za dojenčad u Gazi,2025-11-12 00:00:00,3
643,GDELT - Unknown,"א ־ שרע : בשביל הסכם , על ישראל לסגת מהשטחים שפלשה אליהם . טראמפ תומך בכך",2025-11-12 00:00:00,3
644,GDELT - Unknown,This podcast says  Ive Had It  with Republicans – and Democrats who dont fight back,2025-11-12 00:00:00,0
645,GDELT - Unknown,Λίβανος : Ο ηγέτης της Χεζμπολάχ καταδικάζει τις αμερικανικές πιέσεις στη Βηρυτό,2025-11-12 00:00:00,3
646,GDELT - Unknown,Ισραήλ : Παραιτήθηκε ο υπουργός Στρατηγικών Υποθέσεων Ρον Ντέρμερ,2025-11-12 00:00:00,3
647,GDELT - Unknown,א - שרע : טראמפ תומך בנסיגה של ישראל מסוריה בשביל הסכם,2025-11-12 00:00:00,3
648,GDELT - Unknown,Sami Hamdi agrees to leave US after immigration detention,2025-11-11 23:45:00,2
649,GDELT - Unknown,Statelessness and political evil : The banality of violence in Gaza,2025-11-11 23:45:00,3
650,GDELT - Unknown,جريدة القدس,2025-11-11 23:45:00,3
651,GDELT - Unknown,Yemen Houthis appear to pull back from Red Sea shipping attacks,2025-11-11 23:45:00,0
652,GDELT - Unknown,Israeli parliament advances death penalty Bill backed by far - right security minister,2025-11-11 23:45:00,3
653,GDELT - Unknown,Irak elige un nuevo Parlamento en un momento clave para la región,2025-11-11 23:45:00,0
654,GDELT - Unknown,الولايات المتحدة الأمريكية تخطط لإنشاء قاعدة ضخمة عسكرية قرب غزة,2025-11-11 23:45:00,3
655,GDELT - Unknown,"King hugs Second World War veteran , 105 , at Windsor remembrance reception",2025-11-11 23:45:00,2
656,GDELT - Unknown,جريدة القدس,2025-11-11 23:45:00,3
657,GDELT - Unknown,Sami Hamdi agrees to leave US after immigration detention,2025-11-11 23:45:00,2
658,GDELT - Unknown,This podcast says  Ive Had It  with Republicans – and Democrats who dont fight back,2025-11-11 23:45:00,0
659,GDELT - Unknown,This podcast says  Ive Had It  with Republicans – and Democrats who dont fight back,2025-11-11 23:45:00,0
660,GDELT - Unknown,"King hugs Second World War veteran , 105 , at Windsor remembrance reception",2025-11-11 23:45:00,2
661,GDELT - Unknown,This podcast says  Ive Had It  with Republicans – and Democrats who dont fight back,2025-11-11 23:00:00,0
662,GDELT - Unknown,This podcast says  Ive Had It  with Republicans – and Democrats who dont fight back,2025-11-11 23:00:00,0
663,GDELT - Unknown,أي رسالة على لبنان أن يفهمها ؟,2025-11-11 23:00:00,3
664,GDELT - Unknown,"King hugs Second World War veteran , 105 , at Windsor remembrance reception",2025-11-11 23:00:00,2
665,GDELT - Unknown,"Risk , fear , and deflection : Some thoughts about antisemitism",2025-11-11 23:00:00,0
666,GDELT - Unknown,Israeli settlers attack two Palestinian villages in the West Bank,2025-11-11 23:00:00,3
667,GDELT - Unknown,News1 | משרד הבריאות : הרפורמה בהתפתחות הילד נדחתה - ההחזרים על טיפולים יימשכו עד 2029,2025-11-11 23:00:00,0
668,GDELT - Unknown,Dozens of Israeli settlers launch arson attack in West Bank as attacks against Palestinians surge,2025-11-11 23:00:00,3
669,GDELT - Unknown,"Scotty Fox Jr ., Curtis Jones lead West Virginia to 29 - 22 win over Colorado",2025-11-11 23:00:00,0
670,GDELT - Unknown,Начался « новый этап » в военном конфликте между США и Венесуэлой,2025-11-11 23:00:00,0
671,GDELT - Unknown,"Редкостный шарлатан . Войны , остановленные Трампом , продолжаются",2025-11-11 23:00:00,2
672,GDELT - Unknown,The Fight for the Right - Mishpacha Magazine,2025-11-11 23:00:00,0
673,GDELT - Unknown,مقدمات نشرات الأخبار المسائية ليوم الثلاثاء 11 / 11 / 2025 | جريدة الأنباء الإلكترونية,2025-11-11 23:00:00,0
674,GDELT - Unknown,"King hugs Second World War veteran , 105 , at Windsor remembrance reception",2025-11-11 23:00:00,2
675,GDELT - Unknown,From al - Qaeda to the Oval Office : Trump New Syrian Partner,2025-11-11 23:00:00,2
676,GDELT - Unknown,"Saudi Arabia , Israel peace elusive as Prince Salman plans US visit",2025-11-11 23:00:00,3
677,GDELT - Unknown,"King hugs Second World War veteran , 105 , at Windsor remembrance reception",2025-11-11 23:00:00,2
678,GDELT - Unknown,Is Trump Trapped By His Own Vision ?,2025-11-11 23:00:00,2
679,GDELT - Unknown,El portaaviones más poderoso del mundo se incorpora al operativo de EEUU en el Caribe,2025-11-11 23:00:00,0
680,GDELT - Unknown,"א - שרע עוקץ את ישראל וטוען : היא צריכה לסגת , טראמפ תומך בנו",2025-11-11 23:00:00,3
681,GDELT - Unknown,This podcast says  Ive Had It  with Republicans – and Democrats who dont fight back,2025-11-11 23:00:00,0
682,GDELT - Unknown,מוסלמי דתי מנשק יהודים חרדים | ומה חיפש גדעון סער באסטוניה • צפו,2025-11-11 22:15:00,3
683,GDELT - Unknown,"King hugs Second World War veteran , 105 , at Windsor remembrance reception",2025-11-11 22:15:00,2
685,GDELT - Unknown,"BBC must fight , says outgoing chief as Trump threatens to sue",2025-11-11 22:15:00,2
686,GDELT - Unknown,مقدمات نشرات الأخبار المسائية,2025-11-11 22:15:00,0
687,GDELT - Unknown,This podcast says  Ive Had It  with Republicans – and Democrats who dont fight back,2025-11-11 22:00:00,0
688,GDELT - Unknown,التهديد النووي يعود بقوة .. والذكاء الاصطناعي يفاقم المخاطر,2025-11-11 22:00:00,0
689,GDELT - Unknown,UŽASNE BROJKE : Evo koliko puta je Izrael prekršio primirje i koliko puta je sankcionisan,2025-11-11 22:00:00,3
690,GDELT - Unknown,لبنان تحت الضغوط حتى إشعار آخر,2025-11-11 22:00:00,3
691,GDELT - Unknown,جريدة النهار الكويتية | الرئيس السوري : لا مفاوضات وشيكة مع إسرائيل,2025-11-11 22:00:00,3
692,GDELT - Unknown,مراقب الدولة الإسرائيلية : تل أبيب عاشت عقودًا بلا عقيدة أمن قومي رسمية,2025-11-11 22:00:00,3
693,GDELT - Unknown,سهيل دياب : الضفة الغربية أهم لدى إسرائيل من أي منطقة فلسطينية لهذه الأسباب,2025-11-11 22:00:00,3
694,GDELT - Unknown,يونيسف : إسرائيل تمنع وصول مليون محقن لتطعيم أطفال غزة,2025-11-11 22:00:00,3
695,GDELT - Unknown,US Mulls Major New Base Near Gaza For  Stabilization Operations,2025-11-11 22:00:00,3
696,GDELT - Unknown,British Muslim commentator Sami Hamdi agrees to leave US after immigration detention,2025-11-11 22:00:00,2
697,GDELT - Unknown,British Muslim commentator Sami Hamdi agrees to leave US after immigration detention,2025-11-11 22:00:00,2
698,GDELT - Unknown,"הרבצ  ר : ההלכה עמדה נר לרגלינו בקביעת מות חטופים , גם ללא גופה",2025-11-11 22:00:00,0
699,GDELT - Unknown,דרמר התפטר :  הממשלה תיזכר בשל 7 / 10 ובשל ניהול המלחמה,2025-11-11 22:00:00,0
700,GDELT - Unknown,"King hugs Second World War veteran , 105 , at Windsor remembrance reception",2025-11-11 22:00:00,2
701,GDELT - Unknown,"King hugs Second World War veteran , 105 , at Windsor remembrance reception",2025-11-11 22:00:00,2
702,GDELT - Unknown,Israeli Minister of Strategic Affairs Ron Dermer resigns,2025-11-11 22:00:00,3
703,GDELT - Unknown,"Italija se sprema za dva nacionalna štrajka , rivalstvo između sindikata se nastavlja",2025-11-11 22:00:00,0
704,GDELT - Unknown,Macron and Abbas announce joint committee to work on Palestinian constitution,2025-11-11 22:00:00,3
705,GDELT - Unknown,Lebanon warns Israeli violations threaten stability as UN peacekeepers enter final phase of mission,2025-11-11 22:00:00,3
706,GDELT - Unknown,The  Ive Had It  podcast is popular with disaffected Democrats : NPR,2025-11-11 22:00:00,0
707,GDELT - Unknown,Sami Hamdi agrees to leave US after immigration detention,2025-11-11 22:00:00,2
708,GDELT - Unknown,"King hugs Second World War veteran , 105 , at Windsor remembrance reception",2025-11-11 22:00:00,2
709,GDELT - Unknown,"King hugs Second World War veteran , 105 , at Windsor remembrance reception",2025-11-11 22:00:00,2
710,GDELT - Unknown,لينا مظلوم : تشكيل الحكومة العراقية بعد الانتخابات البرلمانية لن يكون سهلا,2025-11-11 22:00:00,0
711,GDELT - Unknown,Ισραήλ : Παραιτήθηκε ο υπουργός Στρατηγικών Υποθέσεων Ρον Ντέρμερ,2025-11-11 22:00:00,3
712,GDELT - Unknown,"King hugs Second World War veteran , 105 , at Windsor remembrance reception",2025-11-11 21:45:00,2
713,GDELT - Unknown,This podcast says  Ive Had It  with Republicans – and Democrats who dont fight back,2025-11-11 21:45:00,0
714,GDELT - Unknown,Oväntat högt valdeltagande i Irak,2025-11-11 21:45:00,0
715,GDELT - Unknown,Ισραήλ : Παραιτήθηκε ο υπουργός Στρατηγικών Υποθέσεων,2025-11-11 21:45:00,3
716,GDELT - Unknown,This podcast says  Ive Had It  with Republicans – and Democrats who dont fight back,2025-11-11 21:45:00,0
717,GDELT - Unknown,Sami Hamdi agrees to leave US after immigration detention,2025-11-11 21:45:00,2
718,GDELT - Unknown,Saudi Crown Prince to visit White House amid doubts on Israel ties,2025-11-11 21:45:00,2
719,GDELT - Unknown,This podcast says  Ive Had It  with Republicans – and Democrats who dont fight back,2025-11-11 21:45:00,0
720,GDELT - Unknown,"BBC must fight , says outgoing chief as Trump threatens to sue",2025-11-11 21:45:00,2
721,GDELT - Unknown,Macron warns any planned West Bank annexation a  red line,2025-11-11 21:45:00,0
722,GDELT - Unknown,ROUNDUP : Verletzte nach Siedlerangriff im Westjordanland,2025-11-11 21:45:00,0
723,GDELT - Unknown,Γάζα : Κίνδυνος για de facto διχοτόμηση – Το σχέδιο Τραμπ αποτυγχάνει,2025-11-11 21:45:00,3
724,GDELT - Unknown,Sami Hamdi agrees to leave US after immigration detention,2025-11-11 21:45:00,2
725,GDELT - Unknown,The political meddling that led to BBC crisis – and how to stop it in the future,2025-11-11 21:45:00,0
726,GDELT - Unknown,İsrailde Stratejik İşler Bakanı Ron Dermer istifa etti,2025-11-11 21:45:00,3
727,GDELT - Unknown,اليونيسيف : إسرائيل تمنع وصول اللقاحات وحليب الأطفال الى غزة - موقع الصحوة نت الاخباري,2025-11-11 21:45:00,3
728,GDELT - Unknown,Franca Cumhurbaşkanı Macron ile Filistin Devlet Başkanı Abbas bir araya geldi,2025-11-11 21:45:00,3
729,GDELT - Unknown,Cornell Inks $60M Deal With Trump Administration to Resolve Antisemitism Claims,2025-11-11 21:45:00,2
730,GDELT - Unknown,Israeli settlers attack two Palestinian villages in the West Bank – Brandon Sun,2025-11-11 21:45:00,3
731,GDELT - Unknown,BBC Trump Crisis : Leaked Messages Reveal Staff Rage At Board,2025-11-11 21:45:00,2
732,GDELT - Unknown,Sami Hamdi agrees to leave US after immigration detention,2025-11-11 21:45:00,2
733,GDELT - Unknown,Macron e Abbas anunciam  comité conjunto  para redigir a Constituio do Estado da Palestina,2025-11-11 21:45:00,3
734,GDELT - Unknown,This podcast says  Ive Had It  with Republicans – and Democrats who dont fight back,2025-11-11 21:45:00,0
735,GDELT - Unknown,Μακρόν και Αμπάς συγκροτούν επιτροπή για νέο Σύνταγμα της Παλαιστίνης,2025-11-11 21:45:00,3
736,GDELT - Unknown,"King hugs Second World War veteran , 105 , at Windsor remembrance reception",2025-11-11 21:45:00,2
737,GDELT - Unknown,"France to help Palestinians draft constitution for future state , Macron says",2025-11-11 21:45:00,3
739,GDELT - Unknown,Trump says US ordered batch of B - 2 strategic bombers,2025-11-11 21:45:00,2
740,GDELT - Unknown,This podcast says  Ive Had It  with Republicans – and Democrats who dont fight back,2025-11-11 21:45:00,0
741,GDELT - Unknown,Iraqi voters turn out in numbers as region watches on,2025-11-11 21:45:00,0
742,GDELT - Unknown,Latest Articles,2025-11-11 21:45:00,0
743,GDELT - Unknown,قمة الشرع - ترمب : زيارة تاريخية تعيد سورية إلى الساحة الدولية !,2025-11-11 21:45:00,3
744,GDELT - Unknown,Orbán a Trump : Schôdzka pri obede bez oficiálneho záznamu,2025-11-11 21:45:00,2
745,GDELT - Unknown,Sami Hamdi agrees to leave US after immigration detention,2025-11-11 21:45:00,2
746,GDELT - Unknown,This podcast says  Ive Had It  with Republicans – and Democrats who dont fight back,2025-11-11 21:45:00,0
747,GDELT - Unknown,Saudi Crown Prince to visit White House amid doubts on Israel ties,2025-11-11 21:45:00,2
748,GDELT - Unknown,气候变化的现实 、 根源与环保展望 （ 下 ） | www . wenxuecity . com,2025-11-11 21:45:00,0
749,GDELT - Unknown,Ministro próximo de Netanyahu demite - se um mês após trégua em Gaza,2025-11-11 21:45:00,3
750,GDELT - Unknown,Saudi Crown Prince to visit White House amid doubts on Israel ties,2025-11-11 21:45:00,2
751,GDELT - Unknown,JD Vance appeals for patience as Gaza truce hangs in balance – DW – 10 / 22 / 2025,2025-10-22 01:00:00,0
752,GDELT - Unknown,البروبوغاندا .. العصا السحرية للقوة الإعلامية الصهيونية,2025-10-22 01:00:00,3
753,GDELT - Unknown,"Vance optimistic about Gaza ceasefire , warns Hamas to  cooperate",2025-10-22 01:00:00,3
754,GDELT - Unknown,Trump Is Still Talking About Going To Heaven,2025-10-22 01:00:00,2
755,GDELT - Unknown,JEDNÁNÍ : Trump opět „ zklamal  Zelenského a EU ?,2025-10-22 01:00:00,2
756,GDELT - Unknown,NYU Communist vow Marxist revolution at  No King protests,2025-10-22 01:00:00,0
757,GDELT - Unknown,"4 - Star Firings : Trump Overhauling Generals , Admirals",2025-10-22 01:00:00,2
758,GDELT - Unknown,Barış anlaşması kâğıt üzerinde kaldı - Garantör devletler nerede ? - İsrail katletmeye devam ediyor !,2025-10-22 01:00:00,3
759,GDELT - Unknown,"M . O ., Tajani : Lavoriamo per convincere a trasformare tregua in pace",2025-10-22 01:00:00,0
760,GDELT - Unknown,Gas Prices Continue Decline | 106 . 7 The Eagle,2025-10-22 01:00:00,0
761,GDELT - Unknown,Gas Prices Continue Decline | JAMN 107 . 5,2025-10-22 01:00:00,0
762,GDELT - Unknown,Gazze soykırımı dünya sinemasını nasıl yeniden tanımlıyor ?,2025-10-22 01:00:00,3
763,GDELT - Unknown,British officers sent to Israel to help monitor Gaza ceasefire,2025-10-22 01:00:00,3
764,GDELT - Unknown,The unquiet frontier,2025-10-22 01:00:00,0
765,GDELT - Unknown,"İsrail , zeytin toplayan çiftçilere 22 günde 158 kez saldırdı",2025-10-22 01:00:00,3
766,GDELT - Unknown,Iran second - half strikes sink India in Shillong Women Friendlies,2025-10-22 01:00:00,1
767,GDELT - Unknown,"Labour MEPs Agius Saliba , Attard accuse EP of attacking Malta reputation",2025-10-22 01:00:00,0
768,GDELT - Unknown,"Sheikh Qassem : Netanyahu can boast about bloodlust , but still cant guarantee a future for Israel",2025-10-22 01:00:00,3
769,GDELT - Unknown,İsrail ateşkesi ihlal ediyor ve insanları hapsediyor,2025-10-22 01:00:00,3
770,GDELT - Unknown,CNN In Flux as Warner Bros . Discovery Mulls Sale :  People Want This Phase to Be Over,2025-10-22 01:00:00,0
771,GDELT - Unknown,Embattled Trump nominee says he withdrawing after losing GOP support,2025-10-22 01:00:00,2
772,GDELT - Unknown,BM : Kış gelmeden Gazzeye çok daha fazla barınak malzemesi girmeli,2025-10-22 01:00:00,3
773,GDELT - Unknown,Minister Dermer to resign in early November :  Will remain around,2025-10-22 01:00:00,0
774,GDELT - Unknown,Avrupa Parlamentosundan ABye çağrı : İsrailden savaş suçlarının hesabını sor !,2025-10-22 01:00:00,3
775,GDELT - Unknown,Gas Prices Continue Decline | Z100 Portland,2025-10-22 01:00:00,0
776,GDELT - Unknown,İslam dünyası gerçekten üfürükten teyyare imiş !,2025-10-22 01:00:00,0
777,GDELT - Unknown,هل نستفيد كأردنيين من التغيرات في المنطقة ؟,2025-10-22 01:00:00,3
778,GDELT - Unknown,Yolo County : Judge dismisses indictment in UC Davis Egghead vandalism case,2025-10-22 01:00:00,0
779,GDELT - Unknown,Hamas Says Dealt  Severe Blow  To Group It Says Collaborated With Israel,2025-10-22 01:00:00,3
780,GDELT - Unknown,Israel identifies one of two deceased hostages returned Tuesday as Aryeh Zalmanovich,2025-10-22 01:00:00,3
781,GDELT - Unknown,Kansainvälinen tuomioistuin linjaa tänn Israelin velvollisuuksista miehitetyillä palestiinalaisalueilla,2025-10-22 01:00:00,3
782,GDELT - Unknown,Embattled Trump nominee says he withdrawing after losing GOP support,2025-10-22 01:00:00,2
783,GDELT - Unknown,"Trump trains guns on Venezuela : Why now , options before Maduro",2025-10-22 01:00:00,2
784,GDELT - Unknown,"நேதன்யாகு கனடாவில் நுழைந்தால் கைது : பிரதமர் மார்க் கார்னி உறுதி / Benjamin Netanyahu would be arrested if he enters Canada , affirms Canadian Prime Minister Mark Carney",2025-10-22 01:00:00,0
785,GDELT - Unknown,Jubilant Crowd Welcomes Released Israeli Hostage Home,2025-10-22 01:00:00,3
786,GDELT - Unknown,"Corteo Pro - Pal a Bologna ,  Unica pace fermare united states e Israele  - Notizie",2025-10-22 00:45:00,3
787,GDELT - Unknown,"New Editor , Same Old Bias at Rolling Stone",2025-10-22 00:45:00,0
788,GDELT - Unknown,"Что хорошо для Израиля , и что для него плохо ?",2025-10-22 00:45:00,3
789,GDELT - Unknown,"Венс од Израел : Доколку Хамас не се разоружа , ќе го уништиме",2025-10-22 00:45:00,3
790,GDELT - Unknown,미중 정상회담 불발 경계심에 코스피  미끌 … 삼전 · 하이닉스 약세,2025-10-22 00:45:00,0
791,GDELT - Unknown,ハマスが人質2人の遺体引き渡し 、 あと13人か 「 努力続ける 」,2025-10-22 00:45:00,3
792,GDELT - Unknown,Não se engane com o discurso : Trump abandonou a Ucrânia desde o início,2025-10-22 00:45:00,2
793,GDELT - Unknown,Hamas a comunicat că a efectuat o lovitură grea unei grupări care ameninţa securitatea Fîşiei Gaza,2025-10-22 00:45:00,3
794,GDELT - Unknown,"SUA nu vor trimite trupe în Fîșia Gaza , a declarat J . D . Vance , în Israel , fiind foarte optimist cu privire la o menținere a armistițiului în Fîşia Gaza",2025-10-22 00:45:00,3
795,GDELT - Unknown,这回只能  赌  特朗普了 ？_ 凤凰网,2025-10-22 00:45:00,2
796,GDELT - Unknown,Why Trump made breakthrough in Gaza but cant with Putin over Ukraine,2025-10-22 00:45:00,1
797,GDELT - Unknown,"Hardwiring normalization Infrastructures , extraction and Gaza future",2025-10-22 00:45:00,3
798,GDELT - Unknown,傳因加薩戰爭政策起爭執 尼坦雅胡開除國安顧問 | 國際,2025-10-22 00:45:00,0
799,GDELT - Unknown,إيران ... ما وراء استحضار الماضي ؟,2025-10-22 00:45:00,1
800,GDELT - Unknown,Why Trump made breakthrough in Gaza but cant with Putin over Ukraine,2025-10-22 00:45:00,1
801,GDELT - Unknown,罕见警告以色列 ， 同时威胁哈马斯 ， 担心停火协议生变 ， 美高官密集访以,2025-10-22 00:45:00,3
802,GDELT - Unknown,"Pôr fim ao genocídio , Cessar - fogo permanente , Palestina soberana e independente",2025-10-22 00:45:00,3
803,GDELT - Unknown,غزة ... عناقيد الغضب,2025-10-22 00:45:00,3
804,GDELT - Unknown,Chilling 7 word warning issued for Hamas | US | News,2025-10-22 00:45:00,3
805,GDELT - Unknown,رحلة بلير الجديدة,2025-10-22 00:45:00,0
806,GDELT - Unknown,AI helping fuel reduction in global religious freedom : study,2025-10-22 00:45:00,0
807,GDELT - Unknown,غزة ... المخاطر الإقليمية بعد الاتفاق,2025-10-22 00:45:00,3
808,GDELT - Unknown,Open Enrollment is Coming . How Much Will Your Health Insurance Cost ?,2025-10-22 00:45:00,0
809,GDELT - Unknown,Minister Dermer to resign in early November :  Will remain around,2025-10-22 00:45:00,0
810,GDELT - Unknown,La Casa Blanca refreda la cimera entre Trump i Putin i diu que no es farà  en un futur immediat,2025-10-22 00:45:00,2
811,GDELT - Unknown,Нетанјаху го разреши советникот за национална безбедност Цачи Ханегби,2025-10-22 00:45:00,0
812,GDELT - Unknown,Эксперт Наполитано : мир на Украине должен отличаться от сделки по Газе,2025-10-22 00:45:00,3
813,GDELT - Unknown,Embattled Trump nominee says he withdrawing after losing GOP support,2025-10-22 00:45:00,2
814,GDELT - Unknown,Le ministre de lenseignement supérieur dénonce un  rassemblement aux relents antisémites  à luniversité Paris - VIII,2025-10-22 00:45:00,0
815,GDELT - Unknown,والآن ... ثم ماذا بعد ؟!,2025-10-22 00:45:00,0
816,GDELT - Unknown,أسامة كمال : اغتيال إسحاق رابين نتيجة تحريض واسع داخل إسرائيل ضد فكرة السلام,2025-10-22 00:30:00,3
817,GDELT - Unknown,Interview : Ukraine Is Our Red Line,2025-10-22 00:30:00,0
818,GDELT - Unknown,特朗普是普京手上的一张牌,2025-10-22 00:30:00,2
819,GDELT - Unknown,UK Troops Join US Ceasefire Force in Gaza,2025-10-22 00:30:00,3
820,GDELT - Unknown,אחרי שהחטופים חזרו מהשבי בעזה : זה המהלך החדש של ח  כ צבי סוכות,2025-10-22 00:30:00,0
821,GDELT - Unknown,One of slain hostages returned by Hamas identified as 85 - year - old Arie Zalmanowicz,2025-10-22 00:30:00,3
822,GDELT - Unknown,KUNA : Briefing of KUNA main news for Tuesday until 00 : 00 GMT - Media,2025-10-22 00:30:00,0
823,GDELT - Unknown,"Ateşkesin ikinci aşamasına ilişkin İsrail , ABD ve Mısır arasında anlaşmazlık var",2025-10-22 00:30:00,3
824,GDELT - Unknown,John Fetterman wants to oppose Democrats and use the  nuclear option  to reopen the government by overriding the filibuster,2025-10-22 00:30:00,0
825,GDELT - Unknown,"In Israel , Vance Is Optimistic About Ceasefire",2025-10-22 00:30:00,3
826,GDELT - Unknown,Bu gün Azərbaycan - İran dövlət sərhədinin tam nəzarətə götürülməsindən 5 il ötür,2025-10-22 00:30:00,0
827,GDELT - Unknown,Israeli settlers beat Palestinian farmers on video as attacks mount during West Bank olive harvest,2025-10-22 00:30:00,3
828,GDELT - Unknown,46 Demokrat senatörden Trumpa İsrailin Batı Şeriayı ilhakına engel olması çağrısı,2025-10-22 00:30:00,3
829,GDELT - Unknown,The Latest : Trump hosts GOP senators at White House as shutdown drags on,2025-10-22 00:30:00,2
830,GDELT - Unknown,Saudi Crown Prince Mohammed bin Salman to Meet Trump at White House in November,2025-10-22 00:30:00,2
831,GDELT - Unknown,The Latest : Trump hosts GOP senators at White House as shutdown drags on,2025-10-22 00:30:00,2
832,GDELT - Unknown,"Netanyahu limoge le chef du Conseil de sécurité nationale , Tzachi Hanegbi , pour opposition à plusieurs de ses décisions",2025-10-22 00:30:00,0
833,GDELT - Unknown,அமைதி ஒப்பந்தம் பேச்சுவார்த்தை : ட்ரம்ப் விருப்பத்தை நிராகரித்த ஈரான் சுப்ரீம் தலைவர் காமேனி,2025-10-22 00:30:00,0
834,GDELT - Unknown,"Израиль получил тела двух заложников , убитых в секторе Газа",2025-10-22 00:30:00,3
835,GDELT - Unknown,Hamas Returns Two Hostage Bodies Amid Gaza Ceasefire Tension,2025-10-22 00:30:00,3
836,GDELT - Unknown,Why Trump made breakthrough in Gaza but cant with Putin over Ukraine,2025-10-22 00:30:00,1
837,GDELT - Unknown,Israel takes steps to shut down international aid groups in Gaza and the West Bank,2025-10-22 00:30:00,3
838,GDELT - Unknown,"Hamas ridotta ma non distrutta , ancora 20mila uomini e il 90 % di razzi in meno",2025-10-22 00:30:00,3
839,GDELT - Unknown,KUNA : US opens center for overseeing implementation of Gaza ceasefire - Military,2025-10-22 00:30:00,3
840,GDELT - Unknown,特朗普是普京手上的一张牌,2025-10-22 00:30:00,2
841,GDELT - Unknown,Paul Ingrassia withdraws nomination amid mounting controversies,2025-10-22 00:30:00,0
842,GDELT - Unknown,Scotto | A Gaza c  è una tregua Ora spetta alla politica trasformarla in pace,2025-10-22 00:15:00,3
843,GDELT - Unknown,美副總統范斯率團訪以色列 力保加薩停火協議 | 國際,2025-10-22 00:15:00,3
844,GDELT - Unknown,Idf | consegnate le bare di due ostaggi | Vance | Le violenze non sono la fine della tregua a Gaza per la pace e la ricostruzione servirà molto tempo,2025-10-22 00:15:00,3
845,GDELT - Unknown,Europejskie Centrum Solidarności nie przyjmie delegacji z Izraela,2025-10-22 00:15:00,3
846,GDELT - Unknown,The genocide the Left ignores - Washington Examiner,2025-10-22 00:15:00,0
847,GDELT - Unknown,Açık istihbarat,2025-10-22 00:15:00,0
848,GDELT - Unknown,Crisi umanitaria a Gaza : analisi delle dinamiche politiche e delle sfide attuali,2025-10-22 00:15:00,3
849,GDELT - Unknown,Israeli settlers beat Palestinian farmers on video as attacks mount during West Bank olive harvest,2025-10-22 00:15:00,3
850,GDELT - Unknown,Hamas ha riconsegnato i corpi di altri due ostaggi israeliani morti nella Striscia di Gaza,2025-10-22 00:15:00,3
851,GDELT - Unknown,Graham Platner says  I am not a secret Nazi  after photos of his tattoo emerge,2025-10-22 00:15:00,0
852,GDELT - Unknown,Gazzedeki soykırıma karışan 30 bin İsrail askeri ifşa oldu,2025-10-22 00:15:00,3
853,GDELT - Unknown,Embattled Trump nominee says he withdrawing after losing GOP support,2025-10-22 00:15:00,2
854,GDELT - Unknown,Lübnan tezkeresi Meclisten geçti ! TSKnın görev süresi uzatıldı,2025-10-22 00:15:00,3
855,GDELT - Unknown,Israeli military says two coffins said to contain hostage bodies cross into Israel - LocalNews8 . com,2025-10-22 00:15:00,3
856,GDELT - Unknown,Gazeteciler Cemiyetinin efsane Başkanı Beyhan Cenkçi ( 1935 - 18 Mart 1993 ) kimin sayesinde senatör olarak atandı ?,2025-10-22 00:15:00,0
857,GDELT - Unknown,Israeli military says two coffins said to contain hostage bodies cross into Israel,2025-10-22 00:15:00,3
858,GDELT - Unknown,The Internet Is Going to Break Again,2025-10-22 00:15:00,0
859,GDELT - Unknown,China Crude Oil Stockpiling Baffles Markets,2025-10-22 00:15:00,0
860,GDELT - Unknown,World News : US increases pressure on Hamas to disarm,2025-10-22 00:15:00,3
861,GDELT - Unknown,Освобожденный из плена ХАМАС Максим Харкин захотел лично поблагодарить Путина :: Новости дня / ВЗГЛЯД,2025-10-22 00:15:00,0
862,GDELT - Unknown,Vance admits uncertainty over Gazas future governance,2025-10-22 00:15:00,0
863,GDELT - Unknown,The Latest : Trump hosts GOP senators at White House as shutdown drags on,2025-10-22 00:15:00,2
864,GDELT - Unknown,ترامپ و پوتین در بوداپست دیدار نمی‌کنند ؛ کاخ سفید : در آینده نزدیک دیداری برنامه‌ریزی نشده است,2025-10-22 00:15:00,2
865,GDELT - Unknown,Hamas ridotta ma non distrutta ancora 20mila uomini e il 90 % di razzi in meno,2025-10-22 00:15:00,3
866,GDELT - Unknown,The Latest : Trump hosts GOP senators at White House as shutdown drags on,2025-10-22 00:15:00,2
867,GDELT - Unknown,"Colin Sheridan : Ireland independence is rented , and the landlord lives in Washington",2025-10-22 00:15:00,0
868,GDELT - Unknown,Israel takes steps to shut down international aid groups in Gaza and the West Bank,2025-10-22 00:15:00,3
869,GDELT - Unknown,Antònia Vicens :  A mi magrada clavar cops de puny al lector,2025-10-22 00:15:00,0
870,GDELT - Unknown,divya Bhaskar news brief BCCI Demands ACC Mohsin Naqvi Hand Over Asia Cup | મોર્નિંગ ન્યૂઝ બ્રીફ : પુત્રની હત્યા બદલ પૂર્વ DGP સામે FIR દાખલ ; ટ્રમ્પને જર્મનીની નાગરિકતા મળી શકે ; દક્ષિણ ગુજરાતમાં વરસાદની આગાહી - Gujarat News,2025-10-22 00:15:00,0
871,GDELT - Unknown,Spy agency whistleblowers raised no  serious wrongdoing  - watchdog,2025-10-22 00:15:00,0
872,GDELT - Unknown,Bardem : Ne mogu raditi sa nekim ko podržava i opravdava genocid,2025-10-22 00:00:00,0
873,GDELT - Unknown,"Cold cells , meagre meals : Palestinian American boy suffers in Israeli jail",2025-10-22 00:00:00,3
874,GDELT - Unknown,Khamenei Tells Trump To  Keep Dreaming  Over Claims U . S . Destroyed Iran Nuclear Program,2025-10-22 00:00:00,1
875,GDELT - Unknown,Wapres AS Vance Akui Tidak Tahu Siapa yang akan Kelola Gaza di Masa Depan,2025-10-22 00:00:00,3
876,GDELT - Unknown,Israel forcibly displaces Palestinians from homes near Nablus,2025-10-22 00:00:00,3
877,GDELT - Unknown,В Палестине призвали ХАМАС не провоцировать Израиль,2025-10-21 23:45:00,3
878,GDELT - Unknown,"Vance  Se Hamas non si disarma , sarà annientato  Qui News pisa",2025-10-21 23:30:00,3
879,GDELT - Unknown,Trump Meets Senate Republicans Amid Ongoing Government Shutdown,2025-10-21 23:30:00,2
880,GDELT - Unknown,JD Vance afirma en su visita a Israel que alto el fuego va  mucho mejor de lo esperado  pese a las violaciones de tregua,2025-10-21 23:30:00,3
881,GDELT - Unknown,Israeli settlers beat Palestinian farmers on video as attacks mount during West Bank olive harvest,2025-10-21 23:30:00,3
882,GDELT - Unknown,Trump Claims Middle East Countries Want To Send Troops Into Gaza To Fight Hamas,2025-10-21 23:30:00,3
883,GDELT - Unknown,ח  כ יוליה מלינובסקי לערוץ 7 : מקדמים את החוק לשפיטת מחבלי הנוחב  ה,2025-10-21 23:30:00,0
884,GDELT - Unknown,New York – Kigali – Nairobi : les fagots dun périple présidentiel ( par Dr El Hadji Abdourahmane DIOUF ),2025-10-21 23:30:00,0
885,GDELT - Unknown,John Bolton classified information case involves a hack by Iran | Debra J . Saunders | Opinion,2025-10-21 23:30:00,0
886,GDELT - Unknown,Cruces en la Comisión de Presupuesto : el Gobierno nacional confirmó que irá por una Ley Bases 2,2025-10-21 23:30:00,0
887,GDELT - Unknown,World News : US increases pressure on Hamas to disarm,2025-10-21 23:30:00,3
888,GDELT - Unknown,The Latest : Trump hosts GOP senators at White House as shutdown drags on,2025-10-21 23:30:00,2
889,GDELT - Unknown,Israeli settlers appear to beat Palestinian farmers on video,2025-10-21 23:30:00,3
890,GDELT - Unknown,A new must - see in Jerusalem : Knesset revives historic government room with immersive,2025-10-21 23:30:00,3
891,GDELT - Unknown,"Izraēla saņem divus līķus , kurus Hamas uzskata par mirušiem ķīlniekiem",2025-10-21 23:30:00,3
892,GDELT - Unknown,Anthony Browndan son saniyede maç kazandıran mucize lük ! Ulm - Beşiktaş GAİN maç sonucu 99 - 101 - Fanatik Gazetesi Basketbol Haberleri,2025-10-21 23:30:00,0
893,GDELT - Unknown,Exiled Iranian singer speaks out :  Iranian regime is everywhere theyre among us,2025-10-21 23:30:00,1
894,GDELT - Unknown,Vance expresses optimism about the ceasefire in Gaza while noting  very hard  work to come,2025-10-21 23:30:00,3
895,GDELT - Unknown,نائب الرئيس الأمريكي يعرب عن تفاؤله إزاء وقف إطلاق النار في غزة,2025-10-21 23:30:00,3
896,GDELT - Unknown,Sanders says  no one in this country  involved in Gaza peace deal deserves Nobel Peace Prize,2025-10-21 23:30:00,3
897,GDELT - Unknown,What we know so far about Trump trip to Asia,2025-10-21 23:30:00,2
898,GDELT - Unknown,Trump threatens Hamas amid push towards next steps of Gaza truce,2025-10-21 23:30:00,3
899,GDELT - Unknown,"Pôr fim ao genocídio , Cessar - fogo permanente , Palestina soberana e independente",2025-10-21 23:30:00,3
900,GDELT - Unknown,HƏMAS daha iki israilli girovun meyitinin qalıqlarını Qırmızı Xaç Cəmiyyətinə təhvil verib,2025-10-21 23:30:00,0
901,GDELT - Unknown,US opens Gaza aid coordination center in southern Israel after ceasefire deal,2025-10-21 23:30:00,3
902,GDELT - Unknown,От Казани до Голливуда : Афинеевский между активизмом и визуальной драмой,2025-10-21 23:30:00,0
903,GDELT - Unknown,혹시 깨질라 … 가자지구 휴전 유지에 미 · 중재국 잰걸음,2025-10-21 23:30:00,3
904,GDELT - Unknown,Fetterman backs Republicans using  nuclear option  to end shutdown,2025-10-21 23:30:00,1
905,GDELT - Unknown,"For Israelis , Gaza war legacy is growing global isolation",2025-10-21 23:30:00,3
906,GDELT - Unknown,Putin nie poleci do Budapesztu na spotkanie z Trumpem .  Rosja nie zmieniła stanowiska,2025-10-21 23:30:00,2
907,GDELT - Unknown,"트럼프  하마스 , 나쁜짓 계속하면 빠르고 잔혹한 종말",2025-10-21 23:30:00,0
908,GDELT - Unknown,Column | De nieuwe Syrische vriend van Poetin,2025-10-21 23:30:00,1
909,GDELT - Unknown,LTN經濟通 》 昔台灣4萬換1元 中東大國有樣學樣,2025-10-21 23:30:00,0
910,GDELT - Unknown,"Hamas ridotta ma non distrutta , ancora 20mila uomini e il 90 % di razzi in meno",2025-10-21 23:30:00,3
911,GDELT - Unknown,"Evening Brief : Trump - Putin Budapest Meeting Put on Hold , Chinese Fighter Jet Releases Flares Near Australian Patrol Aircraft",2025-10-21 23:30:00,1
912,GDELT - Unknown,"Fact check : Trump promised Michigan peace in Mideast , not troops on US streets",2025-10-21 23:30:00,2
913,GDELT - Unknown,"Hamas ridotta ma non distrutta , ancora 20mila uomini e il 90 % di razzi in meno • Vivere San Benedetto notizie per la città e il territorio",2025-10-21 23:30:00,3
914,GDELT - Unknown,Treasury Secretary Bessent on Diplomatic Blitz,2025-10-21 23:15:00,0
915,GDELT - Unknown,Guerra Gaza Israele . Le news di oggi 22 ottobre in diretta,2025-10-21 23:15:00,3
916,GDELT - Unknown,"Příměří v Gaze nevydrží , obávají se Trumpovi lidé",2025-10-21 23:15:00,3
917,GDELT - Unknown,"Hamas ridotta ma non distrutta , ancora 20mila uomini e il 90 % di razzi in meno",2025-10-21 23:15:00,3
918,GDELT - Unknown,Vance admits uncertainty over Gazas future governance,2025-10-21 23:15:00,0
919,GDELT - Unknown,バンス米副大統領がイスラエル訪問 停戦は 「 うまくいっている 」,2025-10-21 23:15:00,3
920,GDELT - Unknown,Israeli settlers beat Palestinian farmers on video as attacks mount during West Bank olive harvest,2025-10-21 23:15:00,3
921,GDELT - Unknown,"In Baltimore , Oct . 7 Documentary and Speaker Offer  Sobering  but Hopeful View of Past and Future",2025-10-21 23:15:00,0
922,GDELT - Unknown,İsrail ve Mısır Arasında Trump  ın Gazze Planı Üzerine Görüş Ayrılıkları,2025-10-21 23:15:00,3
923,GDELT - Unknown,Idaho governor and members of Congress request federal briefing on Qatari training announcement | Local News,2025-10-21 23:15:00,1
924,GDELT - Unknown,Why the Trump Administration Is Attacking Drug Boats,2025-10-21 23:15:00,2
925,GDELT - Unknown,Vance is optimistic about Gaza ceasefire but notes  very hard  work to come,2025-10-21 23:15:00,3
926,GDELT - Unknown,"Hamas ridotta ma non distrutta , ancora 20mila uomini e il 90 % di razzi in meno",2025-10-21 23:15:00,3
927,GDELT - Unknown,Mit sofortiger Wirkung entlassen - Israels Premier Netanjahu trennt sich von Sicherheitsberater Hanegbi,2025-10-21 23:15:00,3
928,GDELT - Unknown,הקריאה לנפגעי אלימות מינית ב - 7 / 10 להעיד :  התמונה שנחשפה,2025-10-21 23:15:00,0
929,GDELT - Unknown,柳金財觀點 ： 兩岸和平難矣 ？ 再造全球民主供應鏈卻又塑造中國威脅論悖論 | 柳金財 | 評論,2025-10-21 23:15:00,0
930,GDELT - Unknown,MCAD holds fundraising auction - BusinessWorld Online,2025-10-21 23:15:00,0
931,GDELT - Unknown,White House considering pulling controversial nominee after GOP backlash,2025-10-21 23:15:00,2
932,GDELT - Unknown,Premierul Netanyahu îl destituie pe consilierul de securitate Tzachi Hanegbi,2025-10-21 23:15:00,3
933,GDELT - Unknown,President Trump accepts Nixon foundation Architect of Peace Award,2025-10-21 23:15:00,2
934,GDELT - Unknown,Venues Shun Jewish Film Fest in Malmö,2025-10-21 23:15:00,0
935,GDELT - Unknown,Niemcy . Policja zatrzymała pisarza za wpis w internecie,2025-10-21 23:15:00,0
936,GDELT - Unknown,השינוי בשטח עדיין לא מובטח,2025-10-21 23:15:00,0
937,GDELT - Unknown,"כן , אפשר גם אחרת",2025-10-21 23:15:00,0
938,GDELT - Unknown,במרצדס הניתוק יותר נוח,2025-10-21 23:15:00,0
939,GDELT - Unknown,White House considering pulling controversial nominee after GOP backlash,2025-10-21 23:15:00,2
940,GDELT - Unknown,UK Drops Case Against Comedy Writer for Trans - Critical Posts,2025-10-21 23:15:00,0
941,GDELT - Unknown,Demokrat Senatörlerden Trumpa İsrail Mektubu,2025-10-21 23:15:00,3
942,GDELT - Unknown,ExaGrid nommé finaliste des MSP Channel Awards 2025,2025-10-21 23:15:00,0
943,GDELT - Unknown,Holy Family parish recognised for  extraordinary witnes in Gaza,2025-10-21 23:15:00,3
944,GDELT - Unknown,British troops sent to Israel in Gaza ceasefire bid,2025-10-21 23:15:00,3
945,GDELT - Unknown,Vice President Reaffirms Promise : No U . S . Boots on Ground in Gaza,2025-10-21 23:15:00,3
946,GDELT - Unknown,Italy urges Gaza flotilla to hand over aid after drone attack,2025-10-21 23:15:00,2
947,GDELT - Unknown,The Latest : Trump hosts GOP senators at White House as shutdown drags on,2025-10-21 23:15:00,2
948,GDELT - Unknown,Lübnan tezkeresi kabul edildi,2025-10-21 23:15:00,3
949,GDELT - Unknown,"Legendary Baltimore Rabbi and OU Leader Recalled as Consummate , Influential Leader",2025-10-21 23:15:00,0
950,GDELT - Unknown,"Gaza , Trump minaccia Hamas :  Risposta brutale se laccordo salta . Vance in Israele per monitorare il cessate il fuoco",2025-10-21 22:45:00,3
951,GDELT - Unknown,Israeli settlers beat Palestinian farmers on video as attacks mount during West Bank olive harvest,2025-10-21 22:45:00,3
952,GDELT - Unknown,Faruk Kuzu : İlginç Kareler ; Kudüs Savaşına hazır mısınız ?,2025-10-21 22:45:00,3
953,GDELT - Unknown,Uzi Baram : questo governo ha trasformato la sfacciataggine in virtù gli israeliani tornino in piazza,2025-10-21 22:45:00,3
954,GDELT - Unknown,گفت‌وگو با مهرزاد بروجردی ؛ علی شمخانی و محسن رضایی چگونه در ترور پدرم دست داشتند,2025-10-21 22:45:00,0
955,GDELT - Unknown,issue17130,2025-10-21 22:45:00,0
956,GDELT - Unknown,پاک افغان تنازعہ اور سمجھوتہ - ایکسپریس اردو,2025-10-21 22:45:00,0
957,GDELT - Unknown,"Flotilla , le due direttrici dellinchiesta di Roma",2025-10-21 22:45:00,0
958,GDELT - Unknown,Cal Thomas : After Gaza : What next on Israel agenda ?,2025-10-21 22:45:00,3
959,GDELT - Unknown,Israel takes steps to shut down international aid groups in Gaza and the West Bank,2025-10-21 22:45:00,3
960,GDELT - Unknown,Donald Trump Receives Architect of Peace Award Public Reactions Divided,2025-10-21 22:45:00,2
961,GDELT - Unknown,"Искусство заключать сделки 2 . 0 : Трамп переносит амбиции по прекращению огня на Украину ( The Jerusalem Post , Израиль )",2025-10-21 22:45:00,3
962,GDELT - Unknown,Bahçeli ve Uçumdan demokrasi dersleri - Yusuf Karadaş,2025-10-21 22:45:00,0
963,GDELT - Unknown,Israeli military says two coffins said to contain hostage bodies cross into Israel | <span class=  tnt - section - tag no - link  >News< / span>,2025-10-21 22:45:00,3
964,GDELT - Unknown,Stocks mixed and Gold slammed amid profit taking & easing credit concerns - Newsquawk US Market Wrap,2025-10-21 22:45:00,0
965,GDELT - Unknown,التعارض في المصالح,2025-10-21 22:45:00,0
966,GDELT - Unknown,HNonline . sk -  Bude mier až do ďalšej vojny ? pýtajú sa Izraelčania . Prímerie na prvýkrát nikdy nevyšlo,2025-10-21 22:45:00,3
967,GDELT - Unknown,Trump - endorsed candidate enters race to challenge Republican Rep . Thomas Massie of Kentucky,2025-10-21 22:45:00,2
968,GDELT - Unknown,"Европа уничтожена и унижена ( Foreign Policy , США )",2025-10-21 22:45:00,0
969,GDELT - Unknown,Israel commits genocide ? What a perversion of reality .,2025-10-21 22:45:00,3
970,GDELT - Unknown,Habervitrini . com | Damat Kushner İsrail in Katar ı saldırı Trump da ihanete uğrama duygusunu doğurdu,2025-10-21 22:45:00,3
971,GDELT - Unknown,"Hamas , 2 İsrailli esirin daha cesedini İsraile teslim etti",2025-10-21 22:45:00,3
972,GDELT - Unknown,Mehmet Emin Özmen : Kürt Meselesinde büyük fotoğraf,2025-10-21 22:45:00,0
973,GDELT - Unknown,President Trump accepts Nixon foundation Architect of Peace Award,2025-10-21 22:45:00,2
974,GDELT - Unknown,"Gaza ceasefire deal  going better than expected , Vance says",2025-10-21 22:45:00,3
975,GDELT - Unknown,وزيرة إسرائيلية تقترح حرق جثة السنوار زعيم حماس بعد عام على قتله,2025-10-21 22:45:00,3
976,GDELT - Unknown,فانس من إسرائيل : تفاؤل بوقف النار .. خطة ترامب تتقدم وسط دعوات لدور تركي  بنّاء,2025-10-21 22:45:00,3
977,GDELT - Unknown,بعد عام من اتهامه روسيا بتسليح الحوثيين .. الزبيدي يصل موسكو ويلتقي ﻿﻿وزير الخارجية الروسي سيرجي لافروف,2025-10-21 22:45:00,0
978,GDELT - Unknown,Habervitrini . com | Gazze de Sinwar ın yerine aday olan Tevfik Ebu Naim kimdir,2025-10-21 22:45:00,0
979,GDELT - Unknown,গাজায় যুদ্ধবিরতি  প্রত্যাশার চেয়ে ভাল যাচ্ছে : জেডি ভ্যান্স,2025-10-21 22:45:00,0
980,GDELT - Unknown,نتنياهو يُقيل تساحي هنغبي : خلافات غزة والرهائن تُطيح بمستشار الأمن القومي,2025-10-21 22:45:00,3
981,GDELT - Unknown,Mehmed Göktaş : Türkiye bu kuşatmayı kırabilecek mi ?,2025-10-21 22:45:00,0
982,GDELT - Unknown,"ХАМАС ЌЕ СЕ РАЗОРУЖА ИЛИ ЌЕ ГО УНИШТИМЕ Израел ќе одлучи чија војска ќе го чува мирот во Газа , порача Венс",2025-10-21 22:45:00,3
983,GDELT - Unknown,Dovremo imparare ad essere ebrei e allontanarci da Israele finché Israele è quello che è adesso,2025-10-21 22:45:00,3
984,GDELT - Unknown,İsrail kabinesinde kriz ! Netanyahu üst düzey isimlerden Hanegbiyi görevden aldı,2025-10-21 22:45:00,3
985,GDELT - Unknown,Co z sytuacją w Strefie Gazy ? Hamas zwrócił szczątki kolejnych zakładników,2025-10-21 22:45:00,3
986,GDELT - Unknown,"Column : Despite infighting , Democrats can still unite around one common goal",2025-10-21 22:45:00,0
987,GDELT - Unknown,Habervitrini . com | Gazzeli aşiretlerden Hamas ın çetelere karşı savaşına destek,2025-10-21 22:45:00,3
988,GDELT - Unknown,لا أحد يريد « الرقص مع بيبي »!,2025-10-21 22:45:00,0
989,GDELT - Unknown,Trump and Putin meeting in Budapest reportedly on hold,2025-10-21 22:45:00,2
990,GDELT - Unknown,Habervitrini . com | Ceza mahkemesi Netanyahu nun tutuklanması kararının iptalini reddetti,2025-10-21 22:45:00,3
991,GDELT - Unknown,"US stocks finished mixed with price action choppy amid earnings , while precious metals plummeted - Newsquawk Asia - Pac Market Open",2025-10-21 22:45:00,0
992,GDELT - Unknown,Israele deve risarcire due pescatori di Gaza,2025-10-21 22:45:00,3
993,GDELT - Unknown,AP News Summary at 6 : 09 p . m . EDT,2025-10-21 22:45:00,0
994,GDELT - Unknown,مقدمات نشرات الأخبار المسائية,2025-10-21 22:45:00,0
995,GDELT - Unknown,ترامب مهددا  بتأديب  حماس : حلفاء بالشرق الأوسط مستعدون لإرسال قوات لغزة إذا انتهكت الهدنة,2025-10-21 22:45:00,3
996,GDELT - Unknown,القاعدة الجوية,2025-10-21 22:45:00,0
997,GDELT - Unknown,以色列空袭后恢复停火 加沙物资援助重启 – 华侨网,2025-10-21 22:45:00,3
998,GDELT - Unknown,Israeli military says two coffins said to contain hostage bodies cross into Israel,2025-10-21 22:45:00,3
999,GDELT - Unknown,Hamas Quick Regrouping in Gaza Seen as Immediate Threat That Could Unravel the Fragile Peace,2025-10-21 22:30:00,3
1000,GDELT - Unknown,Donald Trump Receives Architect of Peace Award Public Reactions Divided,2025-10-21 22:30:00,2
1001,GDELT - Unknown,"Plan de traicionar a Maduro se trazó luego de que informante se presentara en Embajada de EEUU en RD - Dominican Republic Post – Caribbean News , Business , Travel & Culture",2025-10-29 01:00:00,0
1002,GDELT - Unknown,"Iran Asserts Nuclear Cooperation Governed by National Legislation , Not Confidential Arrangements",2025-10-29 01:00:00,1
1003,GDELT - Unknown,HRW Urges Saudi Arabia To Immediately Release 10 Nubian Egyptian Men,2025-10-29 01:00:00,2
1004,GDELT - Unknown,عاجل .. مصادر فلسطينية : 17 شهيدا في القصف الإسرائيلي المتواصل على قطاع غزة,2025-10-29 01:00:00,3
1005,GDELT - Unknown,AP News Summary at 8 : 03 p . m . EDT,2025-10-29 01:00:00,0
1006,GDELT - Unknown,Vokietijos visuomeninis transliuotojas ZDF kritikuojamas dėl pasamdyto su „ Hamas  siejamo techniko,2025-10-29 01:00:00,3
1007,GDELT - Unknown,Pope reaffirms dialogue with Jews as he marks 60th anniversary of a key document,2025-10-29 01:00:00,2
1008,GDELT - Unknown,Last - ditch push : Pakistan - Afghanistan talks falter amid deep mistrust | Taliban News,2025-10-29 01:00:00,0
1009,GDELT - Unknown,Rio do Janeiro en Radio Continental página 1 de 1,2025-10-29 01:00:00,0
1010,GDELT - Unknown,Ultima Ora - Ultime Notizie Zazoom Social News,2025-10-29 01:00:00,0
1011,GDELT - Unknown,La finta tregua è finita : Netanyahu ordina attacchi  potenti e immediati  su Gaza,2025-10-29 01:00:00,3
1012,GDELT - Unknown,Netanyahu orders attack on Gaza | નેતન્યાહૂએ ગાઝા પર હુમલાનો આદેશ આપ્યો : હમાસ પર ઇઝરાયલી સૈનિકો પર ગોળીબાર કરવાનો આરોપ ; 20 દિવસ પહેલા યુદ્ધવિરામ થયો હતો,2025-10-29 01:00:00,3
1013,GDELT - Unknown,"Gaza Kembali Dibom Israel , Rumah Sakit dan Warga Jadi Sasaran , 30 Tewas",2025-10-29 01:00:00,3
1014,GDELT - Unknown,Gazan viranomaiset : Israelin tuoreet iskut surmanneet ainakin 30 ihmistä Gazassa,2025-10-29 01:00:00,3
1015,GDELT - Unknown,Σαν σήμερα 29 Οκτωβρίου,2025-10-29 01:00:00,0
1016,GDELT - Unknown,Hezbollah : US Bears Responsibility for Every Drop of Blood - Islamic Invitation Turkey,2025-10-29 01:00:00,3
1017,GDELT - Unknown,"Gaza , le news dopo laccordo Israele - Hamas",2025-10-29 01:00:00,3
1018,GDELT - Unknown,Rabbis Angela Buchdahl and Elliot Cosgrove show the split in the pulpit over political endorsements,2025-10-29 01:00:00,0
1019,GDELT - Unknown,イスラエル 、 ガザ空爆１０人死亡 攻撃に報復か,2025-10-29 01:00:00,3
1020,GDELT - Unknown,CNN WIRE - Trump makes false claims to military in aircraft carrier speech,2025-10-29 01:00:00,2
1021,GDELT - Unknown,Hamas : Zwei weitere tote Geiseln geborgen,2025-10-29 01:00:00,3
1022,GDELT - Unknown,"OIC rakes up Kashmir , stays mum on protests in PoK",2025-10-29 01:00:00,0
1023,GDELT - Unknown,How Israel is winning the wars and losing the peace,2025-10-29 01:00:00,3
1024,GDELT - Unknown,Trump Yemen Strike Killed 61 Immigrants and No Combatants,2025-10-29 01:00:00,2
1025,GDELT - Unknown,Conricus to Newsmax : Hamas Exploits US Pressure to Avoid Disarming,2025-10-29 01:00:00,3
1026,GDELT - Unknown,Trump Targets Venezuela – Moon of Alabama,2025-10-29 01:00:00,2
1027,GDELT - Unknown,Ultima Ora - Ultime Notizie Zazoom Social News,2025-10-29 01:00:00,0
1028,GDELT - Unknown,Gaza ceasefire tested as Israel and Hamas exchange fire and blame,2025-10-29 01:00:00,3
1029,GDELT - Unknown,How Israel is winning the wars and losing the peace,2025-10-29 01:00:00,3
1030,GDELT - Unknown,إذا اتحدنا كنا أقوياء .. الرئيس الإيراني يدعو إلى إنشاء عملة مشتركة لدول المنطقة,2025-10-29 00:45:00,1
1031,GDELT - Unknown,Israel lifts state of emergency for communities neighbouring Gaza,2025-10-29 00:45:00,3
1032,GDELT - Unknown,gaja - Tarun Mitra,2025-10-29 00:45:00,0
1033,GDELT - Unknown,ABD Başkan Yardımcısı Vance : Gazzede ateşkes sürüyor,2025-10-29 00:45:00,3
1034,GDELT - Unknown,How Israel is winning the wars and losing the peace,2025-10-29 00:45:00,3
1035,GDELT - Unknown,Armatori a tutto gas | il manifesto,2025-10-29 00:45:00,0
1036,GDELT - Unknown,"Cuomo narrows Mamdani lead , as older voters flock to the polls for early voting | JTA",2025-10-29 00:45:00,0
1037,GDELT - Unknown,"Food stamps at risk , vision of the future , 24 hours on a luxury train : Catch up on the day stories",2025-10-29 00:45:00,0
1038,GDELT - Unknown,নেতানিয়াহুর নির্দেশের পর গাজায় বড় ধরনের বিমান হামলা ইসরাইলের,2025-10-29 00:45:00,0
1039,GDELT - Unknown,美  가자지구 휴전 유효 … 이스라엘 공격 재개에 서둘러 물타기,2025-10-29 00:45:00,3
1040,GDELT - Unknown,US claims ceasefire holding as Israel strikes Gaza,2025-10-29 00:45:00,3
1041,GDELT - Unknown,Hamas : Zwei weitere tote Geiseln geborgen,2025-10-29 00:45:00,3
1042,GDELT - Unknown,How Israel is winning the wars and losing the peace,2025-10-29 00:45:00,3
1043,GDELT - Unknown,Σε οριακό σημείο η εκεχειρία Ισραήλ - Χαμάς : Ισραηλινοί βομβαρδισμοί στη ...,2025-10-29 00:45:00,3
1044,GDELT - Unknown,Conricus to Newsmax : Hamas Exploits US Pressure to Avoid Disarming,2025-10-29 00:45:00,3
1045,GDELT - Unknown,以色列控哈瑪斯違約 納坦雅胡下令空襲報復釀20死 | ETtoday國際新聞,2025-10-29 00:45:00,3
1046,GDELT - Unknown,以色列轟加薩 美副總統范斯 ： 停火協議持續有效 | ETtoday國際新聞,2025-10-29 00:45:00,3
1047,GDELT - Unknown,Hamas : Zwei weitere tote Geiseln geborgen,2025-10-29 00:45:00,3
1048,GDELT - Unknown,US claims ceasefire holding as Israel strikes Gaza,2025-10-29 00:45:00,3
1049,GDELT - Unknown,Hamas : Zwei weitere tote Geiseln geborgen,2025-10-29 00:45:00,3
1050,GDELT - Unknown,"La vergogna e il boicottaggio , cosa non torna",2025-10-29 00:45:00,0
1051,GDELT - Unknown,غزة عند مفترق الطرق : أتُشعل الأزمة تحولا إقليميا أم تُطيل أمد الصراع ؟,2025-10-29 00:45:00,3
1052,GDELT - Unknown,Hamas : Zwei weitere tote Geiseln geborgen,2025-10-29 00:45:00,3
1053,GDELT - Unknown,iranian women drop the veil,2025-10-29 00:45:00,1
1054,GDELT - Unknown,早安 ! 世界丨达成停火18天后 ， 以总理下令袭击加沙 ； 特朗普径自走过日本国旗未鞠躬,2025-10-29 00:45:00,3
1055,GDELT - Unknown,How Israel is winning the wars and losing the peace,2025-10-29 00:45:00,3
1056,GDELT - Unknown,納坦雅胡下令轟加薩 哈瑪斯暫緩交還人質遺體 | ETtoday國際新聞,2025-10-29 00:45:00,0
1057,GDELT - Unknown,"Gaza , Israele rompe il cessate il fuoco : « Violenza immediata »",2025-10-29 00:45:00,3
1058,GDELT - Unknown,Netanyahu ordina attacchi a Gaza Almeno 3 raid bombe vicino a un ospedale Tregua in bilico Vance,2025-10-29 00:45:00,3
1059,GDELT - Unknown,حماس تنفي مسؤوليتها عن مقتل جندي في رفح وترجئ تسليم جثة محتجز إسرائيلي,2025-10-29 00:45:00,3
1060,GDELT - Unknown,News | Media for Freedom,2025-10-29 00:45:00,0
1061,GDELT - Unknown,Зачем Израиль наносит удары по сектору Газа после перемирия,2025-10-29 00:45:00,3
1062,GDELT - Unknown,UCSD Palestinian students share family stories,2025-10-29 00:45:00,3
1063,GDELT - Unknown,How Israel is winning the wars and losing the peace,2025-10-29 00:45:00,3
1064,GDELT - Unknown,"Piove sul bagnato , a Cuba ormai è crisi di sistema",2025-10-29 00:45:00,0
1065,GDELT - Unknown,Israel strikes Gaza after it accuses Hamas of violating ceasefire and staging hostage discovery,2025-10-29 00:45:00,3
1066,GDELT - Unknown,the UN does its best at most times .....,2025-10-29 00:45:00,0
1067,GDELT - Unknown,네타냐후  가자지구에 즉시 강력한 공격 … 휴전 19일만에 위기,2025-10-29 00:45:00,0
1068,GDELT - Unknown,How Israel is winning the wars and losing the peace,2025-10-29 00:45:00,3
1069,GDELT - Unknown,Антинаркотическая  операция США направлена на смену режима Мадуро,2025-10-29 00:45:00,0
1070,GDELT - Unknown,Vokietijos visuomeninis transliuotojas ZDF kritikuojamas dėl pasamdyto su „ Hamas  siejamo techniko,2025-10-29 00:45:00,3
1071,GDELT - Unknown,"Israel launches air strikes on Gaza , says Hamas attacked troops",2025-10-29 00:45:00,3
1072,GDELT - Unknown,Хамас ќе плати „ висока цена  за нападот врз војници на ИДФ и кршењето на договорот,2025-10-29 00:45:00,3
1073,GDELT - Unknown,Israel Launches Strikes On Gaza After Netanyahu Orders  Powerful Attacks,2025-10-29 00:45:00,3
1074,GDELT - Unknown,Vance downplays  little skirmishe as Israel bombs in Gaza and Hamas fails to return hostages | JTA,2025-10-29 00:45:00,3
1075,GDELT - Unknown,Dışişleri Bakanlığı : İsrailin Gazze Şeridine yönelik gerçekleştirdiği saldırılar ateşkesi açık biçimde ihlal ediyor,2025-10-29 00:45:00,3
1076,GDELT - Unknown,The Overnight Report : Waiting For CPI,2025-10-29 00:45:00,0
1077,GDELT - Unknown,Izrael gađao Gazu uprkos primirju,2025-10-29 00:30:00,3
1078,GDELT - Unknown,"Seria izraelskich nalotów , w tym w pobliżu szpitala . Co najmniej dwóch zabitych",2025-10-29 00:30:00,3
1079,GDELT - Unknown,Uluslararası toplum İsraili mahkum edecek kararlılığı sergilemeli,2025-10-29 00:30:00,3
1080,GDELT - Unknown,How Israel is winning the wars and losing the peace,2025-10-29 00:15:00,3
1081,GDELT - Unknown,Skeptical Streets : Jerusalem Reacts to President Trump 20 - Point Gaza Plan,2025-10-29 00:15:00,3
1082,GDELT - Unknown,Can Anyone Ever Trust or Believe the Chinese Communist Party : Part II,2025-10-29 00:15:00,0
1083,GDELT - Unknown,Hamas : Zwei weitere tote Geiseln geborgen,2025-10-29 00:15:00,3
1084,GDELT - Unknown,5 international horror movies to watch on Halloween,2025-10-29 00:15:00,0
1085,GDELT - Unknown,Війна в Газі – Нетаньягу вдарив по ХАМАС без погодження з Трампом | Новини України,2025-10-29 00:15:00,3
1086,GDELT - Unknown,یرغمالی تندرست قیدی نیم مردہ,2025-10-29 00:15:00,0
1087,GDELT - Unknown,Ізраїль ударив по Газі після звинувачення ХАМАС у порушенні режиму припинення вогню,2025-10-29 00:15:00,3
1088,GDELT - Unknown,قالت له إنها أمك !!,2025-10-29 00:15:00,0
1089,GDELT - Unknown,How Israel is winning the wars and losing the peace,2025-10-29 00:15:00,3
1090,GDELT - Unknown,Stormont Education Minister Paul Givan under fire over visit to Israel,2025-10-29 00:15:00,3
1091,GDELT - Unknown,Netanyahu Orders Airstrikes on Hamas in Gaza After Fake Body Transfer,2025-10-29 00:15:00,3
1092,GDELT - Unknown,Gaza - Abkommen : Hamas : Zwei weitere tote Geiseln geborgen,2025-10-29 00:15:00,3
1093,GDELT - Unknown,How Israel is winning the wars and losing the peace,2025-10-29 00:15:00,3
1094,GDELT - Unknown,"Israel launches air strikes on Gaza , says troops attacked",2025-10-29 00:15:00,3
1095,GDELT - Unknown,Соглашение о перемирии в Газе нарушено : Израиль распорядился нанести мощные удары по региону,2025-10-29 00:15:00,3
1096,GDELT - Unknown,Con quién cuenta Venezuela en caso de que sufirera un ataque estadounidense,2025-10-29 00:15:00,0
1097,GDELT - Unknown,"IZI Kirim 189 , 7 Ton Bantuan Kemanusiaan untuk Gaza lewat Mesir",2025-10-29 00:15:00,3
1098,GDELT - Unknown,حماس : انتشال جثتي المحتجزين الإسرائيليين أميرام كوبر وساهباروخ,2025-10-29 00:15:00,3
1099,GDELT - Unknown,Strefa Gazy : Siedmiu zabitych w izraelskim nalocie ; Hamas odrzuca zarzuty o łamanie rozejmu,2025-10-29 00:15:00,3
1100,GDELT - Unknown,Trump administration strips Nigerian Nobel winner Wole Soyinka of US visa - Grenada Chronicle – Daily Grenada And Caribbean News,2025-10-29 00:15:00,2
1101,GDELT - Unknown,Gaza - Abkommen : Hamas : Zwei weitere tote Geiseln geborgen - Politik,2025-10-29 00:15:00,3
1102,GDELT - Unknown,"SINDO Hi - Lite - Israel Kembali Serang Gaza , Banyak Warga Tewas dan Terluka",2025-10-29 00:15:00,3
1103,GDELT - Unknown,Stormont Education Minister Paul Givan under fire over visit to Israel,2025-10-29 00:15:00,3
1104,GDELT - Unknown,A Roadmap for Israel - Lebanon Peace,2025-10-29 00:15:00,3
1105,GDELT - Unknown,Palestine 36 Review : An Anti - Colonialist Thrilling Epic of Hollywood Blockbuster Proportions,2025-10-29 00:15:00,3
1106,GDELT - Unknown,Conricus to Newsmax : Hamas Exploits US Pressure to Avoid Disarming,2025-10-29 00:15:00,3
1107,GDELT - Unknown,Gaza ceasefire tested as Israel and Hamas exchange fire and blame,2025-10-29 00:15:00,3
1108,GDELT - Unknown,Vokietijos visuomeninis transliuotojas ZDF kritikuojamas dėl pasamdyto su „ Hamas  siejamo techniko,2025-10-29 00:15:00,3
1109,GDELT - Unknown,"Izraelské nálety v Gaze si vyžiadali najmenej 30 mŕtvych , tvrdia tamojšie úrady",2025-10-29 00:15:00,3
1110,GDELT - Unknown,[ POPULER GLOBAL ] Misi Rahasia CIA di Venezuela Ketahuan | Vietnam Akan Larang Motor Bensin,2025-10-29 00:15:00,0
1111,GDELT - Unknown,Pengaruh Sami Hamdi Bikin AS Ketar Ketir,2025-10-29 00:15:00,0
1112,GDELT - Unknown,This Is a Clear Violation : Israel Hits Gaza as Remains Dispute Boils Over,2025-10-29 00:15:00,3
1113,GDELT - Unknown,"Israel Kembali Serang Gaza , Banyak Warga Palestina Tewas dan Terluka",2025-10-29 00:15:00,3
1114,GDELT - Unknown,Stormont Education Minister Paul Givan under fire over visit to Israel,2025-10-29 00:15:00,3
1115,GDELT - Unknown,Очевидцы сообщили об ударах по Газе после обвинений со стороны Израиля,2025-10-29 00:15:00,3
1116,GDELT - Unknown,Stormont Education Minister Paul Givan under fire over visit to Israel,2025-10-29 00:15:00,3
1117,GDELT - Unknown,Conricus to Newsmax : Hamas Exploits US Pressure to Avoid Disarming,2025-10-29 00:15:00,3
1118,GDELT - Unknown,İsrailden Gazzeye hava saldırısı,2025-10-29 00:15:00,3
1119,GDELT - Unknown,Ізраїль завдав удару по Сектору Гази після обстрілу ізраїльських солдатів,2025-10-29 00:15:00,3
1120,GDELT - Unknown,"Izraelska letala napadla Gazo , potem ko je Netanjahu obtožil Hamas kršitve premirja",2025-10-29 00:15:00,3
1121,GDELT - Unknown,إعلام عبري : تل أبيب أبلغت واشنطن بخطة الهجوم الإسرائيلي على غزة,2025-10-29 00:15:00,3
1122,GDELT - Unknown,Хуситы потребовали от Саудовской Аравии разблокировать йеменские средства,2025-10-29 00:15:00,3
1123,GDELT - Unknown,קמארה מחכה להחלטת המועדון וחושש שישוחרר,2025-10-29 00:15:00,0
1124,GDELT - Unknown,"Gaza , Netanyahu ordina raid :  Tregua violata . Vance :  Solo scaramucce  - il Fatto Nisseno - Caltanissetta notizie , cronaca , attualità",2025-10-29 00:15:00,3
1125,GDELT - Unknown,Gaza ceasefire tested as Israel and Hamas exchange fire and blame,2025-10-29 00:15:00,3
1126,GDELT - Unknown,Investigating claims about who broke the Israel - Hamas ceasefire,2025-10-29 00:15:00,3
1127,GDELT - Unknown,"Israel launches air strikes on Gaza , says Hamas attacked troops",2025-10-29 00:15:00,3
1128,GDELT - Unknown,Hamas : Zwei weitere tote Geiseln geborgen,2025-10-29 00:15:00,3
1129,GDELT - Unknown,36 شهيدا وعشرات الجرحى في القصف الإسرائيلي المتواصل على قطاع غزة,2025-10-29 00:15:00,3
1130,GDELT - Unknown,US VP Vance says Gaza ceasefire holding despite  skirmishes,2025-10-29 00:15:00,3
1131,GDELT - Unknown,Hamas : Zwei weitere tote Geiseln geborgen,2025-10-29 00:15:00,3
1132,GDELT - Unknown,Stormont Education Minister Paul Givan under fire over visit to Israel,2025-10-29 00:15:00,3
1133,GDELT - Unknown,Israele : « Violata la tregua ». Netanyahu ordina i raid : pioggia di bombe su Gaza,2025-10-29 00:00:00,3
1134,GDELT - Unknown,Stormont Education Minister Paul Givan under fire over visit to Israel,2025-10-29 00:00:00,3
1135,GDELT - Unknown,以军空袭加沙多地 哈马斯否认违反停火协议 - 新华网,2025-10-29 00:00:00,3
1136,GDELT - Unknown,Gaza : début dun bombardement israélien massif mardi soir,2025-10-29 00:00:00,3
1137,GDELT - Unknown,Hamas : Zwei weitere tote Geiseln geborgen,2025-10-29 00:00:00,3
1138,GDELT - Unknown,"Israeli Defense Firm Opens Regional Arm In UAE , First Since Abraham Accords",2025-10-29 00:00:00,3
1139,GDELT - Unknown,Suriyeden Golan çıkışı : Asla taviz vermeyeceğiz - Dünyadan Son Dakika Haberleri,2025-10-29 00:00:00,3
1140,GDELT - Unknown,Tre palestinier dödade på Västbanken,2025-10-29 00:00:00,3
1141,GDELT - Unknown,Stormont Education Minister Paul Givan under fire over visit to Israel,2025-10-29 00:00:00,3
1142,GDELT - Unknown,How Israel is winning the wars and losing the peace,2025-10-29 00:00:00,3
1143,GDELT - Unknown,"OIC again rakes up Kashmir issue , but stays silent on protests in PoK",2025-10-29 00:00:00,0
1144,GDELT - Unknown,Израиль предупредил США об ударах по сектору Газа,2025-10-29 00:00:00,3
1145,GDELT - Unknown,"네타냐후 , 가자지구에 공습 명령 … 휴전 19일만에 위기",2025-10-29 00:00:00,3
1146,GDELT - Unknown,Stormont Education Minister Paul Givan under fire over visit to Israel,2025-10-29 00:00:00,3
1147,GDELT - Unknown,Flera dödade i Netanyahus  kraftfulla  attack,2025-10-29 00:00:00,3
1148,GDELT - Unknown,This Pro - Hamas Clown Thought It Was a Good Idea to Assault Jewish People – Now He Paying for It,2025-10-29 00:00:00,3
1149,GDELT - Unknown,US stocks were ultimately mixed although most indices extended on record highs with tech doing the heavy lifting - Newsquawk Asia - Pac Market Open,2025-10-29 00:00:00,0
1150,GDELT - Unknown,Hamas : Zwei weitere tote Geiseln geborgen,2025-10-29 00:00:00,3
1151,GDELT - Unknown,Vad händer när demokratin töms på innehåll ?,2025-10-29 00:00:00,0
1152,GDELT - Unknown,"Izrael zaatakował Strefę Gazy , wielu zabitych . Hamas odrzuca zarzuty",2025-10-29 00:00:00,3
1153,GDELT - Unknown,Prof . Jeffrey Sachs : Trump attempt at Venezuelan regime - change and his Gaza Illusions – The Greanville Post,2025-10-29 00:00:00,2
1154,GDELT - Unknown,Stormont Education Minister Paul Givan under fire over visit to Israel,2025-10-29 00:00:00,3
1155,GDELT - Unknown,Stormont Education Minister Paul Givan under fire over visit to Israel,2025-10-29 00:00:00,3
1156,GDELT - Unknown,How Israel is winning the wars and losing the peace,2025-10-29 00:00:00,3
1157,GDELT - Unknown,نائب ترامب : وقف إطلاق النار في غزة صامد رغم الغارات الإسرائيلية ومناوشات محدودة,2025-10-29 00:00:00,3
1158,GDELT - Unknown,Seria ataków Izraela na Strefę Gazy po rozkazie Netanjahu . Jest reakcja united states,2025-10-29 00:00:00,3
1159,GDELT - Unknown,"OIC rakes up Kashmir , stays mum on protests in PoK",2025-10-29 00:00:00,0
1160,GDELT - Unknown,How Israel is winning the wars and losing the peace,2025-10-29 00:00:00,3
1161,GDELT - Unknown,Flera dödade i Netanyahus  kraftfulla  attack,2025-10-29 00:00:00,3
1162,GDELT - Unknown,Соглашение о перемирии в Газе нарушено : Израиль распорядился нанести мощные удары по региону,2025-10-29 00:00:00,3
1163,GDELT - Unknown,"Gaza , Netanyahu ordina raid :  Tregua violata . Vance :  Solo scaramucce  – Sassari Notizie",2025-10-29 00:00:00,3
1164,GDELT - Unknown,Hamas : Zwei weitere tote Geiseln geborgen - Politik - Pforzheimer - Zeitung,2025-10-29 00:00:00,3
1165,GDELT - Unknown,Hamas : Zwei weitere tote Geiseln geborgen,2025-10-29 00:00:00,3
1166,GDELT - Unknown,Michael Vick vs . DeSean Jackson is a nexus point in the celebrity coach experiment,2025-10-29 00:00:00,0
1167,GDELT - Unknown,Jewish GOP Group to Honor Floyd Mayweather as  World Champion for Israel,2025-10-29 00:00:00,3
1168,GDELT - Unknown,Hamas : Zwei weitere tote Geiseln geborgen,2025-10-29 00:00:00,3
1169,GDELT - Unknown,"Hamas denounces Israel  blatant  ceasefire violation , rejects Tel Aviv accusations of breach",2025-10-29 00:00:00,3
1170,GDELT - Unknown,Турция призвала соблюдать договоренности по Газе,2025-10-29 00:00:00,3
1171,GDELT - Unknown,가자지구 휴전 19일 만에 위기⋯네타냐후  즉시 공격  명령,2025-10-29 00:00:00,0
1172,GDELT - Unknown,以军空袭加沙多地 哈马斯否认违反停火协议 - 新华网,2025-10-29 00:00:00,3
1173,GDELT - Unknown,How Israel is winning the wars and losing the peace,2025-10-29 00:00:00,3
1174,GDELT - Unknown,Raid IDF su Gaza18 palestinesi uccisi,2025-10-29 00:00:00,3
1175,GDELT - Unknown,"Hezbolá , entre la reconstrucción silenciosa y la presión internacional",2025-10-29 00:00:00,3
1176,GDELT - Unknown,Stormont Education Minister Paul Givan under fire over visit to Israel,2025-10-29 00:00:00,3
1177,GDELT - Unknown,"Gaza , Netanyahu ordina raid :  Tregua violata . Vance :  Solo scaramucce",2025-10-29 00:00:00,3
1178,GDELT - Unknown,JD Vance garante que  cessar - fogo mantém - se  em Gaza apesar de incidentes,2025-10-29 00:00:00,3
1179,GDELT - Unknown,Whitaker to Newsmax :  Fragile  Israel - Hamas Pact in Danger of Derailing,2025-10-29 00:00:00,3
1181,GDELT - Unknown,Stormont Education Minister Paul Givan under fire over visit to Israel,2025-10-29 00:00:00,3
1182,GDELT - Unknown,Stormont Education Minister Paul Givan under fire over visit to Israel,2025-10-29 00:00:00,3
1183,GDELT - Unknown,"Gaza , Netanyahu ordina raid :  Tregua violata . Vance :  Solo scaramucce",2025-10-29 00:00:00,3
1184,GDELT - Unknown,"Netanjahu dnes nařídil údery v Gaze , při nichž zahynulo nejméně 17 lidí",2025-10-29 00:00:00,3
1185,GDELT - Unknown,Islamic Jihad condemns Israeli killing of three Palestinians in occupied West Bank,2025-10-29 00:00:00,3
1186,GDELT - Unknown,رسانه ها گزارش داده اند که معاون رئیس جمهور ایالات متحده ، جی دی ونس ، اعلام کرد که آتش بس در غزه ادامه دارد,2025-10-29 00:00:00,3
1187,GDELT - Unknown,イスラエル 、 ガザ空爆１０人死亡 ／ 攻撃に報復か | 全国ニュース,2025-10-29 00:00:00,3
1188,GDELT - Unknown,"בראש שלי זה שעון שמתקתק , עוד רגע אני מת : יוסף חיים אוחנה מדבר",2025-10-28 23:45:00,0
1189,GDELT - Unknown,Turkish armor on front lines : Altay tank,2025-10-28 23:45:00,0
1190,GDELT - Unknown,Ізраїль завдав серії ударів по Газі,2025-10-28 23:45:00,3
1191,GDELT - Unknown,PM : Malaysia sovereignty intact in bilateral deals,2025-10-28 23:45:00,0
1192,GDELT - Unknown,Israel actions show it has no will for peace : Türkiye comms chief,2025-10-28 23:45:00,3
1193,GDELT - Unknown,Hamas : Zwei weitere tote Geiseln geborgen,2025-10-28 23:45:00,3
1194,GDELT - Unknown,Netanyahu saldırı emrini verdi : İsrail Gazzeyi bombalıyor,2025-10-28 23:45:00,3
1195,GDELT - Unknown,"Federal Court Enjoins Campus Free Speech , Assembly Restrictions at University of Texas | Saul Ewing LLP",2025-10-28 23:45:00,0
1196,GDELT - Unknown,"Ministrul de Externe al lui Netanyahu : Relațiile cu România sunt bune , dar să fie mai intense . Să lucrăm pe chestiuni de apărare",2025-10-28 23:45:00,0
1197,GDELT - Unknown,Hamas : Zwei weitere tote Geiseln geborgen,2025-10-28 23:45:00,3
1198,GDELT - Unknown,Hamas : Zwei weitere tote Geiseln geborgen,2025-10-28 23:45:00,3
1199,GDELT - Unknown,Hamas : Zwei weitere tote Geiseln geborgen - Politik - Nachrichten - Reutlinger General - Anzeiger,2025-10-28 23:45:00,3
1200,GDELT - Unknown,Tucker Carlson hosts Nick Fuentes for a friendly conversation about  these Zionist Jew | JTA,2025-10-28 23:45:00,3
1201,GDELT - Unknown,Що зможе змусити Путіна до перемовин : політик Рибачук назвав 2 складові,2025-10-28 23:45:00,0
1202,GDELT - Unknown,Flera dödade i Netanyahus  kraftfulla  attack,2025-10-28 23:45:00,3
1203,GDELT - Unknown,Hamas : Zwei weitere tote Geiseln geborgen,2025-10-28 23:45:00,3
1204,GDELT - Unknown,被控違反和平協議 哈馬斯遭以軍強力打擊 | 以色列 | 遇害人質 | 加沙停火協議,2025-10-28 23:45:00,3
1205,GDELT - Unknown,Hamas : Zwei weitere tote Geiseln geborgen - Weltnachrichten - Reutlinger General - Anzeiger,2025-10-28 23:45:00,3
1206,GDELT - Unknown,Netanyahu ordnet  intensive Angriffe  im Gazastreifen an,2025-10-28 23:45:00,3
1207,GDELT - Unknown,Hamas : Zwei weitere tote Geiseln geborgen,2025-10-28 23:45:00,3
1208,GDELT - Unknown,イスラエル 、 ガザ空爆１０人死亡 攻撃に報復か｜秋田魁新報電子版,2025-10-28 23:45:00,3
1209,GDELT - Unknown,Israel strikes Gaza after accusing Hamas of violating U . S .- brokered ceasefire,2025-10-28 23:45:00,3
1210,GDELT - Unknown,Netanjahu ordnet „ intensive Angriffe  im Gazastreifen an,2025-10-28 23:45:00,3
1211,GDELT - Unknown,Hamas - Zivilschutz : Fünf Tote bei Angriff in Chan Junis,2025-10-28 23:45:00,3
1212,GDELT - Unknown,Israel startet neue Gaza - Angriffe nach Attacke auf Soldaten,2025-10-28 23:45:00,3
1213,GDELT - Unknown,How Israel is winning the wars and losing the peace,2025-10-28 23:45:00,3
1214,GDELT - Unknown,Gaza ceasefire tested as Israel and Hamas exchange fire and blame,2025-10-28 23:45:00,3
1215,GDELT - Unknown,Gaza - Abkommen : Hamas : Zwei weitere tote Geiseln geborgen,2025-10-28 23:45:00,3
1216,GDELT - Unknown,How Israel is winning the wars and losing the peace,2025-10-28 23:45:00,3
1217,GDELT - Unknown,TÜBAftan Filistinli Şehit Gazeteciler Anısına Fidanlık,2025-10-28 23:45:00,3
1218,GDELT - Unknown,Rabbis Angela Buchdahl and Elliot Cosgrove show the split in the pulpit over political endorsements,2025-10-28 23:45:00,0
1219,GDELT - Unknown,Hamas : Zwei weitere tote Geiseln geborgen,2025-10-28 23:45:00,3
1220,GDELT - Unknown,Netanyahu orders new Israeli military strikes on Gaza,2025-10-28 23:45:00,3
1221,GDELT - Unknown,جريدة القدس,2025-10-28 23:45:00,3
1222,GDELT - Unknown,Gazzedeki hükümet : İsrail ateşkes anlaşmasını en az 125 kez ihlal etti,2025-10-28 23:45:00,3
1223,GDELT - Unknown,"Хамас : Отежан приступ телима израелских талаца , посвећени смо споразуму",2025-10-28 23:45:00,3
1224,GDELT - Unknown,جريدة القدس,2025-10-28 23:45:00,3
1225,GDELT - Unknown,Israel attacks kill 9 people in Gaza after Netanyahu instructs,2025-10-28 23:45:00,3
1226,GDELT - Unknown,"OIC rakes up Kashmir , stays mum on protests in PoK",2025-10-28 23:45:00,0
1227,GDELT - Unknown,Vokietijos visuomeninis transliuotojas ZDF kritikuojamas dėl pasamdyto su „ Hamas  siejamo techniko,2025-10-28 23:45:00,3
1228,GDELT - Unknown,Naher Osten - Israels Regierungschef Netanjahu ordnet neue Angriffe im Gazastreifen an,2025-10-28 23:45:00,3
1229,GDELT - Unknown,"Opinioni | Politica e clima dodio , quei brutti segnali",2025-10-28 23:45:00,0
1230,GDELT - Unknown,İşgalci İsrail Batı Şeriada 14 eve yıkım tebligatı gönderdi,2025-10-28 23:45:00,3
1231,GDELT - Unknown,4 Senate Republicans tank Trump nominee confirmation,2025-10-28 23:45:00,2
1232,GDELT - Unknown,UN Committee urges global support for Palestinian right to self - determination and independent state,2025-10-28 23:45:00,3
1233,GDELT - Unknown,How Israel is winning the wars and losing the peace,2025-10-28 23:45:00,3
1234,GDELT - Unknown,哈马斯移交一具遗体 ， 以方认定为先前残骸,2025-10-28 23:45:00,0
1235,GDELT - Unknown,イスラエル 、 ガザ空爆１０人死亡 ／ 攻撃に報復か | 全国ニュース,2025-10-28 23:45:00,3
1236,GDELT - Unknown,"Izrael napao Gazu , dve osobe poginule",2025-10-28 23:45:00,3
1237,GDELT - Unknown,Израелска влада обавестила Трампа о одлуци да изведе нападе у граду Гази,2025-10-28 23:45:00,3
1238,GDELT - Unknown,"Gaza e il cessate il fuoco , scambio di accuse tra Israele e Hamas su violazione : ultime news",2025-10-28 23:45:00,3
1239,GDELT - Unknown,At least 9 Palestinians killed in fresh Israeli strikes on Gaza,2025-10-28 23:45:00,3
1240,GDELT - Unknown,Where is the Church ? Religious freedom advocate decries Church silence amid persecution crisis globally,2025-10-28 23:45:00,0
1241,GDELT - Unknown,Tucker Carlson Hosts Avowed Antisemite Nick Fuentes as Far - right Strengthens Hold on GOP,2025-10-28 23:45:00,0
1242,GDELT - Unknown,Stormont Education Minister Paul Givan under fire over visit to Israel,2025-10-28 23:45:00,3
1243,GDELT - Unknown,Netanyahu orders  forceful strike in Gaza | JNS | clevelandjewishnews . com,2025-10-28 23:45:00,3
1244,GDELT - Unknown,Memorials … - Cut Bank Pioneer Press,2025-10-28 23:45:00,0
1245,GDELT - Unknown,Nine killed as Israeli planes strike Gaza in test of US - brokered ceasefire,2025-10-28 23:45:00,3
1246,GDELT - Unknown,A guerra dos drones chega ao Rio e deve mudar o paradigma do enfrentamento do tráfico,2025-10-28 23:45:00,0
1247,GDELT - Unknown,Flera dödade i Netanyahus  kraftfulla  attack,2025-10-28 23:45:00,3
1248,GDELT - Unknown,الكابوس التركي  يرعب إسرائيل,2025-10-28 23:45:00,3
1249,GDELT - Unknown,جريدة القدس,2025-10-28 23:45:00,3
1250,GDELT - Unknown,M . Zülküf YEL : Gazze Ateşkesinde Son Durum,2025-10-28 23:30:00,3
1251,GDELT - Unknown,در نقد بیانیه فعالین مدنی بشمول برندگان نوبل صلح درباره جنگ …,2025-11-19 01:00:00,0
1252,GDELT - Unknown,İsrail Lübnanda Mülteci Kampını Vurdu ! En Az 11 Ölü,2025-11-19 01:00:00,3
1253,GDELT - Unknown,凤凰早报|中日外交官磋商中方  不满意 ； 爱泼斯坦案文件将强制公开 _ 凤凰网,2025-11-19 01:00:00,0
1254,GDELT - Unknown,Afrikanýn deðiþmeyen kaderi,2025-11-19 01:00:00,0
1255,GDELT - Unknown,جريدة الرياض | النفط يتراجع مع انحسار مخاوف الإمدادات وتقييم تأثير العقوبات,2025-11-19 01:00:00,0
1256,GDELT - Unknown,Gazze tasarýsýna Rusya ve Çin neden çekimser kaldý ?,2025-11-19 01:00:00,1
1257,GDELT - Unknown,گفتگوی اکبر کرمی و فرخ نگهدار ؛ در جنگ ایران و اسرائیل چه بايد کرد ؟ – نشریه کار | ارگان سازمان فداییان خلق ایران ( اکثریت ),2025-11-19 01:00:00,1
1258,GDELT - Unknown,What to know about the F - 35 fighter jet that Trump is selling to Saudi Arabia – Winnipeg Free Press,2025-11-19 01:00:00,2
1259,GDELT - Unknown,Libanon : Tote bei Angriff auf Palästinenserviertel,2025-11-19 01:00:00,3
1260,GDELT - Unknown,Λίβανος : Τουλάχιστον 13 νεκροί από ισραηλινό χτύπημα σε προσφυγικό καταυλισμό Παλαιστίνιών κοντά στη Σιδώνα – Καταδικάζει η Χαμάς – news . makedonias . gr,2025-11-19 01:00:00,3
1261,GDELT - Unknown,"Tras cita con economistas cercanos a Matthei , candidatura de Kast se abre a revisar gradualidad de ajuste fiscal de US$6 . 000 millones",2025-11-19 01:00:00,0
1262,GDELT - Unknown,"הפרויקטורית בצפון מסיימת את תפקידה :  בלי השקעה , נזקי המלחמה יעמיקו",2025-11-19 01:00:00,0
1263,GDELT - Unknown,Gazzeli sanatçı Belal Khaled : Enkaz üzerinden bütün dünyaya mesaj veriyorum,2025-11-19 01:00:00,3
1264,GDELT - Unknown,Rain a nightmare haunting thousands ! –  We Will Rebuild It Again  campaign launched in Gaza !,2025-11-19 01:00:00,3
1265,GDELT - Unknown,اسراییل در پی تحقق رؤیای خونین « تغییر چهرۀ خاورمیانه »!,2025-11-19 01:00:00,3
1266,GDELT - Unknown,无法保证  两国方案 ， 重要问题模糊不清 ， 安理会通过加沙决议多方存疑 _ 凤凰网,2025-11-19 01:00:00,3
1267,GDELT - Unknown,1 Israeli killed and 3 wounded in West Bank stabbing as UN approves Trump Gaza plan,2025-11-19 01:00:00,3
1268,GDELT - Unknown,Trump says Saudi prince  knew nothing  about journalist murder,2025-11-19 01:00:00,2
1269,GDELT - Unknown,Nod from UN Security Council does not ensure peace in Gaza,2025-11-19 01:00:00,3
1270,GDELT - Unknown,Ядерна програма Ірану - У Тегерана вимагають доступу до ядерних об  єктів,2025-11-19 01:00:00,1
1271,GDELT - Unknown,התנאים לאינתיפאדה שלישית הולכים ובשלים,2025-11-19 01:00:00,0
1272,GDELT - Unknown,Izraelský úder na utečenecký tábor na juhu Libanonu zabil 13 ľudí,2025-11-19 01:00:00,3
1273,GDELT - Unknown,ایران پس از ۱۲ روز,2025-11-19 01:00:00,1
1274,GDELT - Unknown,Private Virginia School to Settle Antisemitic Discrimination Claims,2025-11-19 01:00:00,0
1275,GDELT - Unknown,"Libanonin mukaan toistakymmentä kuoli Israelin iskussa pakolaisleiriin , Israelin mukaan kohteena Hamasin koulutuskeskus",2025-11-19 01:00:00,3
1276,GDELT - Unknown,"Israel Terus Provokasi Lebanon , Lancarkan Serangan Berkala : Akankah Menuju Perang Besar - Besaran ?",2025-11-19 01:00:00,3
1277,GDELT - Unknown,Samsung telefonlar silinemeyen İsrail yazılımı yüklü şekilde satılıyor,2025-11-19 01:00:00,3
1278,GDELT - Unknown,Anti - Semitic vandal jailed but set for release soon,2025-11-19 01:00:00,3
1279,GDELT - Unknown,Russia Now Using Iranian Shahed - 107 Drones To Strike Beyond The Front Lines,2025-11-19 01:00:00,1
1280,GDELT - Unknown,Hamas rejects Trump Gaza plan - Workers Revolutionary Party,2025-11-19 01:00:00,3
1281,GDELT - Unknown,C3is ( CISS ) Q3 2025 Earnings Call Transcript,2025-11-19 01:00:00,0
1282,GDELT - Unknown,What the UN Security Council vote means for Trump Gaza peace plan,2025-11-19 01:00:00,3
1283,GDELT - Unknown,مستوطنون متطرفون يحاولون إدخال قرابين حيوانية للمسجد الأقصى,2025-11-19 01:00:00,0
1284,GDELT - Unknown,Дроны - на базе БПЛА MQ - 9B планируют изготовить ДРЛВ УНИАН,2025-11-19 01:00:00,0
1285,GDELT - Unknown,"The US plan for Gaza won UN backing . Carrying it out could be far more difficult | News , Sports , Jobs",2025-11-19 01:00:00,3
1286,GDELT - Unknown,ภาวะตลาดน้ำมัน : น้ำมัน WTI ปิดบวก 83 เซนต์ ขานรับสหรัฐฯ,2025-11-19 01:00:00,0
1287,GDELT - Unknown,Habervitrini . com | İsrail Lübnan daki sivil Filistin kampını bombaladı .. Çok sayıda ölü var,2025-11-19 00:45:00,3
1288,GDELT - Unknown,Líbano : pelo menos 13 mortos em bombardeamento israelita a campo de refugiados palestinianos,2025-11-19 00:45:00,3
1289,GDELT - Unknown,CAIR fires back after Texas governor designates two Muslim groups as terrorist organizations,2025-11-19 00:45:00,0
1290,GDELT - Unknown,再起戰端 ！ 黎巴嫩衛生部 ： 以軍空襲巴勒斯坦難民營釀13死 - 國際,2025-11-19 00:45:00,3
1291,GDELT - Unknown,"Libanonin mukaan toistakymmentä kuoli Israelin iskussa pakolaisleiriin , Israelin mukaan kohteena Hamasin koulutuskeskus",2025-11-19 00:45:00,3
1292,GDELT - Unknown,Brasiliassa neljälle vankeustuomio presidentti Lulan murhan suunnittelemisesta,2025-11-19 00:45:00,0
1293,GDELT - Unknown,Trump Gaza Plan Could Force Netanyahu to Make a Stand on Palestinian Statehood,2025-11-19 00:45:00,3
1294,GDELT - Unknown,Trump says Saudi prince  knew nothing  about journalist murder,2025-11-19 00:45:00,2
1295,GDELT - Unknown,ألبانيز تنتقد الاتحاد الأوروبي : يتجاهل الإبادة الجماعية في غزة,2025-11-19 00:45:00,3
1296,GDELT - Unknown,薛瑞福美國國會抨擊薛劍提斬首 ： 絕無任公職資格 | 國際,2025-11-19 00:45:00,0
1297,GDELT - Unknown,Tänn vietetn kansainvälistä miestenpäiv,2025-11-19 00:45:00,0
1298,GDELT - Unknown,"Libanonin mukaan toistakymmentä kuoli Israelin iskussa pakolaisleiriin , Israelin mukaan kohteena Hamasin koulutuskeskus",2025-11-19 00:45:00,3
1299,GDELT - Unknown,"Israeli killed , three wounded in West Bank attack",2025-11-19 00:45:00,3
1300,GDELT - Unknown,Mohammed bin Salman visit : Trump rebukes journalist for Khashoggi murder question,2025-11-19 00:45:00,2
1301,GDELT - Unknown,Trump welcomes Saudi crown prince amid Khashoggi questions - 41NBC News,2025-11-19 00:45:00,2
1302,GDELT - Unknown,Liban : treize morts dans une frappe israélienne sur un camp de réfugiés palestiniens dans le sud - Xinhua,2025-11-19 00:45:00,3
1303,GDELT - Unknown,Bei Besuch des Kronprinzen : Trump billigt Verkauf von F - 35 - Kampfjets an Saudi - Arabien,2025-11-19 00:45:00,2
1304,GDELT - Unknown,Trump dismisses intelligence that prince knew of Khashoggi killing,2025-11-19 00:45:00,2
1305,GDELT - Unknown,Doden door Israëlisch bombardement op Palestijnen in Zuid - Libanon,2025-11-19 00:45:00,3
1306,GDELT - Unknown,Η Ρωσία παρουσίασε το νέο της μαχητικό αεροσκάφος Su - 57 στην αεροπορική έκθεση του Ντουμπάι,2025-11-19 00:45:00,1
1307,GDELT - Unknown,"Trump and Saudi Crown Prince Leave Abraham Accords , Nuclear Tech on the Table in White House Meeting",2025-11-19 00:45:00,2
1308,GDELT - Unknown,英國強化反制間諜活動 仍未將中國與俄並列加強管控 | 國際,2025-11-19 00:45:00,0
1309,GDELT - Unknown,Incontro Strategico tra Trump e Mohammed bin Salman : Opportunità di Investimento e Approfondimenti Essenziali,2025-11-19 00:45:00,2
1310,GDELT - Unknown,AP News in Brief at 6 : 04 p . m . EST,2025-11-19 00:30:00,0
1311,GDELT - Unknown,Texas Senator Ted Cruz does not rule out 2028 Presidential bid,2025-11-19 00:30:00,2
1312,GDELT - Unknown,SAD sad može u Gazu poslati vojnike,2025-11-19 00:30:00,3
1313,GDELT - Unknown,Trump Retreat as World Top Cop Opens the Door to Regional Strife,2025-11-19 00:30:00,2
1314,GDELT - Unknown,"Libano , raid israeliano nel Sud :  Colpito campo profughi palestinese , 13 morti  – Padovanews",2025-11-19 00:30:00,3
1315,GDELT - Unknown,Is The UAE Gas Gamble in Syria A Triple Win for Washington ?,2025-11-19 00:30:00,1
1316,GDELT - Unknown,Trump hails $1 trillion Saudi investment during White House meeting with Crown Prince,2025-11-19 00:30:00,2
1317,GDELT - Unknown,英國強化反制間諜活動 仍未將中國與俄羅斯並列加強管控 | 國際,2025-11-19 00:30:00,0
1318,GDELT - Unknown,"Oregon Gas Prices Down , But Might Rise",2025-11-19 00:15:00,0
1319,GDELT - Unknown,Trump : Irani dëshiron të arrijë një marrëveshje me SHBA - në,2025-11-19 00:15:00,1
1320,GDELT - Unknown,"Thirteen people killed in Israeli strike on Lebanon Sidon , Lebanese Health Ministry says",2025-11-19 00:15:00,3
1321,GDELT - Unknown,13 killed in Israeli air strike on Palestinian refugee camp in Lebanon,2025-11-19 00:15:00,3
1322,GDELT - Unknown,新闻8点见丨外交部 ： 日方必须立即收回错误言论 ； 福建舰开展实兵训练,2025-11-19 00:15:00,0
1323,GDELT - Unknown,ДАН - Jedanaest mrtvih u napadu Izraela na palestinski izbjeglički kamp u Libanu,2025-11-19 00:15:00,3
1324,GDELT - Unknown,У НАТО заканчивается взрывчатка : поставки оружия Киеву могут иссякнуть,2025-11-19 00:15:00,0
1325,GDELT - Unknown,"Israel Serang Kamp Pengungsi Palestina di Lebanon , 13 Orang Tewas",2025-11-19 00:15:00,3
1326,GDELT - Unknown,Abbott Slaps Muslim Rights Group With  Defamatory and Lawless  Terrorist Label,2025-11-19 00:15:00,3
1327,GDELT - Unknown,Sancțiunile lui Trump schimbă jocul lui Putin : Rusia lovită de cel mai bun prieten al său,2025-11-19 00:15:00,1
1328,GDELT - Unknown,Lycos Energy Inc . Announces Third Quarter Financial Results and Operations Update,2025-11-19 00:15:00,0
1329,GDELT - Unknown,13 killed in Israeli air strike on Palestinian refugee camp in Lebanon,2025-11-19 00:15:00,3
1330,GDELT - Unknown,13 killed in Israeli air strike on Palestinian refugee camp in Lebanon,2025-11-19 00:15:00,3
1331,GDELT - Unknown,以色列空袭黎西南部巴勒斯坦难民营 至少13人死亡 - 新华网,2025-11-19 00:15:00,3
1332,GDELT - Unknown,Trump hails $1 trillion Saudi investment during White House meeting with Crown Prince,2025-11-19 00:15:00,2
1333,GDELT - Unknown,"트럼프 , 1조 달러 약속한 빈 살만 향해  존경받는 사람 … 카슈끄지 살해 지시  의혹도 변호 - 국민일보",2025-11-19 00:15:00,2
1334,GDELT - Unknown,Trump hails $1 trillion Saudi investment during White House meeting with Crown Prince,2025-11-19 00:15:00,2
1335,GDELT - Unknown,"Maduro to Trump : Call Me , Maybe ?",2025-11-19 00:15:00,2
1336,GDELT - Unknown,"Beware of These Political Land Mines , President Trump",2025-11-19 00:15:00,2
1337,GDELT - Unknown,19 . November 1985 : In Genf beginnt eine zweitägige Gipfelkonferenz von US - Präsident Ronald Reagan und dem sowjetischen Parteichef Michail Gorbatschow,2025-11-19 00:15:00,1
1338,GDELT - Unknown,"Israeli airstrike on Lebanon refugee camp kills 13 , ministry says",2025-11-19 00:15:00,3
1339,GDELT - Unknown,"Libanonin mukaan toistakymmentä kuoli Israelin iskussa pakolaisleiriin , Israelin mukaan kohteena Hamasin koulutuskeskus",2025-11-19 00:15:00,3
1340,GDELT - Unknown,"13 killed in airstrike on Ain al - Helweh , Israel says hit  Hamas compound",2025-11-19 00:15:00,3
1341,GDELT - Unknown,13 killed in Israeli air strike on Palestinian refugee camp in Lebanon,2025-11-19 00:15:00,3
1342,GDELT - Unknown,إيران تعرب عن  قلقها  إزاء قرار مجلس الأمن بشأن غزة وتعتبره متعارضا مع الحقوق الفلسطينية,2025-11-19 00:15:00,1
1343,GDELT - Unknown,جو 24 : المشهد الأردني أمام هندسةٍ صهيونية جديدة للصراع وتهديدات التهجير وتحوّلات الديموغرافيا,2025-11-19 00:15:00,3
1344,GDELT - Unknown,Interview : Jeff Marvin on how HUNTERS OF SHEYDIM brings Jewish mysticism to life,2025-11-19 00:15:00,0
1345,GDELT - Unknown,"Homeland Security Missions Falter Amid Focus on Deportations | Valar Atomics Says It the First Nuclear Startup to Achieve Criticality | Geothermal Time Has Finally Come , and more",2025-11-19 00:15:00,0
1346,GDELT - Unknown,"Arabia Saudita prometió inversiones por US$ 1 billón en Estados Unidos , y ¿ hay acuerdo nuclear ?",2025-11-19 00:15:00,1
1347,GDELT - Unknown,United push to demand access to Iran nuclear sites,2025-11-19 00:15:00,1
1348,GDELT - Unknown,Liban  : Au moins 13 morts dans des frappes israéliennes sur un camp de réfugiés palestiniens,2025-11-19 00:15:00,3
1349,GDELT - Unknown,ЦАХАЛ атаковал в Ливане террористов ХАМАСа,2025-11-19 00:15:00,3
1350,GDELT - Unknown,"AJA Newsbites – November 19 , 2025",2025-11-19 00:15:00,0
1351,GDELT - Unknown,Η Χαμάς διαψεύδει τους ισραηλινούς ισχυρισμούς για εκπαίδευση μαχητών της σε καταυλισμό προσφύγων στον Λίβανο,2025-11-19 00:15:00,3
1352,GDELT - Unknown,Westjordanland : Ein Toter und drei Verletzte bei Angriff von Palästinensern – Regierung geht von Terroranschlag aus,2025-11-19 00:15:00,3
1353,GDELT - Unknown,13 killed in Israeli air strike on Palestinian refugee camp in Lebanon,2025-11-19 00:15:00,3
1354,GDELT - Unknown,Israeli attack on Palestinian refugee camp in Lebanon kills at least 13,2025-11-19 00:15:00,3
1355,GDELT - Unknown,Trump dismisses US intelligence that Saudi prince was likely aware of 2018 killing of journalist,2025-11-19 00:15:00,2
1356,GDELT - Unknown,Ливан сообщил о гибели 11 человек при ударе Израиля по лагерю палестинцев,2025-11-19 00:15:00,3
1357,GDELT - Unknown,13 killed in Israeli air strike on Palestinian refugee camp in Lebanon,2025-11-19 00:15:00,3
1358,GDELT - Unknown,Trump hails $1 trillion Saudi investment during White House meeting with Crown Prince,2025-11-19 00:15:00,2
1359,GDELT - Unknown,US plan for Gaza won UN backing . Carrying it out could be difficult,2025-11-19 00:15:00,3
1360,GDELT - Unknown,Get your popcorn for the Democratic Socialist civil war over Chi Ossé bid to unseat Rep . Hakeem Jeffries,2025-11-19 00:15:00,0
1361,GDELT - Unknown,Trump hails $1 trillion Saudi investment during White House meeting with Crown Prince,2025-11-19 00:15:00,2
1362,GDELT - Unknown,Trump hails $1 trillion Saudi investment during White House meeting with Crown Prince,2025-11-19 00:15:00,2
1363,GDELT - Unknown,美参议院通过法案要求公开爱泼斯坦案文件 - 新华网,2025-11-19 00:15:00,0
1364,GDELT - Unknown,У НАТО заканчивается взрывчатка : поставки оружия Киеву могут иссякнуть,2025-11-19 00:15:00,0
1365,GDELT - Unknown,13 killed in Israeli air strike on Palestinian refugee camp in Lebanon,2025-11-19 00:15:00,3
1366,GDELT - Unknown,VILLARRUEL PARTICIPÓ DEL COLOQUIO :  EL ROL DE LA REPÚBLICA DE TÜRKIYE EN EL NUEVO ORDEN MUNDIAL Y SU PROYECCIÓN EN SUDAMÉRICA,2025-11-19 00:15:00,0
1367,GDELT - Unknown,MHPli Özdemir :  ABDnin Ortadoğudaki önceliği İsraildir,2025-11-19 00:15:00,3
1368,GDELT - Unknown,Ο Πρίγκιπας Μπιν Σαλμάν υποσχέθηκε στον Τραμπ επενδύσεις 1 τρις,2025-11-19 00:15:00,2
1369,GDELT - Unknown,Texas Senator Ted Cruz does not rule out 2028 Presidential bid,2025-11-19 00:15:00,2
1370,GDELT - Unknown,« الوحش الأسطوري »! | حكايا الناس | جريدة اللواء,2025-11-19 00:15:00,0
1371,GDELT - Unknown,Líbano informa ao menos 13 mortos em bombardeio israelense contra refugiados palestinos,2025-11-19 00:15:00,3
1372,GDELT - Unknown,"Serdar Somuncu : „ Der kommt aus dem Osten und merkt , wenn etwas nach Diktatur riecht",2025-11-19 00:15:00,0
1373,GDELT - Unknown,"White House : US - Saudi pact includes F - 35s , tanks , and $1 trillion investment boost",2025-11-19 00:15:00,2
1374,GDELT - Unknown,جو 24 : السعودية … الدولة التي تعيد تشكيل الاقتصاد العالمي وتعيد رسم حدود النفوذ الأميركي,2025-11-19 00:15:00,0
1375,GDELT - Unknown,United push to demand access to Iran nuclear sites,2025-11-19 00:00:00,1
1376,GDELT - Unknown,13 killed in Israeli air strike on Palestinian refugee camp in Lebanon,2025-11-19 00:00:00,3
1377,GDELT - Unknown,الجزائر تبدي استعدادها لدعم وساطة بين المغرب والبوليساريو,2025-11-19 00:00:00,0
1378,GDELT - Unknown,Rusyadan BMGKde kabul edilen ABDnin Gazze tasarısına tepki : Uluslararası kararlara aykırı,2025-11-19 00:00:00,1
1379,GDELT - Unknown,13 killed in Israeli air strike on Palestinian refugee camp in Lebanon,2025-11-19 00:00:00,3
1380,GDELT - Unknown,Trump stellt Saudi - Kronprinz Top - Bilanz bei Menschen­rechten aus,2025-11-19 00:00:00,2
1381,GDELT - Unknown,13 killed in Israeli air strike on Palestinian refugee camp in Lebanon,2025-11-19 00:00:00,3
1382,GDELT - Unknown,Trump allies contemplate political life without him in the White House,2025-11-19 00:00:00,2
1383,GDELT - Unknown,Trump defends Saudi crown prince over Khashoggi murder :  Things happen,2025-11-19 00:00:00,2
1384,GDELT - Unknown,"Israeli airstrike on a Palestinian refugee camp in Lebanon kills 13 people , Lebanese ministry says",2025-11-19 00:00:00,3
1385,GDELT - Unknown,KONFLIKT : OSN poprvé internacionalizovala konflikt v Gaze,2025-11-19 00:00:00,3
1386,GDELT - Unknown,"The encampments are gone , but students who protested for Palestinians vow to continue",2025-11-19 00:00:00,3
1387,GDELT - Unknown,"Libanonin mukaan toistakymmentä kuoli Israelin iskussa pakolaisleiriin , Israelin mukaan kohteena Hamasin koulutuskeskus",2025-11-19 00:00:00,3
1388,GDELT - Unknown,Saudi Arabia MBS Demands Palestinian State Path Before Israel Normalization Deal,2025-11-19 00:00:00,3
1389,GDELT - Unknown,13 killed in Israeli air strike on Palestinian refugee camp in Lebanon,2025-11-19 00:00:00,3
1390,GDELT - Unknown,Sahara occidental : lAlgérie prête à soutenir une médiation entre le Front Polisario et le Maroc,2025-11-19 00:00:00,1
1391,GDELT - Unknown,13 killed in Israeli air strike on Palestinian refugee camp in Lebanon,2025-11-19 00:00:00,3
1392,GDELT - Unknown,F - 15E Strike Eagles Complete Kadena Rotation and First Fighter Deployment to Diego Garcia,2025-11-19 00:00:00,0
1393,GDELT - Unknown,Le Liban fait état de 13 morts dans une frappe israélienne,2025-11-19 00:00:00,3
1394,GDELT - Unknown,Niente Canarie per la Vuelta 2026 : pesa il team Israel,2025-11-19 00:00:00,3
1395,GDELT - Unknown,Trump defends Saudi crown prince over killing of Jamal Khashoggi – NBC 6 South Florida,2025-11-19 00:00:00,2
1396,GDELT - Unknown,La seconda Nakba dei palestinesi,2025-11-19 00:00:00,3
1397,GDELT - Unknown,Takeaways from Trump White House meeting with Saudi crown prince : deals and bromance,2025-11-19 00:00:00,2
1398,GDELT - Unknown,Kanadadan ABD Üzerinden İsraile Askeri Ekipman Sevkiyatı İddiası,2025-11-19 00:00:00,3
1399,GDELT - Unknown,"There a ceasefire in the Mideast , but peace is far off",2025-11-19 00:00:00,3
1400,GDELT - Unknown,Yvette Cooper : Israeli efforts to tackle West Bank violence  insufficient,2025-11-19 00:00:00,3
1401,GDELT - Unknown,Алі Баба і сорок розбійників . Блог автора Максим Коваль,2025-11-19 00:00:00,0
1402,GDELT - Unknown,US plan for Gaza won UN backing . Carrying it out could be difficult,2025-11-19 00:00:00,3
1403,GDELT - Unknown,特朗普确认协议达成 ， 沙特将成中东获F - 35战机第二国 ！ 以色列曾强烈反对 ， 并发出这一警告 ！ 中东军事平衡遭撼动 ？,2025-11-19 00:00:00,3
1404,GDELT - Unknown,Trump defends Saudi crown prince over question about killing of Khashoggi,2025-11-19 00:00:00,2
1405,GDELT - Unknown,13 killed in Israeli air strike on Palestinian refugee camp in Lebanon,2025-11-19 00:00:00,3
1406,GDELT - Unknown,Middle East conflict : Israel targets Lebanon with air strike that kills 13,2025-11-19 00:00:00,3
1407,GDELT - Unknown,Fall Khashoggi : Trump nimmt Saudi - Kronprinz in Schutz,2025-11-19 00:00:00,2
1408,GDELT - Unknown,"Izraeli sulmon Libanin , të paktën 13 të vdekur",2025-11-19 00:00:00,3
1409,GDELT - Unknown,Return of the age of  might is right ? - New African Magazine,2025-11-19 00:00:00,0
1410,GDELT - Unknown,Ισραήλ : Αεροπορική επιδρομή σε παλαιστινιακό καταυλισμό προσφύγων στον νότιο Λίβανο - Τουλάχιστον 11 νεκροί,2025-11-19 00:00:00,3
1411,GDELT - Unknown,Israels Militär greift Hamas - Terroristen im Libanon an,2025-11-19 00:00:00,3
1412,GDELT - Unknown,"Israeli airstrike on a Palestinian refugee camp in Lebanon kills 11 people , Lebanese ministry says",2025-11-19 00:00:00,3
1413,GDELT - Unknown,Iranian Forces Illegally Seize Commercial Tanker in International Waters,2025-11-19 00:00:00,1
1414,GDELT - Unknown,13 killed in Israeli air strike on Palestinian refugee camp in Lebanon,2025-11-19 00:00:00,3
1415,GDELT - Unknown,Eagle Wings Leads Delegation of 70 Evangelical Pastors to Holy Land to Strengthen US - Israel Bond,2025-11-19 00:00:00,3
1416,GDELT - Unknown,Suudi Arabistan ABDdeki yatırımlarını 1 trilyon dolara çıkarıyor,2025-11-18 23:45:00,0
1417,GDELT - Unknown,Human Rights Campaign Cuts Ties With Defense Contractors,2025-11-18 23:45:00,2
1418,GDELT - Unknown,Yvette Cooper : Israeli efforts to tackle West Bank violence  insufficient,2025-11-18 23:45:00,3
1419,GDELT - Unknown,İşgalci İsrailden Suriyeye saldırı : 4 nokta topçu atışıyla hedef alındı,2025-11-18 23:45:00,3
1420,GDELT - Unknown,Maduro Accuses Zionists of Trying to Deliver Venezuela to  Devil as US Threatens Terror Designation,2025-11-18 23:45:00,2
1421,GDELT - Unknown,Las Fuerzas de Defensa de Israel atacaron el sur del Líbano,2025-11-18 23:45:00,3
1422,GDELT - Unknown,"Iran Execution Spree Continues Unabated , Alarming Human Rights Groups",2025-11-18 23:45:00,1
1423,GDELT - Unknown,لبنان : سقوط قتلى وجرحى جراء غارة على مخيم عين الحلوة .. والجيش الإسرائيلي يصدر بيانا,2025-11-18 23:45:00,3
1424,GDELT - Unknown,Trump stellt Saudi - Kronprinz Top - Bilanz bei Menschen­rechten aus,2025-11-18 23:45:00,2
1425,GDELT - Unknown,Yvette Cooper : Israeli efforts to tackle West Bank violence  insufficient,2025-11-18 23:45:00,3
1426,GDELT - Unknown,Raid di Israele in Libano colpito un campo profughi,2025-11-18 23:45:00,3
1427,GDELT - Unknown,Gjenerata e diplomuar mes rrënojave në Gazë,2025-11-18 23:45:00,3
1428,GDELT - Unknown,"Oregon Gas Prices Down , But Might Rise | 106 . 7 The Eagle",2025-11-18 23:45:00,0
1429,GDELT - Unknown,13 killed in Israeli air strike on Palestinian refugee camp in Lebanon,2025-11-18 23:45:00,3
1430,GDELT - Unknown,Ucraina al tirassegno della corruzione ora tocca a Jermak il presidente - ombra di Zelensky,2025-11-18 23:45:00,0
1431,GDELT - Unknown,13 killed in Israeli air strike on Palestinian refugee camp in Lebanon,2025-11-18 23:45:00,3
1432,GDELT - Unknown,Treze mortos em bombardeamento israelita no sul do Líbano,2025-11-18 23:45:00,3
1433,GDELT - Unknown,Τουλάχιστον 13 νεκροί μετά από ισραηλινό χτύπημα κοντά στη Σιδώνα του Λιβάνου,2025-11-18 23:30:00,3
1434,GDELT - Unknown,Libanon : 13 Tote bei Angriff auf Palästinenserviertel,2025-11-18 23:30:00,3
1435,GDELT - Unknown,Țara care ar sări prima în ajutorul României dacă am fi atacați . Istoric : „ Un vecin bun e mai valoros ca un frate aflat departe,2025-11-18 23:30:00,0
1436,GDELT - Unknown,International Business : Global stocks wary as US rate cut hopes fade,2025-11-18 23:30:00,0
1437,GDELT - Unknown,Trump defends Saudi crown prince over question about killing of Khashoggi,2025-11-18 23:15:00,2
1438,GDELT - Unknown,جريدة القدس,2025-11-18 23:15:00,3
1439,GDELT - Unknown,جريدة القدس,2025-11-18 23:15:00,3
1440,GDELT - Unknown,ترامب يفتح خزائن  السلاح المحرم  للسعودية ومحمد بن سلمان يرد باستثمار  تريليوني,2025-11-18 23:15:00,2
1441,GDELT - Unknown,Socialists Unite : Mamdani Throws Support Behind Behind State Assembly Candidate Who Blamed 9 / 11 on America,2025-11-18 23:15:00,0
1442,GDELT - Unknown,13 killed in Israeli air strike on Palestinian refugee camp in Lebanon,2025-11-18 23:15:00,3
1443,GDELT - Unknown,13 killed in Israeli air strike on Palestinian refugee camp in Lebanon,2025-11-18 23:15:00,3
1444,GDELT - Unknown,Thirteen people killed in Israeli strike on Lebanon,2025-11-18 23:15:00,3
1445,GDELT - Unknown,Σαν σήμερα 19 Νοεμβρίου,2025-11-18 23:15:00,0
1446,GDELT - Unknown,13 killed in Israeli air strike on Palestinian refugee camp in Lebanon,2025-11-18 23:15:00,3
1447,GDELT - Unknown,Gold Slips As Fed Rate Cut Expectations Continue To Diminish,2025-11-18 23:15:00,0
1448,GDELT - Unknown,13 killed in Israeli air strike on Palestinian refugee camp in Lebanon,2025-11-18 23:15:00,3
1449,GDELT - Unknown,"Libanonin mukaan toistakymmentä kuoli Israelin iskussa pakolaisleiriin , Israelin mukaan kohteena Hamasin koulutuskeskus",2025-11-18 23:15:00,3
1450,GDELT - Unknown,Thirteen people killed in Israeli strike on Lebanon,2025-11-18 23:15:00,3
1451,GDELT - Unknown,"Texas Gov Greg Abbott Designates CAIR , Muslim Brotherhood as Foreign Terrorist Organizations",2025-11-18 23:15:00,3
1452,GDELT - Unknown,"« Справа була б знищена » – директор НАБУ про « Міндічгейт », незалежність бюро , фінмоніторинг і СБУ",2025-11-18 23:15:00,0
1453,GDELT - Unknown,إسرائيل تقصف عين الحلوة بلبنان وتوقع 13 شهيداً وعشرات الجرحى,2025-11-18 23:15:00,3
1454,GDELT - Unknown,"Israeli airstrike on Palestinian refugee camp kills 13 , says Lebanon",2025-11-18 23:15:00,3
1455,GDELT - Unknown,İşgalci İsrailden Kuneytra kırsalına topçu saldırı,2025-11-18 23:15:00,3
1456,GDELT - Unknown,US plan for Gaza won UN backing . Carrying it out could be difficult,2025-11-18 23:15:00,3
1457,GDELT - Unknown,"Libanonin mukaan toistakymmentä kuoli Israelin iskussa pakolaisleiriin , Israelin mukaan kohteena Hamasin koulutuskeskus",2025-11-18 23:15:00,3
1458,GDELT - Unknown,"Israeli airstrike on a Palestinian refugee camp in Lebanon kills 13 people , Lebanese ministry says",2025-11-18 23:15:00,3
1459,GDELT - Unknown,cameroun :: RDC M23 à Kinshasa : « Laéroport de Goma ne vous appartient plus » ::,2025-11-18 23:15:00,0
1460,GDELT - Unknown,Why Trump plan to sell F - 35 jets to Saudi Arabia is so controversial,2025-11-18 23:15:00,2
1461,GDELT - Unknown,ACT school closures over asbestos fears debated | The Canberra Times,2025-11-18 23:15:00,0
1462,GDELT - Unknown,Gaza Plan : Steps Towards Integration and Peace – J - Wire,2025-11-18 23:15:00,3
1463,GDELT - Unknown,دولة تحت الوصاية - يحيى عبد الله - بوابة الشروق,2025-11-18 23:15:00,0
1464,GDELT - Unknown,Λίβανος : Τουλάχιστον 13 νεκροί εξαιτίας ισραηλινού πλήγματος κοντά στη Σιδώνα,2025-11-18 23:15:00,3
1465,GDELT - Unknown,"cameroun :: Cryptomonnaie Bitcoin en chute libre : la cryptomonnaie trébuche sous les 90 000 dollars , les investisseurs camerounais en alerte ::",2025-11-18 23:15:00,0
1466,GDELT - Unknown,13 killed in Israeli air strike on Palestinian refugee camp in Lebanon,2025-11-18 23:15:00,3
1467,GDELT - Unknown,"Trump Hosts Saudi Arabia Mohammed bin Salman to Discuss Investment , F - 35 Deals",2025-11-18 23:15:00,2
1468,GDELT - Unknown,特朗普称沙特将获得F - 35战机 谷歌推出新一代AI模型Gemini 3 | 环球市场,2025-11-18 23:15:00,2
1469,GDELT - Unknown,cameroun :: Nigeria Nigeria : Une double victoire pour la souveraineté africaine ::,2025-11-18 23:15:00,0
1470,GDELT - Unknown,"Trump claims slain journalist Khashoggi was  extremely controversial , defends Saudi crown prince",2025-11-18 23:15:00,2
1471,GDELT - Unknown,"Israeli airstrike on Lebanon refugee camp kills 13 , ministry says",2025-11-18 23:15:00,3
1472,GDELT - Unknown,13 killed in Israeli air strike on Palestinian refugee camp in Lebanon,2025-11-18 23:15:00,3
1473,GDELT - Unknown,יתד נאמן  נגד תופעת האלימות החרדית,2025-11-18 23:15:00,3
1474,GDELT - Unknown,Yvette Cooper : Israeli efforts to tackle West Bank violence  insufficient,2025-11-18 23:15:00,3
1475,GDELT - Unknown,جريدة القدس,2025-11-18 23:15:00,3
1476,GDELT - Unknown,Marjorie Taylor Greene says she watches Fox News  the least,2025-11-18 23:15:00,0
1477,GDELT - Unknown,Yvette Cooper : Israeli efforts to tackle West Bank violence  insufficient,2025-11-18 23:15:00,3
1478,GDELT - Unknown,Trump defends Saudi crown prince over question about killing of Khashoggi,2025-11-18 23:15:00,2
1479,GDELT - Unknown,"Hamas , İsrailin Ayn el - Hilvadaki Hava Saldırısını Kınadı",2025-11-18 23:15:00,3
1480,GDELT - Unknown,من نيويورك إلى غزة ... السير فى حقول الألغام ! - خالد أبو بكر,2025-11-18 23:15:00,0
1481,GDELT - Unknown,Trump Says He and Saudi Crown Prince Have  Reached an Agreement  for Country To Join Abraham Accords Trump : US and Saudi Arabia Have  Reached an Agreement  on Abraham Accords,2025-11-18 23:15:00,2
1482,GDELT - Unknown,世界杯48强已定39席 ： 欧洲区直通12队全出炉 ！ 苏格兰末轮逆袭丹麦,2025-11-18 23:15:00,0
1483,GDELT - Unknown,"Saudi Crown Prince meets with Trump , pledges nearly $1T in new Saudi investments to U . S .",2025-11-18 23:15:00,2
1484,GDELT - Unknown,"הרמטכ  ל בזירת הפיגוע : שומרים על דריכות , נמשיך להגן על היישובים",2025-11-18 23:15:00,0
1485,GDELT - Unknown,Λίβανος : Η Χαμάς καταδικάζει τη « βάρβαρη επίθεση » του Ισραήλ κοντά στη Σιδώνα,2025-11-18 23:15:00,3
1486,GDELT - Unknown,US plan for Gaza won UN backing . Carrying it out could be difficult,2025-11-18 23:15:00,3
1487,GDELT - Unknown,Israeli airstrike on a Palestinian refugee camp in Lebanon kills 13 people,2025-11-18 23:15:00,3
1488,GDELT - Unknown,Podneta rezolucija UN i zahtev Iranu da omogući pristup bombardovanim nuklearnim objektima,2025-11-18 23:15:00,1
1489,GDELT - Unknown,لا حلّ في السودان ... من دون خروج الجنرالين,2025-11-18 23:15:00,3
1490,GDELT - Unknown,Палестинци атакуваха евреи на Западния бряг,2025-11-18 23:15:00,3
1491,GDELT - Unknown,ديمقراطيةٌ مُهندَّسة : العراق على مفترق طرق الاستقلال والتبعية,2025-11-18 23:15:00,0
1492,GDELT - Unknown,Ισλαμοαριστερισμός και Αριστερά,2025-11-18 23:15:00,3
1493,GDELT - Unknown,Trump stellt Saudi - Kronprinz Top - Bilanz bei Menschen­rechten aus,2025-11-18 23:15:00,2
1494,GDELT - Unknown,"Israeli airstrike on Lebanon refugee camp kills 13 , ministry says",2025-11-18 23:15:00,3
1495,GDELT - Unknown,قرار مجلس الأمن والطريق للدولة الفلسطينية,2025-11-18 23:15:00,3
1496,GDELT - Unknown,The Epstein files are just the latest fracture in Trump MAGA coalition,2025-11-18 23:15:00,0
1497,GDELT - Unknown,Donald Trump Bela Putra Mahkota Saudi yang  Tidak Tahu Apa - apa  Tentang Pembunuhan Jurnalis Jamal Khashoggi,2025-11-18 23:15:00,2
1498,GDELT - Unknown,"cameroun :: united states Trump ouvre des fronts tous azimuts : Venezuela , Iran , Corée , crise Epstein … Washington en ébullition ::",2025-11-18 23:15:00,2
1499,GDELT - Unknown,Jedan ubijeni i troje ranjenih u naletu automobilom i napadu nožem na Zapadnoj obali,2025-11-18 23:15:00,0
1500,GDELT - Unknown,Gazze tasarısı İsraili koruyor,2025-11-18 23:15:00,3
1501,GDELT - Unknown,Trump expands travel ban - 95 . 5 WSB,2025-12-17 01:00:00,2
1502,GDELT - Unknown,"Imports to busiest US seaport tumble 11 . 5 % in November as tariffs bite , port executive says",2025-12-17 01:00:00,0
1503,GDELT - Unknown,Axis of Resistance,2025-12-17 01:00:00,0
1504,GDELT - Unknown,La Corte penale internazionale respinge il ricorso di Israele contro i mandati darresto nei confronti di Netanyahu e Gallant,2025-12-17 01:00:00,3
1505,GDELT - Unknown,Donald Trump amplía la prohibición total de viaje a siete países y a la Autoridad Palestina,2025-12-17 01:00:00,2
1506,GDELT - Unknown,Reflecting on the string of global tragedies -- my head is filled with fears of Armageddon,2025-12-17 01:00:00,0
1507,GDELT - Unknown,Dow Jones sheds 302 points as U . S . markets close mixed,2025-12-17 01:00:00,0
1508,GDELT - Unknown,جريدة القدس,2025-12-17 01:00:00,3
1509,GDELT - Unknown,جريدة القدس,2025-12-17 01:00:00,3
1510,GDELT - Unknown,Saskatchewan reacts to deadly Australia shooting on Jewish community,2025-12-17 01:00:00,3
1511,GDELT - Unknown,Bondi Beach attack casts a shadow on Hanukkah celebrations in Israel,2025-12-17 01:00:00,3
1512,GDELT - Unknown,Report : Israel Warned Australia About  Iran - Directed  Threat to Jewish Communities,2025-12-17 01:00:00,3
1513,GDELT - Unknown,Aussie PM Talks Live on ABC Newsradio,2025-12-17 01:00:00,0
1514,GDELT - Unknown,"Trump , seyahat yasağı uygulanan ülkelerin listesini genişletti",2025-12-17 01:00:00,2
1515,GDELT - Unknown,World News : Israeli settler kills 16 - year - old Palestinian in West Bank,2025-12-17 01:00:00,3
1516,GDELT - Unknown,"Что сильно бесит украинских неонацистов , где страшное место для « диких гусей » и почему ВСУ перестали гадить у границ с Белоруссией : Последние новости о ситуации вокруг Украины",2025-12-17 01:00:00,0
1517,GDELT - Unknown,"Un any després de lalto - el - foc , lespectre de la guerra contra Israel torna a planar sobre el Líban",2025-12-17 01:00:00,3
1518,GDELT - Unknown,Unfinished business will drive the Mideast agenda in 2026,2025-12-17 01:00:00,0
1519,GDELT - Unknown,Sydney funerals begin for Bondi Beach Hanukkah shooting victims,2025-12-17 01:00:00,3
1520,GDELT - Unknown,Amnesty International Cant Handle the Truth about Hamas | American Enterprise Institute,2025-12-17 01:00:00,3
1521,GDELT - Unknown,Middle East oil prices soften as surplus fears build,2025-12-17 01:00:00,0
1522,GDELT - Unknown,Bondi Beach attack casts a shadow on Hanukkah celebrations in Israel,2025-12-17 01:00:00,3
1523,GDELT - Unknown,Israël weigert Canadese parlementsleden toegang tot Westoever,2025-12-17 01:00:00,3
1524,GDELT - Unknown,Bondi Beach attack casts a shadow on Hanukkah celebrations in Israel,2025-12-17 01:00:00,3
1525,GDELT - Unknown,Giant menorah lighting kicks off Hanukkah in Long Beach,2025-12-17 00:30:00,0
1526,GDELT - Unknown,حماس تحذّر من تصعيد خطير بعد مصادقة الكنيست على مشروع يستهدف حرمان الأونروا من الخدمات الأساسية,2025-12-17 00:30:00,3
1527,GDELT - Unknown,Racist and antisemitic false information spreads online following Bondi Beach terrorism attack,2025-12-17 00:30:00,0
1528,GDELT - Unknown,Bondi Beach attack casts a shadow on Hanukkah celebrations in Israel,2025-12-17 00:30:00,3
1529,GDELT - Unknown,Syrie : Arrestation dun civil par les forces doccupation israéliennes à Quneitra – Site de la chaîne AlManar - Liban,2025-12-17 00:30:00,3
1530,GDELT - Unknown,Bondi Beach attack casts a shadow on Hanukkah celebrations in Israel,2025-12-17 00:30:00,3
1531,GDELT - Unknown,La Administración Trump amplía a 39 países la prohibición de viajes de sus ciudadanos a Estados Unidos,2025-12-17 00:30:00,2
1532,GDELT - Unknown,白宫幕僚长 ： 特朗普拥有  酒鬼型人格 ， 认为自己无所不能 _ 凤凰网,2025-12-17 00:30:00,2
1533,GDELT - Unknown,Fact Check Team : Hanukkah attack in Australia highlights rise in antisemitic violence,2025-12-17 00:30:00,0
1534,GDELT - Unknown,Estos son los siete nuevos países vetados para viajar a Estados Unidos,2025-12-17 00:30:00,2
1535,GDELT - Unknown,Venezuela denuncia na ONU  roubo  de navio petroleiro pelos EUA :  ato de pirataria internacional,2025-12-17 00:30:00,0
1536,GDELT - Unknown,"Estaban a punto de convertirse en estadounidenses , pero en el último momento el gobierno de Trump les canceló la ceremonia de ciudadanía",2025-12-17 00:30:00,2
1537,GDELT - Unknown,Fact Check Team : Hanukkah attack in Australia highlights rise in antisemitic violence,2025-12-17 00:30:00,0
1538,GDELT - Unknown,"Trump , seyahat yasağı listesini yeniden genişletti",2025-12-17 00:30:00,2
1539,GDELT - Unknown,Russian Energy Achilles Heel | American Enterprise Institute,2025-12-17 00:30:00,0
1540,GDELT - Unknown,« Укрепление и сплочение - вслед за тяжелой трагедией »,2025-12-17 00:30:00,0
1541,GDELT - Unknown,Bondi Beach attack casts a shadow on Hanukkah celebrations in Israel,2025-12-17 00:30:00,3
1542,GDELT - Unknown,Fact Check Team : Hanukkah attack in Australia highlights rise in antisemitic violence,2025-12-17 00:30:00,0
1543,GDELT - Unknown,Australia holds first funerals for Bondi Beach attack victims,2025-12-17 00:30:00,0
1544,GDELT - Unknown,Sec . Hegseth Will Not Publicly Release Highly Scrutinized Caribbean Boat Strike,2025-12-17 00:30:00,0
1545,GDELT - Unknown,Netanyahu demands Western governments fight antisemitism,2025-12-17 00:30:00,3
1546,GDELT - Unknown,Trump expands travel ban and restrictions to include an additional 20 countries,2025-12-17 00:30:00,2
1547,GDELT - Unknown,ضياء رشوان : ترامب غاضب من نتنياهو لخرقه اتفاق غزة باغتيال قيادي في حماس,2025-12-17 00:30:00,3
1548,GDELT - Unknown,News1 | משרד המשפטים מזהיר מתקדים : זיהוי לאומי כבסיס להטבת מס מעורר שאלות,2025-12-17 00:30:00,0
1549,GDELT - Unknown,"News1 | קרעי ליועמ  ש חדשות 12 :  מוכן להשאיר אסדרה רק לקשת ורשת , וכל השאר לאסדרה המינימלית",2025-12-17 00:30:00,0
1550,GDELT - Unknown,【 名家專欄 】 美國軍事攔截中共貨輪顯威力 | 伊朗 | 海上攔截,2025-12-17 00:30:00,0
1551,GDELT - Unknown,Bondi Beach attack casts a shadow on Hanukkah celebrations in Israel,2025-12-17 00:30:00,3
1552,GDELT - Unknown,New Trump travel ban adds five more countries to growing list,2025-12-17 00:30:00,2
1553,GDELT - Unknown,Adolescente palestiniano morto por colono israelita na Cisjordânia -- Media,2025-12-17 00:30:00,3
1554,GDELT - Unknown,"רעיון נועז , כישלון קליני מכריע : חברת ביומיקס צפויה להיסגר",2025-12-17 00:30:00,0
1555,GDELT - Unknown,Bondi Beach attack casts a shadow on Hanukkah celebrations in Israel,2025-12-17 00:30:00,3
1556,GDELT - Unknown,Dow Jones sheds 302 points as U . S . markets close mixed,2025-12-17 00:30:00,0
1557,GDELT - Unknown,The Latest : Hegseth and Rubio brief lawmakers on US military escalation,2025-12-17 00:30:00,0
1558,GDELT - Unknown,Dow Jones sheds 302 points as U . S . markets close mixed,2025-12-17 00:30:00,0
1559,GDELT - Unknown,مكانة القضية في وجدان الزعيم .. الصالح  ضمير فلسطين  ( الحلقة الاولى ),2025-12-17 00:30:00,3
1560,GDELT - Unknown,"Graham defends Trump admin boat strike campaign , pushes for Venezuelan regime change",2025-12-17 00:30:00,2
1561,GDELT - Unknown,Trump expands travel ban and restrictions to include an additional 20 countries,2025-12-17 00:30:00,2
1562,GDELT - Unknown,Ο αρχηγός της Μοσάντ λέει πως το Ισραήλ έχει την ευθύνη να διασφαλίσει ότι το Ιράν δεν θα επανεκκινήσει το πυρηνικό του πρόγραμμα,2025-12-17 00:30:00,3
1563,GDELT - Unknown,Fact Check Team : Hanukkah attack in Australia highlights rise in antisemitic violence,2025-12-17 00:30:00,0
1564,GDELT - Unknown,Fact Check Team : Hanukkah attack in Australia highlights rise in antisemitic violence,2025-12-17 00:30:00,0
1565,GDELT - Unknown,Bondi Beach attack casts a shadow on Hanukkah celebrations in Israel,2025-12-17 00:30:00,3
1566,GDELT - Unknown,"Russia , lesperto di servizi segreti : « La guerra ibrida di Putin è già iniziata . Anche in Italia infiltrati e informatori »",2025-12-17 00:30:00,0
1567,GDELT - Unknown,Saskatchewan reacts to deadly Australia shooting on Jewish community,2025-12-17 00:30:00,3
1568,GDELT - Unknown,EE UU investiga si Venezuela financió a Irán y a su aparato militar – Correo del Caroní,2025-12-17 00:30:00,1
1569,GDELT - Unknown,Australia holds first funerals for Bondi Beach attack victims,2025-12-17 00:30:00,0
1570,GDELT - Unknown,Ισραήλ : Ο αρχηγός της Μοσάντ λέει πως η χώρα του έχει την ευθύνη να διασφαλίσει ότι το Ιράν δεν θα επανεκκινήσει το πυρηνικό του πρόγραμμα,2025-12-17 00:30:00,1
1571,GDELT - Unknown,Bondi Beach attack casts a shadow on Hanukkah celebrations in Israel,2025-12-17 00:15:00,3
1572,GDELT - Unknown,טראמפ חתם על הצו : בעלי דרכון פלסטיני לא יורשו להיכנס לארה  ב,2025-12-17 00:15:00,2
1573,GDELT - Unknown,Australia holds first funerals for Bondi Beach attack victims,2025-12-17 00:15:00,0
1574,GDELT - Unknown,دعوات أممية لإدخال المساعدات إلى غزة وإدانات أوروبية عنف المستوطنين بالضفة,2025-12-17 00:15:00,3
1575,GDELT - Unknown,Trump expands travel ban and restrictions to include an additional 20 countries,2025-12-17 00:15:00,2
1576,GDELT - Unknown,Τσίπρας από Πάτρα : Η κυβέρνηση καταρρέει και το γνωρίζουν και οι ίδιοι - Όλη η ομιλία,2025-12-17 00:15:00,0
1577,GDELT - Unknown,اتفاقية سايكس - بيكو الجديدة – محمد طاقة,2025-12-17 00:15:00,0
1578,GDELT - Unknown,Explainer - Why is the Trump administration putting pressure on Venezuela ?,2025-12-17 00:15:00,2
1579,GDELT - Unknown,Bondi Beach attack casts a shadow on Hanukkah celebrations in Israel,2025-12-17 00:15:00,3
1580,GDELT - Unknown,¿ Caballo de Troya ? Por qué declaratoria de Trump sobre fentanilo debe preocupar a Latinoamérica,2025-12-17 00:15:00,2
1581,GDELT - Unknown,"Discovering Activity at Pickaxe Mountain , Iran Underground Suspected Nuclear Site | FRONTLINE | PBS | Official Site",2025-12-17 00:15:00,1
1582,GDELT - Unknown,Column | Alle vluchtelingen zijn overal de klos,2025-12-17 00:15:00,0
1583,GDELT - Unknown,Fact Check Team : Hanukkah attack in Australia highlights rise in antisemitic violence,2025-12-17 00:15:00,0
1584,GDELT - Unknown,Trump étend linterdiction et les restrictions de voyage à 20 pays supplémentaires,2025-12-17 00:15:00,2
1585,GDELT - Unknown,حملات للضغط على موردي السلاح المرتبطين بالحرب على غزة,2025-12-17 00:15:00,3
1586,GDELT - Unknown,US Commandos Raid Ship Carrying Military Items to Iran From China,2025-12-17 00:15:00,1
1587,GDELT - Unknown,"Facing Antisemitism and Exclusion , Jewish Authors Get a Lifeline",2025-12-17 00:15:00,3
1588,GDELT - Unknown,Dow Jones sheds 302 points as U . S . markets close mixed,2025-12-17 00:15:00,0
1589,GDELT - Unknown,Trump expands travel ban and restrictions to include an additional 20 countries,2025-12-17 00:15:00,2
1590,GDELT - Unknown,Trump administration expands list of countries subject to entry restrictions,2025-12-17 00:15:00,2
1591,GDELT - Unknown,Australia holds first funerals for Bondi Beach attack victims,2025-12-17 00:15:00,0
1592,GDELT - Unknown,"El ISIS y el atentado en Australia : la historia de una banda terrorista sangrienta desactivada , pero que muchos quieren emular",2025-12-17 00:15:00,0
1593,GDELT - Unknown,Лавров и Арагчи обсудят иранскую ядерную программу,2025-12-17 00:15:00,1
1594,GDELT - Unknown,"Palantir CEO Alex Karp , raised outside Philly , is a top Trump admin contractor",2025-12-17 00:15:00,2
1595,GDELT - Unknown,"From Wiz Megadeal to Fresh IPO Listings , Israeli Tech Exit Market Roars Back in PwC 2025 Review",2025-12-17 00:15:00,0
1596,GDELT - Unknown,Ze verbijsterde collega toen ze Donald Trump van repliek diende : hoe gaat EU - buitenlandchef Kaja Kallas te werk ?,2025-12-17 00:15:00,2
1597,GDELT - Unknown,Bondi Beach attack casts a shadow on Hanukkah celebrations in Israel,2025-12-17 00:15:00,3
1598,GDELT - Unknown,Los socios de Marchalhendín aportan la primera derrama para arreglar el polígono vandalizado,2025-12-17 00:15:00,0
1599,GDELT - Unknown,Trump prohíbe la entrada a EE UU a ciudadanos sirios y palestinos,2025-12-17 00:15:00,2
1600,GDELT - Unknown,"Donald J . Trump Administration , Schema - Root news",2025-12-17 00:15:00,2
1601,GDELT - Unknown,Trump expands U . S . travel ban and restrictions to 20 more countries - National,2025-12-17 00:15:00,2
1602,GDELT - Unknown,Bondi Beach attack casts a shadow on Hanukkah celebrations in Israel,2025-12-17 00:15:00,3
1603,GDELT - Unknown,Australia holds first funerals for Bondi Beach attack victims,2025-12-17 00:15:00,0
1604,GDELT - Unknown,Dow Jones sheds 302 points as U . S . markets close mixed,2025-12-17 00:15:00,0
1605,GDELT - Unknown,Fact Check Team : Hanukkah attack in Australia highlights rise in antisemitic violence,2025-12-17 00:15:00,0
1606,GDELT - Unknown,美國引領全球大轉彎 台灣不要被甩出軌道 ！ | 雲論 | ETtoday新聞雲,2025-12-17 00:15:00,0
1607,GDELT - Unknown,İsraile yeni ABD askeri finansman tasarısı,2025-12-17 00:15:00,3
1608,GDELT - Unknown,Spilling of Jewish blood in Australia feels close to home,2025-12-17 00:15:00,0
1609,GDELT - Unknown,The Latest : Hegseth and Rubio brief lawmakers on US military escalation,2025-12-17 00:15:00,0
1610,GDELT - Unknown,Trump Military Pressure on the Maduro Regime is Perfectly Legal,2025-12-17 00:15:00,2
1611,GDELT - Unknown,Il ritorno dei profughi in una Siria in macerie,2025-12-16 23:45:00,3
1612,GDELT - Unknown,US warned EU against stealing Russia assets,2025-12-16 23:45:00,2
1613,GDELT - Unknown,Trump administration expands list of countries subject to entry restrictions - Xinhua,2025-12-16 23:45:00,2
1614,GDELT - Unknown,Oregon Gas Prices Continue Slide,2025-12-16 23:45:00,0
1615,GDELT - Unknown,Zionist Forces Fatally Shoot Palestinian Teen Amid Ongoing West Bank Raids,2025-12-16 23:45:00,3
1616,GDELT - Unknown,Trump amplía la prohibición de entrada a EE . UU . y suma más de 30 países bajo argumentos de seguridad : Cuba y Venezuela tendrán restricción parcial,2025-12-16 23:45:00,2
1617,GDELT - Unknown,النفاق القذر,2025-12-16 23:45:00,0
1618,GDELT - Unknown,ننتخب البرلمان كي ننتقده !,2025-12-16 23:45:00,0
1619,GDELT - Unknown,Jovem palestiniano de 16 anos morto por colono israelita na Cisjordânia,2025-12-16 23:45:00,3
1620,GDELT - Unknown,تقرير : الإمارات وقعت صفقة سرية ضخمة مع شركة إسرائيلية,2025-12-16 23:45:00,3
1621,GDELT - Unknown,Opinioni | Come contrastare lantisemitismo,2025-12-16 23:45:00,0
1622,GDELT - Unknown,Nachrichten Heute,2025-12-16 23:45:00,0
1623,GDELT - Unknown,Trump administration expands list of countries subject to entry restrictions - Xinhua,2025-12-16 23:45:00,2
1624,GDELT - Unknown,"Trump expands travel ban , adding 5 more countries",2025-12-16 23:45:00,2
1625,GDELT - Unknown,AI Image Falsely Suggests Bondi Beach Terror Attack Was Staged,2025-12-16 23:45:00,0
1626,GDELT - Unknown,Inverno a Gaza : il dramma dei bambini e lemergenza aiuti umanitari,2025-12-16 23:45:00,3
1627,GDELT - Unknown,Australian Prime Minister Faces Pushback Over Gun Control Pledge,2025-12-16 23:30:00,0
1628,GDELT - Unknown,Wall Street diverges Tuesday after disappointing jobs report,2025-12-16 23:30:00,0
1629,GDELT - Unknown,Bondi Beach attack casts a shadow on Hanukkah celebrations in Israel,2025-12-16 23:30:00,3
1630,GDELT - Unknown,"Gaza news : Flooding kills 12 , families struggle to recover",2025-12-16 23:30:00,3
1631,GDELT - Unknown,Gaza families struggle to recover from days of torrential rains that killed 12 people,2025-12-16 23:30:00,3
1632,GDELT - Unknown,مراسم هفتم خسرو علیکردی ؛ جلوه‌ای از روی‌کرد واحد دوگانۀ استبدادی حاکم و مخلوع,2025-12-16 23:30:00,0
1633,GDELT - Unknown,Saskatchewan reacts to deadly Australia shooting on Jewish community,2025-12-16 23:30:00,3
1634,GDELT - Unknown,"Russia , lesperto di servizi segreti : « La guerra ibrida di Putin è già iniziata . Anche in Italia infiltrati e informatori »",2025-12-16 23:30:00,0
1635,GDELT - Unknown,Netanyahudan ABDyi kızdıracak  Yahudi  açıklaması,2025-12-16 23:30:00,3
1636,GDELT - Unknown,Λίβανος : Ακόμα δύο νεκροί από ισραηλινά πυρά παρά την εκεχειρία,2025-12-16 23:30:00,3
1637,GDELT - Unknown,Gaza families struggle to recover from days of torrential rains that killed 12 people,2025-12-16 23:30:00,3
1638,GDELT - Unknown,Ισραήλ : Η Μοσάντ ζητά να αποτραπεί η επανεκκίνηση του πυρηνικού προγράμματος του Ιράν,2025-12-16 23:30:00,1
1639,GDELT - Unknown,Trump expands travel ban and restrictions to include an additional 20 countries,2025-12-16 23:30:00,2
1640,GDELT - Unknown,"Les importations vers le port maritime le plus actif des États - Unis ont chuté de 11 , 5 % en novembre en raison des droits de douane , selon un responsable portuaire",2025-12-16 23:30:00,0
1641,GDELT - Unknown,Bondi Beach attack casts a shadow on Hanukkah celebrations in Israel,2025-12-16 23:30:00,3
1642,GDELT - Unknown,We Jews in Sydney Have Feared This Day for Years,2025-12-16 23:30:00,3
1643,GDELT - Unknown,Bondi Beach attack casts a shadow on Hanukkah celebrations in Israel,2025-12-16 23:30:00,3
1644,GDELT - Unknown,Palestinian envoy rejects statehood - Bondi attack link,2025-12-16 23:30:00,3
1645,GDELT - Unknown,Bondi Beach attack casts a shadow on Hanukkah celebrations in Israel,2025-12-16 23:30:00,3
1646,GDELT - Unknown,World News : Israeli settler kills 16 - year - old Palestinian in West Bank,2025-12-16 23:30:00,3
1647,GDELT - Unknown,"Trump expands travel restrictions to new countries , adds Palestinians to list",2025-12-16 23:30:00,2
1648,GDELT - Unknown,I became Jewish at 60 as antisemitism rages – The Forward,2025-12-16 23:30:00,3
1649,GDELT - Unknown,Ο Τζάρεντ Κούσνερ είναι παντού : Από ειρηνευτικές συμφωνίες μέχρι μεγάλα επιχειρηματικά deals,2025-12-16 23:30:00,0
1650,GDELT - Unknown,Trump expands travel ban and restrictions to include an additional 20 countries,2025-12-16 23:30:00,2
1652,GDELT - Unknown,Donald Trump le prohibió a siete países más la entrada a Estados Unidos : cuáles son,2025-12-16 23:30:00,2
1653,GDELT - Unknown,Yahudiler başarısız olsaydı ABD olmazdı,2025-12-16 23:30:00,3
1654,GDELT - Unknown,Amal Clooney blasted as a mouthpiece for Hollywood liberals and  kangaroo court  by critics,2025-12-16 23:30:00,0
1655,GDELT - Unknown,Les funérailles des victimes de la fusillade de Hanoukka à Bondi Beach ont commencé à Sydney,2025-12-16 23:30:00,0
1656,GDELT - Unknown,Wall Street diverges Tuesday after disappointing jobs report,2025-12-16 23:30:00,0
1657,GDELT - Unknown,Bondi Beach attack casts a shadow on Hanukkah celebrations in Israel,2025-12-16 23:30:00,3
1658,GDELT - Unknown,Fact Check Team : Hanukkah attack in Australia highlights rise in antisemitic violence,2025-12-16 23:30:00,0
1659,GDELT - Unknown,Canadian MP blocked from West Bank rejects Israel  safety concern  claims | Israel - Palestine conflict News,2025-12-16 23:30:00,3
1660,GDELT - Unknown,美乌柏林会谈真的  富有成效 ？,2025-12-16 23:30:00,0
1661,GDELT - Unknown,BBC is beloved and maligned . Now it faces a $10 billion Trump lawsuit,2025-12-16 23:30:00,2
1662,GDELT - Unknown,Bondi Beach attack leaves Niagara Jews  very shaken,2025-12-16 23:30:00,3
1663,GDELT - Unknown,Mossad dice debe garantizar que Irán no reinicie programa nuclear,2025-12-16 23:30:00,1
1664,GDELT - Unknown,بعد منع الاحتلال .. محاصرون بلا علاج للسرطان منذ ما يقرب من 3 سنوات ( فيديو ),2025-12-16 23:30:00,0
1665,GDELT - Unknown,Muslim Civil Rights Group Sues DeSantis Over  Foreign Terrorist  Order,2025-12-16 23:30:00,0
1666,GDELT - Unknown,Finding light in the darkness : Reflections in the wake of Bondi Beach shooting,2025-12-16 23:30:00,0
1667,GDELT - Unknown,Bondi Beach attack casts a shadow on Hanukkah celebrations in Israel,2025-12-16 23:30:00,3
1668,GDELT - Unknown,Ισραήλ : Η Μοσάντ ζητά να αποτραπεί η επανεκκίνηση του πυρηνικού προγράμματος του Ιράν,2025-12-16 23:15:00,1
1669,GDELT - Unknown,משטרה ישראל בשירות השלטון ובחסות השר,2025-12-16 23:15:00,3
1670,GDELT - Unknown,ענן כבד על ערך האנושיות,2025-12-16 23:15:00,0
1671,GDELT - Unknown,Eurovision host says it will not drown out any boos during Israel performance | HOT 96 | The Tri State # 1 Hit Music Station,2025-12-16 23:15:00,3
1672,GDELT - Unknown,Мужчина вскрыл себе вены в ТЦК в Одессе . | Комментарии Украина,2025-12-16 23:15:00,0
1673,GDELT - Unknown,Fact Check Team : Hanukkah attack in Australia highlights rise in antisemitic violence,2025-12-16 23:15:00,0
1674,GDELT - Unknown,"Trump amplía la prohibición de entrada a EEUU a ciudadanos de varios países , incluidos palestinos",2025-12-16 23:15:00,2
1675,GDELT - Unknown,Dow Jones sheds 302 points as U . S . markets close mixed,2025-12-16 23:00:00,0
1676,GDELT - Unknown,Fact Check Team : Hanukkah attack in Australia highlights rise in antisemitic violence,2025-12-16 23:00:00,0
1677,GDELT - Unknown,İran Ordusu : Donanmayı Kullanma Fırsatı Olmadı,2025-12-16 23:00:00,1
1678,GDELT - Unknown,Trump amplía la prohibición total de viaje a siete países y a la Autoridad Palestina,2025-12-16 23:00:00,2
1679,GDELT - Unknown,Trump veta entrada de palestinos e pessoas de sete países - 16 / 12 / 2025 - Mundo,2025-12-16 23:00:00,0
1680,GDELT - Unknown,Dow Jones sheds 302 points as U . S . markets close mixed,2025-12-16 22:45:00,0
1681,GDELT - Unknown,Trump expands travel ban and restrictions to include an additional 20 countries,2025-12-16 22:45:00,2
1682,GDELT - Unknown,בבכורה בישראל : הפועל ניצחה את הכוכב האדום,2025-12-16 22:45:00,0
1683,GDELT - Unknown,Gaza families struggle to recover from days of torrential rains that killed 12 people,2025-12-16 22:45:00,3
1684,GDELT - Unknown,Trump expands travel ban and restrictions to include an additional 20 countries,2025-12-16 22:45:00,2
1685,GDELT - Unknown,Dow Jones sheds 302 points as U . S . markets close mixed,2025-12-16 22:45:00,0
1686,GDELT - Unknown,היום : 24 כתבי אישום יוגשו נגד אוהדי הפועל ת  א,2025-12-16 22:45:00,0
1687,GDELT - Unknown,Habervitrini . com | Ben Gvir İzzeddin el Kassam ın mezarını yok etme tehdidinde bulundu,2025-12-16 22:30:00,0
1688,GDELT - Unknown,Australian PM says  Islamic State ideology  drove Bondi Beach gunmen,2025-12-16 22:30:00,3
1689,GDELT - Unknown,Après Sydney : Nethanayu somme les Occidentaux « dagir contre lantisémitisme »,2025-12-16 22:30:00,0
1690,GDELT - Unknown,Dermatose nodulaire contagieuse  : le gouvernement sous pression à lAssemblée nationale,2025-12-16 22:30:00,0
1691,GDELT - Unknown,خبرهای مهم جهان,2025-12-16 22:30:00,0
1692,GDELT - Unknown,Dow Jones sheds 302 points as U . S . markets close mixed,2025-12-16 22:30:00,0
1693,GDELT - Unknown,"Gaza Ceasefire Fragile , Humanitarian Needs Dire",2025-12-16 22:30:00,3
1694,GDELT - Unknown,Bondi Beach attack casts a shadow on Hanukkah celebrations in Israel,2025-12-16 22:30:00,3
1695,GDELT - Unknown,"הזקנים חזרו , הילדים נעלמו : זה מה ששמענו השנה ברדיו",2025-12-16 22:30:00,0
1696,GDELT - Unknown,Chile : A Bleeding Heart Yet Resilient Amidst Political Challenges,2025-12-16 22:30:00,0
1697,GDELT - Unknown,"Coalition Forms Antisemitism , Extremism Taskforce",2025-12-16 22:30:00,0
1698,GDELT - Unknown,الأمطار تزيد معاناة الغزّيين ... و « حماس »: خروق إسرائيل تجعل الاتفاق يترنّح,2025-12-16 22:30:00,3
1699,GDELT - Unknown,Trump expands travel ban and restrictions to include an additional 20 countries,2025-12-16 22:30:00,2
1700,GDELT - Unknown,Tijela 30 članova jedne palestinske porodice pronađena u ruševinama njihove kuće u Gazi,2025-12-16 22:15:00,3
1701,GDELT - Unknown,Echidna : Who to blame for confusion about anti - Semitism ? | Oberon Review,2025-12-16 22:15:00,0
1702,GDELT - Unknown,Лавров и Арагчи обсудят иранскую ядерную программу,2025-12-16 22:15:00,1
1703,GDELT - Unknown,A háborúpárti nyugati vezetők hatpontos tervükkel akadályoznák a békét,2025-12-16 22:15:00,0
1705,GDELT - Unknown,Reports : Deposed Syrian Dictator Bashar Assad Resurfaces in Moscow as Celebrity Ophthalmologist,2025-12-16 22:15:00,0
1706,GDELT - Unknown,Netanyahudan ABDyi çıldırtacak tehdit : Yahudiler olmasaydı ABD ...,2025-12-16 22:15:00,3
1707,GDELT - Unknown,استثمار الدماء,2025-12-16 22:15:00,0
1708,GDELT - Unknown,Littleproud opposes Albanese on gun law changes post - Bondi | North Queensland Register,2025-12-16 22:15:00,0
1709,GDELT - Unknown,Eurovision host says it will not drown out any boos during Israel performance,2025-12-16 22:15:00,3
1710,GDELT - Unknown,Cisjordanie . « Il a ouvert le feu directement  : un adolescent palestinien tué par un colon israélien,2025-12-16 22:15:00,3
1711,GDELT - Unknown,یہودونصاریٰ تمہارے دوست نہیں ہوسکتے  - Daily Pakistan,2025-12-16 22:15:00,0
1712,GDELT - Unknown,Echidna : Who to blame for confusion about anti - Semitism ? | The Irrigator,2025-12-16 22:15:00,0
1713,GDELT - Unknown,Dow Jones sheds 302 points as U . S . markets close mixed,2025-12-16 22:15:00,0
1714,GDELT - Unknown,"US Gaza Plan Prevented Bloodshed , Yet Lasting Ceasefire Not Achieved",2025-12-16 22:15:00,3
1715,GDELT - Unknown,Mossad chief says Israel must  ensure  Iran wont restart nuclear programme,2025-12-16 22:15:00,1
1716,GDELT - Unknown,"Между Москвой и Киевом . Крозетто , Мелони и изменения в отношении  победы Украины  ( IL Fatto Quotidiano , Италия )",2025-12-16 22:15:00,0
1717,GDELT - Unknown,Echidna : Who to blame for confusion about anti - Semitism ? | The Rural,2025-12-16 22:15:00,0
1718,GDELT - Unknown,Trump has  alcoholic personality : chief of staff in Vanity Fair,2025-12-16 22:15:00,2
1719,GDELT - Unknown,"The Settlers Are Not Leaving : Decolonization , not coexistence",2025-12-16 22:15:00,0
1720,GDELT - Unknown,Izraelský osadník zastřelil 16letého Palestince na Západním břehu,2025-12-16 22:15:00,3
1721,GDELT - Unknown,Dow Jones sheds 302 points as U . S . markets close mixed,2025-12-16 22:00:00,0
1722,GDELT - Unknown,The Quiet Crisis Consuming Young Men and the People Getting Rich Off It,2025-12-16 22:00:00,0
1723,GDELT - Unknown,"The best movies of 2025 , ranked by AP film writers – Brandon Sun",2025-12-16 22:00:00,0
1724,GDELT - Unknown,Congress Should Repeal Caesar Sanctions on Syria,2025-12-16 22:00:00,2
1725,GDELT - Unknown,Лавров и Аракчи обсудят в ходе встречи в Москве ситуацию вокруг ИЯП,2025-12-16 22:00:00,1
1726,GDELT - Unknown,Attentat à Sydney  : le gouvernement évoque  lidéologie de l  État islamique,2025-12-16 22:00:00,3
1727,GDELT - Unknown,Mahmoud Abbas Fast Facts,2025-12-16 22:00:00,3
1728,GDELT - Unknown,Wall Street diverges Tuesday after disappointing jobs report,2025-12-16 22:00:00,0
1729,GDELT - Unknown,رئيس الموساد الاسرائيلي : إيران لن تتخلى عن طموحاتها النووية رغم الدمار,2025-12-16 22:00:00,1
1730,GDELT - Unknown,813 خرقاً إسرائيلياً لوقف النار في غزة وتحذير من انهيار الاتفاق,2025-12-16 22:00:00,3
1731,GDELT - Unknown,Eurovision host says it will not drown out any boos during Israel performance,2025-12-16 22:00:00,3
1732,GDELT - Unknown,Знакомьтесь : офицеры разведки - охотники на террориста,2025-12-16 21:45:00,0
1733,GDELT - Unknown,"2 killed , 5 injured in Israeli airstrikes on southern , Mount Lebanon - Xinhua",2025-12-16 21:45:00,3
1734,GDELT - Unknown,"Hapoel Tel Aviv - Crvena zvezda , uživo : Drama u poslednjoj četvrtini , Brajant i Batler u glavnim ulogama",2025-12-16 21:45:00,0
1735,GDELT - Unknown,Union Minister Jaishankar meets Israeli Prime Minister / இஸ்ரேல் பிரதமருடன் மத்திய மந்திரி ஜெய்சங்கர் சந்திப்பு,2025-12-16 21:45:00,3
1736,GDELT - Unknown,Polestar Secures New Term Loan Facility of Up To USD 600 Million,2025-12-16 21:45:00,0
1737,GDELT - Unknown,« قوة الاستقرار الدولية » في غزة امتحانٌ عَسير,2025-12-16 21:45:00,3
1738,GDELT - Unknown,Australian PM says  Islamic State ideology  drove Bondi Beach gunmen,2025-12-16 21:45:00,3
1739,GDELT - Unknown,Pros and Cons in the National Security Strategy,2025-12-16 21:45:00,1
1740,GDELT - Unknown,Australian police say Bondi Beach mass shooting was inspired by Islamic State group,2025-12-16 21:45:00,3
1741,GDELT - Unknown,الجنائية الدولية وحروب نتنياهو التي تتمدد,2025-12-16 21:45:00,3
1742,GDELT - Unknown,Littleproud opposes Albanese on gun law changes post - Bondi | Stock Journal,2025-12-16 21:45:00,0
1743,GDELT - Unknown,Λίβανος : Δύο νεκροί σε ισραηλινά αεροπορικά πλήγματα,2025-12-16 21:45:00,3
1744,GDELT - Unknown,Dow Jones sheds 302 points as U . S . markets close mixed,2025-12-16 21:45:00,0
1745,GDELT - Unknown,Eurovision 2026 will feature 35 countries,2025-12-16 21:45:00,0
1746,GDELT - Unknown,【 新聞大破解 】 美矽和平新G7 以色列台灣連線反共,2025-12-16 21:45:00,3
1747,GDELT - Unknown,Το Ισραήλ « απαιτεί » από δυτικές κυβερνήσεις να καταπολεμήσουν τον αντισημιτισμό,2025-12-16 21:45:00,3
1748,GDELT - Unknown,"Attentat à Sydney : lenquête avance , le gouvernement évoque « lidéologie de l  État islamique »",2025-12-16 21:45:00,3
1749,GDELT - Unknown,Oscar Shortlists : Netflix Scores With 3 Docs ; Mariska Hargitay Snubbed,2025-12-16 21:45:00,0
1750,GDELT - Unknown,A Story of a 1930s Uprising Against British Colonialism Is Key To Understanding Gaza Today,2025-12-16 21:45:00,3
1751,GDELT - Unknown,美伊談判之際 伊朗演習臨時關閉霍爾木茲海峽 | 美囯,2026-02-18 01:00:00,1
1752,GDELT - Unknown,Judge blocks deportation of Palestinian activist who led protests at Columbia,2026-02-18 01:00:00,2
1753,GDELT - Unknown,Judge blocks deportation of Palestinian activist who led protests at Columbia,2026-02-18 01:00:00,2
1754,GDELT - Unknown,U . S . and Iran hail progress in nuclear talks after Trump threats,2026-02-18 01:00:00,1
1755,GDELT - Unknown,"Khamenei Threatens American Troops , Attacks Iranian Civilians Mourning Slain Protesters Amid Nuclear Negotiations With US",2026-02-18 01:00:00,1
1756,GDELT - Unknown,卡尼 ： 加拿大加入美國 「 金穹 」 計劃的討論進展順利 | 金窮導彈防禦系統 | 格陵蘭島 | 導彈防禦計劃,2026-02-18 01:00:00,0
1757,GDELT - Unknown,美伊第二輪談判結束 伊朗實彈演習 封鎖海峽 | 霍爾木茲海峽,2026-02-18 01:00:00,1
1758,GDELT - Unknown,Oil Prices Declined Amid Optimism from Iran - U . S . Talks,2026-02-18 01:00:00,1
1759,GDELT - Unknown,US stocks eked mild gains in choppy trade on return from the holiday - Newsquawk Asia - Pac Market Open,2026-02-18 00:45:00,0
1760,GDELT - Unknown,"Trump administration backs Kalshi , Polymarket as states move to ban prediction markets",2026-02-18 00:45:00,2
1761,GDELT - Unknown,イスラム圏ラマダン入り 攻撃続くガザ 、 平和に願い ： 中日新聞Web,2026-02-18 00:45:00,3
1762,GDELT - Unknown,МИД Израиля объяснил решение о регистрации земель на Западном берегу,2026-02-18 00:45:00,3
1763,GDELT - Unknown,郑丽文除夕撞钟  两度剧烈抖动 ， 国民党 ： 她诚心祈愿两岸和平 ， 尽责监督执政党|祈福,2026-02-18 00:30:00,0
1764,GDELT - Unknown,Witkoff and Kushner in Geneva for pivotal talks on Ukraine and Iran,2026-02-18 00:30:00,1
1765,GDELT - Unknown,"LItalia sarà osservatore nel board di pace united states . La Camera ratifica la linea del governo , ma le minoranze insorgono",2026-02-18 00:30:00,0
1766,GDELT - Unknown,News1 | חשד לשוחד במפקדה האמריקנית בקריית גת : ניסיון להבריח סחורות לעזה,2026-02-18 00:30:00,0
1767,GDELT - Unknown,Табло . Как избежать неконтролируемого обвала рубля ...,2026-02-18 00:30:00,0
1768,GDELT - Unknown,World Markets : สรุปภาวะตลาดหุ้น น้ำมัน ทองคำ,2026-02-18 00:30:00,0
1769,GDELT - Unknown,"Iran - Usa , progressi a Ginevra ma  linee rosse  di Trump restano : lo scenario",2026-02-18 00:30:00,1
1770,GDELT - Unknown,News1 | מסווה של ימין מלא - מלא,2026-02-18 00:30:00,0
1771,GDELT - Unknown,"Journée de trading : lIA bouleverse les marchés , discussions nucléaires united states - Iran , paris sur une baisse des taux maintiennent les investisseurs en alerte",2026-02-18 00:30:00,0
1772,GDELT - Unknown,Iran – united states | a Ginevra un incontro positivo,2026-02-18 00:30:00,1
1773,GDELT - Unknown,Berlinale alumni decry organizers  silence  on Gaza,2026-02-18 00:30:00,3
1774,GDELT - Unknown,ภาวะตลาดทองคำนิวยอร์ก : ทองปิดร่วง $140 . 40,2026-02-18 00:30:00,0
1775,GDELT - Unknown,"Trump administration backs Kalshi , Polymarket as states move to ban prediction markets",2026-02-18 00:30:00,2
1776,GDELT - Unknown,"Photos of rifles , drones and missile footage at the Defense Tech Expo Israel 2026",2026-02-18 00:30:00,3
1777,GDELT - Unknown,Atomverhandlungen : US - Vizepräsident Vance wirft Iran Nichteinhaltung  roter Linien  vor,2026-02-18 00:30:00,1
1778,GDELT - Unknown,"U . S . Negotiators in Geneva Hold Talks on Iran Nuclear Program , Russia - Ukraine War",2026-02-18 00:30:00,1
1779,GDELT - Unknown,Dollar edges higher against peers ; yen strengthens | Honolulu Star - Advertiser,2026-02-18 00:30:00,0
1780,GDELT - Unknown,US strikes three more alleged drug boats kill 11 people,2026-02-18 00:30:00,0
1781,GDELT - Unknown,"İsrailli aktivistlerden , Tel Avivdeki silah fuarında Gazze protestosu",2026-02-18 00:30:00,3
1782,GDELT - Unknown,"In Gaza , Israel creeping Yellow Line takes land , and lives",2026-02-18 00:30:00,3
1783,GDELT - Unknown,"Iran sees  new window  in nuclear talks , but strait drill underscores complexity",2026-02-18 00:30:00,1
1784,GDELT - Unknown,ترامب : على أوكرانيا الإسراع بالتفاوض,2026-02-18 00:30:00,1
1785,GDELT - Unknown,"As Iran talks drag on , questions emerge over how long Trump will indulge diplomacy",2026-02-18 00:30:00,1
1786,GDELT - Unknown,"Trump administration backs Kalshi , Polymarket as states move to ban prediction markets",2026-02-18 00:30:00,2
1787,GDELT - Unknown,ภาวะตลาดน้ำมัน : น้ำมัน WTI ปิดลบ 56 เซนต์,2026-02-18 00:30:00,0
1788,GDELT - Unknown,Filmschaffende kritisieren „ Schweigen  der Berlinale zum Gaza - Krieg,2026-02-18 00:30:00,3
1789,GDELT - Unknown,ABC World - WOND,2026-02-18 00:30:00,0
1790,GDELT - Unknown,İrandan saldırılara karşı 4 aşamalı plan ! Askeri hareketlilik devam ediyor,2026-02-18 00:30:00,1
1791,GDELT - Unknown,جريدة القدس,2026-02-18 00:30:00,3
1792,GDELT - Unknown,NY円相場 、 反落 1ドル=153円25 〜 35銭 ドルに見直し買い,2026-02-18 00:30:00,0
1793,GDELT - Unknown,Point de lactualité à 21H00 GMT,2026-02-18 00:15:00,0
1794,GDELT - Unknown,"Iran Nuclear Talks : Progress Made , Detailed Proposals Expected",2026-02-18 00:15:00,1
1795,GDELT - Unknown,Пезешкијан : Иран е отворен за проверка за да докаже дека нема нуклеарна бомба,2026-02-18 00:15:00,1
1796,GDELT - Unknown,自衛隊初の 「 攻撃用ドローン 」 はオーストラリア製が落札 イスラエル製は入札不参加 約310機 、 36億円超 ： 東京新聞デジタル,2026-02-18 00:15:00,0
1797,GDELT - Unknown,Зеленский выступил с условием по выводу войск с Донбасса,2026-02-18 00:15:00,0
1798,GDELT - Unknown,Starcie w Zatoce . „ Gazeta Polska  o wojennych scenariuszach united states i Iranu,2026-02-18 00:15:00,1
1799,GDELT - Unknown,Иранската страна тврди дека има напредок во преговорите со САД,2026-02-18 00:15:00,1
1800,GDELT - Unknown,Иран заявил о готовности передать России часть высокообогащенного урана,2026-02-18 00:15:00,1
1801,GDELT - Unknown,"Irán zatiaľ nie je ochotný prijať všetky červené čiary určené Trumpom , vyhlásil viceprezident united states Vance",2026-02-18 00:15:00,1
1802,GDELT - Unknown,Древняя находка может подтвердить легенду о боевых слонах Ганнибала | MigNews - Новости Израиля и Мира на русском языке,2026-02-18 00:15:00,0
1803,GDELT - Unknown,Berlinale : Hollywood - Stars kritisieren „ Schweigen  zum Gaza - Krieg,2026-02-18 00:15:00,3
1804,GDELT - Unknown,"Iran not to abandon peaceful nuclear technology , says president",2026-02-18 00:15:00,1
1805,GDELT - Unknown,Irã diz haver acordo com EUA sobre  linhas gerai para um pacto,2026-02-18 00:15:00,1
1806,GDELT - Unknown,"Вэнс : Трамп установил « красные линии », которые иранцы пока не готовы признать",2026-02-18 00:15:00,1
1807,GDELT - Unknown,"Završen prvi dan  napetih  pregovora Ukrajine , Rusije i SAD - a u Ženevi",2026-02-18 00:15:00,1
1808,GDELT - Unknown,"Iran - Usa , progressi a Ginevra ma  linee rosse  di Trump restano : lo scenario – Sassari Notizie",2026-02-18 00:15:00,1
1809,GDELT - Unknown,"Trump administration backs Kalshi , Polymarket as states move to ban prediction markets",2026-02-18 00:15:00,2
1810,GDELT - Unknown,"ZF Agropower . Producţia de ceapă a scăzut accelerat în ultimii cinci ani , iar ...",2026-02-18 00:15:00,0
1811,GDELT - Unknown,אלימותוקרטיה : איום קיומי תוצרת בית,2026-02-18 00:15:00,0
1812,GDELT - Unknown,"Trump administration backs Kalshi , Polymarket as states move to ban prediction markets",2026-02-18 00:15:00,2
1813,GDELT - Unknown,Are Russian athletes competing in the 2026 Winter Olympics ?,2026-02-18 00:15:00,0
1814,GDELT - Unknown,Ucraina seconda giornata di trattative a Ginevra | focus su sicurezza e territori,2026-02-18 00:15:00,1
1815,GDELT - Unknown,Judge blocks deportation of Palestinian activist who led protests at Columbia – Winnipeg Free Press,2026-02-18 00:15:00,3
1816,GDELT - Unknown,Wichtige Schifffahrtsroute - Iran kündigt teilweise Schließung der Straße von Hormus an - Pistorius spricht von  erheblichem Spannungspotenzial,2026-02-18 00:15:00,1
1817,GDELT - Unknown,"Progress made , Iran to come back in two weeks with detailed proposal : US official on nuclear talks",2026-02-18 00:15:00,1
1818,GDELT - Unknown,Leftists Go Jew - Hunting in Britain,2026-02-18 00:15:00,0
1819,GDELT - Unknown,视频丨美伊第二轮谈判结束 谈判桌上有进展 谈判桌下  秀肌肉,2026-02-18 00:15:00,0
1820,GDELT - Unknown,"US official says progress made in talks with Iran , US - Ukraine Russia meetings to continue",2026-02-18 00:15:00,1
1821,GDELT - Unknown,"Editorial : Ramadan is a time for renewal , not the ugly rhetoric of Rep . Randy Fine",2026-02-18 00:15:00,0
1822,GDELT - Unknown,Imagery Update : Taleghan 2 Facility is Now Being Buried | ISIS Reports | Institute For Science And International Security,2026-02-18 00:15:00,0
1823,GDELT - Unknown,"Iran sees  new window  in nuclear talks , but strait drill underscores complexity",2026-02-18 00:15:00,1
1824,GDELT - Unknown,Irán no reconoce todas las  líneas rojas  de EU en acuerdo nuclear,2026-02-18 00:15:00,1
1825,GDELT - Unknown,Розкриті технічні характеристики американської важкої авіаційної бомби GBU - 57,2026-02-18 00:15:00,0
1826,GDELT - Unknown,"2e LEAD Le deuxième cycle de négociations Iran - Etats - Unis sachève , de nouvelles discussions prévues",2026-02-18 00:15:00,1
1827,GDELT - Unknown,Trump dice que participará indirectamente en las negociaciones con Irán,2026-02-18 00:15:00,1
1828,GDELT - Unknown,"Iran - Usa , progressi a Ginevra ma  linee rosse  di Trump restano : lo scenario – Sassari Notizie",2026-02-18 00:15:00,1
1829,GDELT - Unknown,« Охладить пыл западных корсаров »: в Кремле грозят войной НАТО из - за захвата теневых танкеров,2026-02-18 00:15:00,0
1830,GDELT - Unknown,What is the  rules - based order  and can it survive ?,2026-02-18 00:00:00,0
1831,GDELT - Unknown,"World Uncertainty Index Breaks All - Time Record : Why is global uncertainty at an all - time high in 2026 ? World Uncertainty Index surges to 106 , 862 in February - worse than COVID , 2008 crash , and 9 / 11 combined",2026-02-18 00:00:00,0
1832,GDELT - Unknown,ราคาทองคำร่วงลงมากกว่า 2 % เจรจาสหรัฐฯ - อิหร่านคืบ ดอลลาร์แข็งค่า,2026-02-18 00:00:00,0
1833,GDELT - Unknown,Barry Avrich Oct . 7 doc  The Road Between U wins Cinema for Peace award,2026-02-18 00:00:00,0
1834,GDELT - Unknown,Корвет Балтийского флота отработал манёвры с кораблями ВМС Ирана в Оманском заливе,2026-02-18 00:00:00,1
1835,GDELT - Unknown,ZRADA : V Izraeli přibývá proíránských špionů,2026-02-18 00:00:00,3
1836,GDELT - Unknown,Kultur : Offener Brief : Filmschaffende kritisieren Berlinale zu Gaza,2026-02-18 00:00:00,3
1837,GDELT - Unknown,Κινητοποίηση την Πέμπτη για να μην μετατραπεί το ΕΜΠ σε πολεμικό εργαστήρι,2026-02-18 00:00:00,0
1838,GDELT - Unknown,Oil prices fall back as  hopeful  Tehran responds to Trump,2026-02-18 00:00:00,1
1839,GDELT - Unknown,80 دولة تعارض ضم إسرائيل للأراضي الفلسطينية,2026-02-18 00:00:00,3
1840,GDELT - Unknown,Iran closes Strait of Hormuz for first time since 1980s,2026-02-18 00:00:00,1
1841,GDELT - Unknown,MADRID : Hanebnost ve státním muzeu - Neviditelný pes,2026-02-18 00:00:00,0
1842,GDELT - Unknown,Lent and Ramadan : a time for Catholic - Muslim solidarity amid rising bigotry,2026-02-18 00:00:00,3
1843,GDELT - Unknown,US and Iran make progress in nuclear talks amid military tensions,2026-02-18 00:00:00,1
1844,GDELT - Unknown,Ehud Yaari assessment : Iran does not seek war | Israel National News,2026-02-18 00:00:00,1
1845,GDELT - Unknown,Over 80 Berlin Film Festival alumni sign open letter urging organisers to take stance on Gaza,2026-02-18 00:00:00,3
1846,GDELT - Unknown,"U . S . Negotiators in Geneva Hold Talks on Iran Nuclear Program , Russia - Ukraine War",2026-02-18 00:00:00,1
1847,GDELT - Unknown,"ABD Başkan Yardımcısı Vance , Cenevredeki ABD - İran görüşmesini değerlendirdi",2026-02-18 00:00:00,1
1848,GDELT - Unknown,US and Iran make progress in nuclear talks amid military tensions,2026-02-18 00:00:00,1
1849,GDELT - Unknown,What to Know about Iran temporary closure of strategic Strait of Hormuz,2026-02-18 00:00:00,1
1850,GDELT - Unknown,Bots over boots : the autonomous revolution redefining the battlefield,2026-02-18 00:00:00,0
1851,GDELT - Unknown,80 دولة ومنظمة تدين الإجراءات الإسرائيلية الأحادية في الضفة الغربية,2026-02-18 00:00:00,3
1852,GDELT - Unknown,美伊第二輪核子談判 伊朗外長 ： 取得進展 | ETtoday國際新聞,2026-02-18 00:00:00,1
1853,GDELT - Unknown,New York borsası yükselişle kapandı,2026-02-18 00:00:00,0
1854,GDELT - Unknown,"Trump administration backs Kalshi , Polymarket as states move to ban prediction markets",2026-02-18 00:00:00,2
1855,GDELT - Unknown,Gazzede bombaların gölgesinde ilk teravih ! Filistin halkı açık alanda namazlarını eda etti,2026-02-18 00:00:00,3
1856,GDELT - Unknown,"Trump administration backs Kalshi , Polymarket as states move to ban prediction markets",2026-02-18 00:00:00,2
1857,GDELT - Unknown,"Apple fará evento em março que pode apresentar iPhone 17e , novo iPad e MacBook de  baixo custo",2026-02-18 00:00:00,0
1858,GDELT - Unknown,Δελτίο ειδήσεων στις 24 : 00,2026-02-18 00:00:00,0
1859,GDELT - Unknown,Хаменеи прокомментировал переговоры с США угрожающей цитатой из Корана,2026-02-18 00:00:00,1
1860,GDELT - Unknown,Israel Tegaskan Ogah Mundur dari Gaza | Republika Online,2026-02-18 00:00:00,3
1861,GDELT - Unknown,Barack Obama pays tribute to  true giant  Reverend Jesse Jackson as civil rights leader dies aged 84,2026-02-18 00:00:00,2
1862,GDELT - Unknown,"At this Jerusalem museum , everyday objects tell the story of the Holocaust in a unique way",2026-02-18 00:00:00,3
1863,GDELT - Unknown,"Iran - Usa , progressi a Ginevra ma  linee rosse  di Trump restano : lo scenario",2026-02-18 00:00:00,1
1864,GDELT - Unknown,US and Iran make progress in nuclear talks amid military tensions,2026-02-18 00:00:00,1
1865,GDELT - Unknown,Учения НАТО - Великобританию призывают увеличить расходы на оборону,2026-02-18 00:00:00,0
1866,GDELT - Unknown,"Weekly Review , by Harper Magazine",2026-02-18 00:00:00,0
1867,GDELT - Unknown,Will President Trump avoid  MAGA dud  problem with 2026 primary picks ?,2026-02-18 00:00:00,2
1868,GDELT - Unknown,Δελτίο ειδήσεων στη 01 : 00,2026-02-18 00:00:00,0
1869,GDELT - Unknown,The 50th anniversary of a book that explained Israel like no other,2026-02-18 00:00:00,3
1870,GDELT - Unknown,"BM üyesi 80  den fazla ülke , İsrailin Batı Şeria kararını  şiddetle  kınadı",2026-02-18 00:00:00,3
1871,GDELT - Unknown,"Ramadan arrives in Gaza under shaky ceasefire deal , but the festive spirit eludes many Palestinians",2026-02-18 00:00:00,3
1872,GDELT - Unknown,Giant banner in Bnei Braks calls for  religiou protections for all soldiers,2026-02-18 00:00:00,0
1873,GDELT - Unknown,Berlin Film Festival alumni sign open letter urging organizers to take stance on Gaza,2026-02-18 00:00:00,3
1874,GDELT - Unknown,"600 ракети  Томахоук , самолетоносачи , изтребители и разрушители : САЩ струпват истинска армада край Иран",2026-02-18 00:00:00,1
1875,GDELT - Unknown,Dozens of film figures slam Berlinale  silence  on Gaza,2026-02-18 00:00:00,3
1876,GDELT - Unknown,Dollar edges higher against peers ; Japanese yen strengthens,2026-02-18 00:00:00,0
1877,GDELT - Unknown,"Trump administration backs Kalshi , Polymarket as states move to ban prediction markets",2026-02-18 00:00:00,2
1878,GDELT - Unknown,Kultur : Offener Brief : Filmschaffende kritisieren Berlinale zu Gaza - Deutschland & Welt,2026-02-18 00:00:00,0
1879,GDELT - Unknown,האשליה האיראנית : מסרים סותרים מטהרן,2026-02-18 00:00:00,1
1880,GDELT - Unknown,"Wall Street cierra mixto y el Dow Jones sube un 0 , 07 %",2026-02-18 00:00:00,0
1881,GDELT - Unknown,Judge ends deportation proceedings of activist Mohsen Mahdawi,2026-02-18 00:00:00,0
1882,GDELT - Unknown,"Progress made , Iran to come back in two weeks with detailed proposal : US official on nuclear talks",2026-02-18 00:00:00,1
1883,GDELT - Unknown,Kızıldenizde Türk denklemi I A Haberde çarpıcı analiz : Afrika Boynuzunda oyun bozan strateji,2026-02-18 00:00:00,0
1884,GDELT - Unknown,Water Cooperation is Under Threat,2026-02-18 00:00:00,0
1885,GDELT - Unknown,CFTC backs Kalshi and Polymarket,2026-02-18 00:00:00,0
1886,GDELT - Unknown,Offener Brief : Filmschaffende kritisieren Berlinale zu Gaza - Kultur,2026-02-18 00:00:00,3
1887,GDELT - Unknown,"Judge blocks deportation of Columbia grad student , Palestinian activist Mohsen Mahdawi",2026-02-17 23:45:00,2
1888,GDELT - Unknown,"US lawmaker Fine criticized by rights advocates , Democrats after anti - Muslim remarks",2026-02-17 23:45:00,2
1889,GDELT - Unknown,"Hamaneyden  Bir uçak gemisinden daha tehlikeli olan , onu denizin dibine gönderebilecek silahtır  açıklaması - Yeni Meram - Konya Haberleri",2026-02-17 23:45:00,0
1890,GDELT - Unknown,Bearish  η αγορά πετρελαίου - Μέχρι πότε ;,2026-02-17 23:45:00,0
1891,GDELT - Unknown,Thiessen : Kari Lake is making Trump job harder in Iran,2026-02-17 23:45:00,1
1892,GDELT - Unknown,"From Hamas to Iran , Israel Disarmament Demands Reveal a Strategy of Perpetual Threat",2026-02-17 23:45:00,3
1893,GDELT - Unknown,"U . S ., Iran make progress in nuclear talks",2026-02-17 23:45:00,1
1894,GDELT - Unknown,Iran - Usa progressi a Ginevra ma  linee rosse  di Trump restano,2026-02-17 23:45:00,1
1895,GDELT - Unknown,Ucrânia e Rússia iniciam negociaes em Genebra,2026-02-17 23:45:00,1
1896,GDELT - Unknown,Áttörés Genfben – de a munka nem ért véget,2026-02-17 23:45:00,0
1897,GDELT - Unknown,"The Rev . Jesse Jackson , who led the Civil Rights Movement for decades after King , has died at 84",2026-02-17 23:45:00,2
1898,GDELT - Unknown,Artistas criticam  silêncio  da Berlinale sobre Gaza,2026-02-17 23:45:00,3
1899,GDELT - Unknown,"The Rev . Jesse Jackson , who led the Civil Rights Movement for decades after King , has died at 84",2026-02-17 23:45:00,2
1900,GDELT - Unknown,"In World War II dog - eat - dog struggle for resources , a Greenland mine launched a new world order | Energy",2026-02-17 23:45:00,0
1901,GDELT - Unknown,"Khamenei Moves to Bolster Security Ranks , Divides Protesters as Geneva Talks Proceed",2026-02-17 23:45:00,0
1902,GDELT - Unknown,"Iran : Après de nouvelles discussions , Téhéran se dit confiant … Washington reste méfiant",2026-02-17 23:45:00,1
1903,GDELT - Unknown,"Ramadan ushers in a month of fasting , worship and charity for Muslims worldwide , in photos",2026-02-17 23:45:00,3
1904,GDELT - Unknown,Vance asegura que Irán sigue sin reconocer las  lineas rojas  de EEUU en las negociaciones nucleares,2026-02-17 23:45:00,1
1905,GDELT - Unknown,万斯副总统 ： 伊朗政权在间接谈判中尚未显示愿意承认美国  红线,2026-02-17 23:45:00,1
1906,GDELT - Unknown,Nueva ofensiva de Estados Unidos : 11 muertos en operativos contra narcolanchas en el Caribe,2026-02-17 23:45:00,0
1907,GDELT - Unknown,La sombría advertencia de Irán sobre las armas nucleares,2026-02-17 23:45:00,1
1908,GDELT - Unknown,"Strikes on 3 more alleged drug boats kill 11 people , US military says",2026-02-17 23:45:00,0
1909,GDELT - Unknown,Make Japan strong again : Sanae Takaichi plan to transform her country military - 18 - Feb - 2026,2026-02-17 23:45:00,0
1910,GDELT - Unknown,Acht Staaten verurteilen Israels Westbank - Beschluss scharf,2026-02-17 23:45:00,3
1911,GDELT - Unknown,Глава МИД Ирана заявил о прогрессе в переговорах с США по ядерной программе в Женеве,2026-02-17 23:45:00,1
1912,GDELT - Unknown,Offener Brief : Filmschaffende kritisieren Berlinale zu Gaza,2026-02-17 23:45:00,3
1913,GDELT - Unknown,Efekti Trampa 2 . 0 : Januarski globalni šok,2026-02-17 23:45:00,0
1914,GDELT - Unknown,宇树机器人刷新5个  全球第一次 ； 马克龙中文发帖拜年 ： 愿这马年带来力量与动力｜三工晨报,2026-02-17 23:45:00,0
1915,GDELT - Unknown,美官员告诉VOA ： 在日内瓦举行的第二轮美伊间接会谈取得进展 ， 但仍有很多工作要做,2026-02-17 23:45:00,0
1916,GDELT - Unknown,Τι πραγματικά σημαίνει η « πρόσληψη » Μπλερ στον ΑΝΤ1,2026-02-17 23:45:00,0
1917,GDELT - Unknown,Переговори США та Ірану : сторони заявили про прогрес,2026-02-17 23:45:00,1
1918,GDELT - Unknown,Irán y Estados Unidos avanzan en una nueva ronda de conversaciones nucleares en Ginebra,2026-02-17 23:45:00,1
1919,GDELT - Unknown,"Iz ugla zapadnih medija : Iran traži kompromis , a Tramp kapitulaciju Teherana",2026-02-17 23:45:00,1
1920,GDELT - Unknown,Vance : Iran wil Trumps rode lijnen niet erkennen,2026-02-17 23:45:00,1
1921,GDELT - Unknown,"Ramadan arrives in Gaza under shaky ceasefire deal , but the festive spirit eludes many Palestinians",2026-02-17 23:45:00,3
1922,GDELT - Unknown,"Amid threat of US attack , Iran nuclear talks proceed without breakthrough",2026-02-17 23:45:00,1
1923,GDELT - Unknown,Zahraničí | TNbiz . cz,2026-02-17 23:45:00,0
1924,GDELT - Unknown,US and Iran make progress in nuclear talks amid military tensions,2026-02-17 23:45:00,1
1925,GDELT - Unknown,"Irã não está disposto a aceitar algumas das  linhas vermelhas de Trump , diz Vance",2026-02-17 23:45:00,1
1926,GDELT - Unknown,"Iran - Usa , niente fumata bianca : le linee rosse di Trump e il segnale di guerra",2026-02-17 23:45:00,1
1927,GDELT - Unknown,ＮＹ外為市場＝ドル小幅高 、 地政学的懸念でリスクオフ 円は153円台前半,2026-02-17 23:45:00,0
1928,GDELT - Unknown,Переговоры США и Ирана : стороны заявили о прогрессе,2026-02-17 23:45:00,1
1929,GDELT - Unknown,"Progress made , Iran to come back in two weeks with detailed proposal : US official on nuclear talks",2026-02-17 23:30:00,1
1930,GDELT - Unknown,Day 1 Live From The National Religious Broadcasters Convention,2026-02-17 23:30:00,0
1931,GDELT - Unknown,"Ramadan arrives in Gaza under shaky ceasefire deal , but the festive spirit eludes many Palestinians",2026-02-17 23:30:00,3
1933,GDELT - Unknown,美国副总统 ： 美方向伊朗划定  红线,2026-02-17 23:30:00,1
1934,GDELT - Unknown,新浪财经隔夜要闻大事汇总 ： 2026年2月18日,2026-02-17 23:30:00,0
1935,GDELT - Unknown,"Ginebra acoge diálogo de paz entre Ucrania y Rusia , con el territorio como principal obstáculo",2026-02-17 23:30:00,1
1936,GDELT - Unknown,Джей Ди Вэнс призвал Европу перестать  саботировать самих себя,2026-02-17 23:30:00,0
1937,GDELT - Unknown,TBT teisėjas paragino ES blokuoti JAV sankcijas,2026-02-17 23:30:00,2
1938,GDELT - Unknown,US and Iran begin nuclear talks in Geneva ; Trump  indirectly  involved,2026-02-17 23:30:00,1
1939,GDELT - Unknown,"2 Palestinian children killed in Gaza , West Bank - Xinhua",2026-02-17 23:30:00,3
1940,GDELT - Unknown,"Trump administration backs Kalshi , Polymarket as states move to ban prediction markets",2026-02-17 23:30:00,2
1941,GDELT - Unknown,"Editorial : Ramadan is a time for renewal , not the ugly rhetoric of Rep . Randy Fine",2026-02-17 23:30:00,0
1942,GDELT - Unknown,Migraciones y la doble moral woke,2026-02-17 23:30:00,0
1943,GDELT - Unknown,Omani FM says Iran - U . S . nuclear talks in Geneva see  good progress - Xinhua,2026-02-17 23:30:00,1
1944,GDELT - Unknown,U . S . ambassador demands Belgium drop investigation of mohels,2026-02-17 23:30:00,2
1945,GDELT - Unknown,"As Iran talks drag on , questions emerge over how long Trump will indulge diplomacy",2026-02-17 23:30:00,1
1946,GDELT - Unknown,USA & Canada Intelligence Brief for Tuesday February 17 2026,2026-02-17 23:30:00,0
1947,GDELT - Unknown,Vance : Irã não está disposto a aceitar algumas das  linhas vermelha de Trump | Tribuna Online,2026-02-17 23:30:00,1
1948,GDELT - Unknown,NTD Evening News Full Broadcast ( Feb . 17 ),2026-02-17 23:30:00,0
1949,GDELT - Unknown,Médio Oriente : Guterres espera que EUA e Irão mantenham ímpeto das discussões,2026-02-17 23:30:00,1
1950,GDELT - Unknown,"As Iran Plays for Time in Talks With U . S ., Israel Prepares for War",2026-02-17 23:30:00,3
1951,GDELT - Unknown,Hamas urges  Board of Peace  to stop Israeli  violations  in Gaza - Xinhua,2026-02-17 23:30:00,3
1952,GDELT - Unknown,Irán anuncia un  entendimiento  en acuerdo sobre programa nuclear con Estados Unidos,2026-02-17 23:30:00,1
1953,GDELT - Unknown,Vance : Iran wil Trumps rode lijnen niet erkennen,2026-02-17 23:30:00,1
1954,GDELT - Unknown,周三你需要知道的隔夜全球要闻 ： 苹果公司加速开发三款新型可穿戴设备 Meta将部署数百万颗英伟达芯片 国际金银大幅下跌 _ 东方财富网,2026-02-17 23:30:00,0
1955,GDELT - Unknown,"Trump administration backs Kalshi , Polymarket as states move to ban prediction markets",2026-02-17 23:30:00,2
1956,GDELT - Unknown,"US official says progress made in talks with Iran , US - Ukraine Russia meetings to continue – KTBB News , Weather , Talk",2026-02-17 23:30:00,1
1957,GDELT - Unknown,Truth in a Time of Cultural Decline,2026-02-17 23:30:00,0
1958,GDELT - Unknown,It the feds ! A look at the primaries for Arkansas U . S . Congressional delegation,2026-02-17 23:30:00,0
1959,GDELT - Unknown,"Iran not to abandon peaceful nuclear technology , says president - Xinhua",2026-02-17 23:30:00,1
1960,GDELT - Unknown,"Trump administration backs Kalshi , Polymarket as states move to ban prediction markets",2026-02-17 23:30:00,2
1961,GDELT - Unknown,"Συγκρατημένη αισιοδοξία για συνομιλίες Ιράν – ΗΠΑ , « πάγος » δύο εβδομάδων εν αναμονή προτάσεων για τα πυρηνικά",2026-02-17 23:30:00,1
1962,GDELT - Unknown,Masud Pezeškijan : Iran otvoren za proveru kako bi dokazao da nema nuklearnu bombu,2026-02-17 23:30:00,1
1963,GDELT - Unknown,Iran en VS boeken  vooruitgang  in onderhandelingen over nucleair programma,2026-02-17 23:30:00,1
1964,GDELT - Unknown,US and Iran make progress in nuclear talks amid military tensions,2026-02-17 23:30:00,1
1965,GDELT - Unknown,"Iran , Chiny i Rosja rozpoczęły ćwiczenia morskie",2026-02-17 23:30:00,1
1966,GDELT - Unknown,"Ramadan arrives in Gaza under shaky ceasefire deal , but the festive spirit eludes many Palestinians",2026-02-17 23:30:00,3
1967,GDELT - Unknown,حضور هزاران نفر در مراسم چهلم کشته‌شدگان اعتراضات دی‌ماه در سراسر ایران,2026-02-17 23:30:00,0
1968,GDELT - Unknown,"Preparing for new Iran war , Israel escalates Lebanon strikes to cripple Hezbollah",2026-02-17 23:30:00,3
1969,GDELT - Unknown,Kymmenet elokuva - alan tähdet tuomitsevat Berliinin elokuvajuhlien vaikenemisen Gazan tilanteesta,2026-02-17 23:30:00,3
1970,GDELT - Unknown,НА ПРЕГОВОРИТЕ ВО ЖЕНЕВА БИЛ ПОСТИГНАТ „ ОПИПЛИВ НАПРЕДОК  Иран е отворен за инспекции на нуклеарната програма,2026-02-17 23:30:00,1
1971,GDELT - Unknown,New York borsası yükselişle kapandı - Dünya Gazetesi,2026-02-17 23:30:00,0
1972,GDELT - Unknown,"Analysts Estimate Navy Presence Near Venezuela Topped $20 Million a Day , $3 Billion in Total :  Conflicts Cost Extra",2026-02-17 23:30:00,0
1973,GDELT - Unknown,Cuál es el despliegue militar de EE . UU . frente a Irán y qué lo diferencia del caso Venezuela,2026-02-17 23:30:00,1
1974,GDELT - Unknown,"Russian and Ukrainian officials meet in Geneva for US - brokered talks after almost 4 years of war | News , Sports , Jobs",2026-02-17 23:30:00,1
1975,GDELT - Unknown,Вэнс : переговоры США и Ирана прошли хорошо по части аспектов,2026-02-17 23:30:00,1
1976,GDELT - Unknown,Canlý yayýnda soykýrýmcýyý ifþa etti,2026-02-17 23:30:00,0
1977,GDELT - Unknown,Вице - президент США прокомментировал переговоры с Ираном,2026-02-17 23:30:00,1
1978,GDELT - Unknown,"Progress made , Iran to come back in two weeks with detailed proposal : US official on nuclear talks",2026-02-17 23:30:00,1
1979,GDELT - Unknown,"Ramadan arrives in Gaza under shaky ceasefire deal , but the festive spirit eludes many Palestinians",2026-02-17 23:30:00,3
1980,GDELT - Unknown,Principio de acuerdo nuclear - Plaza de Armas,2026-02-17 23:30:00,1
1981,GDELT - Unknown,"Vens : Razgovori sa Iranom dobro prošli , ali Iranci ne mogu imati nuklearno oružje",2026-02-17 23:30:00,1
1982,GDELT - Unknown,Iran FM hopes for  sustainable  solution after  constructive  talks with U . S .- Xinhua,2026-02-17 23:30:00,1
1983,GDELT - Unknown,النفط عند أعلى المتوسطات الشهرية,2026-02-17 23:30:00,0
1984,GDELT - Unknown,Altın ve gümüş : Belirsizlik & güvensizlik,2026-02-17 23:30:00,0
1985,GDELT - Unknown,Vicepreședintele Vance anunță că Iran nu acceptă anumite „ linii roșii  stabilite de Washington,2026-02-17 23:30:00,1
1986,GDELT - Unknown,全球市场 ： 美股三大指数小幅收涨 苹果涨超3 % 纽约期金跌近3 % _ 东方财富网,2026-02-17 23:30:00,0
1987,GDELT - Unknown,"Trump administration backs Kalshi , Polymarket as states move to ban prediction markets",2026-02-17 23:30:00,2
1988,GDELT - Unknown,Vance : Irã não está disposto a aceitar algumas das  linhas vermelha de Trump,2026-02-17 23:30:00,1
1989,GDELT - Unknown,"Editorial : Ramadan is a time for renewal , not the ugly rhetoric of Rep . Randy Fine",2026-02-17 23:30:00,0
1990,GDELT - Unknown,"What to know about the Strait of Hormuz , which Iran says it temporarily closed for a military drill",2026-02-17 23:30:00,1
1991,GDELT - Unknown,Glaustai : STT kaip specialiuosius liudytojus apklausė Palucką ir Skvernelį,2026-02-17 23:30:00,0
1992,GDELT - Unknown,"Roundup : Iran sees  new window  in nuclear talks , but strait drill understores complexity - Xinhua",2026-02-17 23:30:00,1
1993,GDELT - Unknown,"Ramadan arrives in Gaza under shaky ceasefire deal , but the festive spirit eludes many Palestinians",2026-02-17 23:30:00,3
1994,GDELT - Unknown,"Iran sees  new window  in nuclear talks , but strait drill underscores complexity",2026-02-17 23:30:00,1
1995,GDELT - Unknown,US - Iran talks reveal diplomatic gaps despite progress,2026-02-17 23:15:00,1
1996,GDELT - Unknown,Η Χεζμπολάχ απορρίπτει το χρονοδιάγραμμα για τον αφοπλισμό της εντός τεσσάρων μηνών,2026-02-17 23:15:00,1
1997,GDELT - Unknown,Avances en negociaciones nucleares entre EE . UU . e Irán impulsan expectativas diplomáticas,2026-02-17 23:15:00,1
1998,GDELT - Unknown,"İsrail Savunma Bakanı Katz , ikinci aşamaya geçilse dahi Sarı Hattan çekilmeyeceklerini söyledi",2026-02-17 23:15:00,0
1999,GDELT - Unknown,ABD Başkan Yardımcısı Vanceden İran açıklaması ! Kırmızı çizgi vurgusu dikkat çekti,2026-02-17 23:15:00,1
2000,GDELT - Unknown,Gas Prices Jump Over A Dime In Oregon | 106 . 7 The Eagle,2026-02-17 23:15:00,0
2001,GDELT - Unknown,США в ООН обвинили ряд стран в поддержке войны РФ против Украины,2026-02-25 01:00:00,1
2002,GDELT - Unknown,Oil near 7 - month high on US - Iran tensions,2026-02-25 01:00:00,1
2003,GDELT - Unknown,هل هي الحرب إذن ؟!,2026-02-25 01:00:00,0
2004,GDELT - Unknown,台積電外資喊 「 買進 、 調高目標價 」 卻狂賣 ？ 3大真實原因曝光 ： 散戶這樣做就能贏 | 股市要聞 | 股市,2026-02-25 01:00:00,0
2005,GDELT - Unknown,Protest held on Greek island against docked US aircraft carrier as Iran tension builds,2026-02-25 01:00:00,1
2006,GDELT - Unknown,"Η κυβέρνηση Τραμπ κατέθεσε αγωγή σε βάρος του UCLA για « αντισημιτικό , εχθρικό εργασιακό περιβάλλον »",2026-02-25 01:00:00,2
2007,GDELT - Unknown,Trump set to address the nation as dozens of Democrats say theyll boycott,2026-02-25 01:00:00,2
2008,GDELT - Unknown,State Department orders nonessential US diplomats to leave Lebanon as tensions with Iran soar,2026-02-25 01:00:00,1
2009,GDELT - Unknown,"Zelenskyy says Putin has  not broken  Ukrainians as he marks 4 years since Russia all - out invasion | News , Sports , Jobs",2026-02-25 01:00:00,0
2010,GDELT - Unknown,Trump State of the Union will seek to calm voter economic concerns ahead of midterm elections,2026-02-25 01:00:00,2
2011,GDELT - Unknown,من مراسلينا : السيسي يلتقي بن سلمان في جدة .. دعم مصري للجيش اللبناني والمزيد من القاهرة,2026-02-25 01:00:00,3
2012,GDELT - Unknown,【 華府動態 】 建國250年內政外交博弈 川普國情咨文震撼登場 | 建國250周年 | 川普經濟政策 | 美國中期選舉,2026-02-25 01:00:00,0
2013,GDELT - Unknown,Brian Kilmeade Begs Trump Not To Bring Up SCOTUS at State of the Union,2026-02-25 01:00:00,2
2014,GDELT - Unknown,هل علينا أن نخشى من إيرانَ الجديدة ؟,2026-02-25 01:00:00,1
2015,GDELT - Unknown,США в ООН звинуватили низку країн у підтримці війни РФ проти України,2026-02-25 01:00:00,1
2016,GDELT - Unknown,Iranian opposition figures meet in London to form  Iran Freedom Congress,2026-02-25 01:00:00,1
2017,GDELT - Unknown,Iranian FM : Deal with the US is possible if diplomacy leads the way,2026-02-25 01:00:00,1
2018,GDELT - Unknown,TIDF女導演比例翻倍 ！ 153國參戰 報名創新高,2026-02-25 01:00:00,0
2019,GDELT - Unknown,"Trump to lay out his vision for US , bringing prices down in State of the Union",2026-02-25 01:00:00,2
2020,GDELT - Unknown,Video : ¿ SE INTENSIFICARÁN LAS LUVIAS DEL NIÑO COSTERO ? ESPECIALISTA RESPONDE LR por La República,2026-02-25 01:00:00,0
2021,GDELT - Unknown,在伊朗湖南人讲述生活现状 ， 家人很担心每天打电话 ， 华联会准备8辆大巴随时往口岸撤离,2026-02-25 01:00:00,0
2022,GDELT - Unknown,What to expect from President Trump State of the Union address,2026-02-25 01:00:00,2
2023,GDELT - Unknown,World News : Iran  ready to take any steps to reach US deal,2026-02-25 01:00:00,1
2024,GDELT - Unknown,Trump State of the Union address : Wisconsin lawmakers react ahead of speech,2026-02-25 00:45:00,2
2025,GDELT - Unknown,Bibi Warning | Frontpage Mag,2026-02-25 00:45:00,0
2026,GDELT - Unknown,US Deploys F - 22 Fighter Jets to Southern Israel as Massive Military Buildup Continues,2026-02-25 00:45:00,3
2027,GDELT - Unknown,رضا پهلوی ؛ از ادعای رهبری ملی با اتکا به آمریکا,2026-02-25 00:45:00,0
2028,GDELT - Unknown,开门红 ！ 国内能化品种集体走强 ， 甲醇将成后市焦点,2026-02-25 00:45:00,0
2029,GDELT - Unknown,Pauline Hanson no  good  Muslims comment shows how normalised Islamophobia has become in Australia - 25 - Feb - 2026,2026-02-25 00:45:00,0
2030,GDELT - Unknown,The Latest : Trump will lay out his midterm agenda at the State of the Union,2026-02-25 00:45:00,2
2031,GDELT - Unknown,Iran stresses willingness to reach nuclear deal as U . S . deploys more warplanes,2026-02-25 00:45:00,1
2032,GDELT - Unknown,ביקורת קולנוע : הסרט החדש של שירה האס הזמיר,2026-02-25 00:45:00,0
2033,GDELT - Unknown,Иран е подготвен да ги преземе сите неопходни чекори за постигнување договор со САД,2026-02-25 00:45:00,1
2034,GDELT - Unknown,What to expect from President Trump State of the Union address,2026-02-25 00:45:00,2
2035,GDELT - Unknown,สมัชชายูเอ็นลงมติหนุน  อธิปไตยที่เป็นสากล  ของยูเครน สหรัฐงดออกเสียง,2026-02-25 00:45:00,0
2036,GDELT - Unknown,بين العراق وإيران .. حدود تترقب النار,2026-02-25 00:45:00,1
2037,GDELT - Unknown,Israël pourrait attaquer le Liban si le Hezbollah intervient dans le conflit entre les Etats - Unis et lIran ( ministre des AE ) - Xinhua,2026-02-25 00:30:00,3
2038,GDELT - Unknown,La ce folosesc războaiele,2026-02-25 00:30:00,0
2039,GDELT - Unknown,BMGK üyeleri Rusya - Ukrayna savaşının devam etmesine sebep olarak birbirlerini suçladı,2026-02-25 00:30:00,1
2040,GDELT - Unknown,Трамп обвинил Иран в нежелании отказываться от ядерного оружия,2026-02-25 00:30:00,1
2041,GDELT - Unknown,Les Libanais redoutent une chaîne de réactions : Beyrouth craint des attaques dIsraël en cas descalade avec lIran,2026-02-25 00:30:00,3
2042,GDELT - Unknown,"Trump to lay out his vision for US , bringing prices down in State of the Union",2026-02-25 00:30:00,2
2043,GDELT - Unknown,"Netanyahu paralajmëron Iranin : Nëse sulmon , do të përgjigjemi me fuqi të papërfytyrueshme",2026-02-25 00:30:00,1
2044,GDELT - Unknown,США перекидають десятки літаків на бази в Європі та на Близькому Сході – WP,2026-02-25 00:30:00,0
2045,GDELT - Unknown,Douze chasseurs de combat américains F - 22 atterrissent en Israël dans un contexte de tensions régionales accrues - Xinhua,2026-02-25 00:30:00,3
2046,GDELT - Unknown,LIran est prêt à prendre les mesures nécessaires en vue dun accord avec les Etats - Unis ( vice - MAE ) - Xinhua,2026-02-25 00:30:00,0
2047,GDELT - Unknown,驻以色列使馆 ： 建议所有在以同胞密切跟踪形势发展 - 华侨网,2026-02-25 00:30:00,3
2048,GDELT - Unknown,LIran et les Etats - Unis ont une occasion historique de conclure un accord sans précédent ( le ministre iranien des AE ) - Xinhua,2026-02-25 00:30:00,1
2049,GDELT - Unknown,"뉴욕증시 , AI 산업 파괴 불안 완화에 반등 [ 글로벌마켓 모닝 브리핑 ]",2026-02-25 00:30:00,0
2050,GDELT - Unknown,"뉴욕증시 , 앤스로픽  SW는 파트너  선언에 반등 … 나스닥 1 . 05 % ↑ [ 종합 ]",2026-02-25 00:30:00,0
2051,GDELT - Unknown,"Trump to lay out his vision for US , bringing prices down in State of the Union",2026-02-25 00:30:00,2
2052,GDELT - Unknown,"Trump to lay out his vision for US , bringing prices down in State of the Union",2026-02-25 00:30:00,2
2053,GDELT - Unknown,Svítit u toho nemusíme - Neviditelný pes,2026-02-25 00:30:00,0
2054,GDELT - Unknown,İsrail medyası : ABDnin 12 adet F22 savaş uçağı İsrailde,2026-02-25 00:30:00,3
2055,GDELT - Unknown,"Updated : Israeli Colonizers Escalate Attacks , Burn Homes , Near Hebron",2026-02-25 00:30:00,3
2056,GDELT - Unknown,Watch live : President Donald Trump State of the Union speech – Orlando Sentinel,2026-02-25 00:30:00,2
2057,GDELT - Unknown,Trump administration sues UCLA over alleged campus antisemitism,2026-02-25 00:30:00,2
2058,GDELT - Unknown,US to provide consular services in illegal Israeli settlement,2026-02-25 00:30:00,3
2059,GDELT - Unknown,Szef dyplomacji united states i dyrektor CIA udzielili kierownictwu Kongresu informacji nt . Iranu,2026-02-25 00:30:00,1
2060,GDELT - Unknown,Watch live : President Donald Trump State of the Union speech – Canon City Daily Record,2026-02-25 00:30:00,2
2061,GDELT - Unknown,"Военная операция США в Иране : третий акт , оружие заряжено",2026-02-25 00:30:00,1
2062,GDELT - Unknown,Допомагають Росії у війні проти України США в ООН назвали країни Політика,2026-02-25 00:30:00,1
2063,GDELT - Unknown,不聽軍方勸告 川普認美攻伊可輕易取勝 - 國際新聞,2026-02-25 00:30:00,2
2064,GDELT - Unknown,Trump State of the Union will seek to calm voter economic concerns ahead of midterm elections,2026-02-25 00:30:00,2
2065,GDELT - Unknown,川普國情咨文 料將聚焦經濟 - 國際新聞,2026-02-25 00:30:00,2
2066,GDELT - Unknown,"What were reading : Student protests continue in Iran , Denmark rejects Trump proposal and more – TCU 360",2026-02-25 00:30:00,1
2067,GDELT - Unknown,Irán ultima la compra de misiles supersónicos a China en plena escalada militar con EEUU,2026-02-25 00:30:00,1
2068,GDELT - Unknown,האתגר הגדול הוא מערכת המשפט : מנכ  ל רגבים נאבק על כל מטר,2026-02-25 00:30:00,0
2069,GDELT - Unknown,Иран близок к соглашению о покупке сверхзвуковых противокорабельных ракет у Китая,2026-02-25 00:30:00,1
2070,GDELT - Unknown,Updated : Two Palestinians Killed in Gaza as Conditions Continue to Worsen,2026-02-25 00:30:00,3
2071,GDELT - Unknown,Oil eases as Iran signals possible deal with US,2026-02-25 00:30:00,1
2072,GDELT - Unknown,ABDli Senatör : Önümüzdeki altı ay içinde 3 ülkedeki rejimlerin hepsinin yıkıldığını görebiliriz,2026-02-25 00:30:00,0
2073,GDELT - Unknown,"Trump to lay out his vision for US , bringing prices down in State of the Union",2026-02-25 00:30:00,2
2074,GDELT - Unknown,İsrail medyası : ABDnin 12 adet F22 savaş uçağı İsrailde,2026-02-25 00:30:00,3
2075,GDELT - Unknown,"In Gaza , Ramadan without mosques , imams",2026-02-25 00:30:00,3
2076,GDELT - Unknown,ГУР оприлюднило дані 34 російських підприємств з виробництва й ремонту гелікоптерів,2026-02-25 00:30:00,0
2077,GDELT - Unknown,"What were reading : Pentagon weighs risks of potential military operation , Trump State of the Union and more – TCU 360",2026-02-25 00:30:00,2
2078,GDELT - Unknown,Chuck Schumer sparks war fears after secret Trump briefing,2026-02-25 00:30:00,2
2079,GDELT - Unknown,Ιράν : « Εφικτή » μια συμφωνία με τις ΗΠΑ πριν από τον νέο γύρο διαπραγματεύσεων,2026-02-25 00:30:00,1
2080,GDELT - Unknown,Özkan Yaman :  Kim kurtarır bizi söyle ! -,2026-02-25 00:15:00,3
2081,GDELT - Unknown,M . Zülküf YEL : Ortak Kader Doktrini,2026-02-25 00:15:00,0
2082,GDELT - Unknown,Khamenei Approves Draft Nuclear Counterproposal as US Weighs Military Action,2026-02-25 00:15:00,1
2083,GDELT - Unknown,"Трамп : Иран уклоняется от прямого отказа от ядерного оружия , опасаясь удара США",2026-02-25 00:15:00,1
2084,GDELT - Unknown,روبيو قدم  الإحاطة  للكونجرس ، هل يعلن ترامب ضرب إيران في خطاب حالة الاتحاد اليوم ؟,2026-02-25 00:15:00,1
2085,GDELT - Unknown,Zelenskyy says Putin has  not broken  Ukrainians as he marks 4 years since Russia all - out invasion,2026-02-24 23:45:00,0
2086,GDELT - Unknown,蘚嘉宏觀點 ： 權力擠壓下的生存韌性─臺灣在美中競爭與關稅變局中的可能對沖戰略 | 蘇嘉宏 | 評論,2026-02-24 23:45:00,0
2087,GDELT - Unknown,Wall : Επιστροφή στα κέρδη - Ανέκαμψαν οι μετοχές λογισμικού καθώς υποχωρούν οι φόβοι για την AI,2026-02-24 23:45:00,0
2088,GDELT - Unknown,"Αραγτσί : Μια συμφωνία  είναι εφικτή  πριν από τις νέες συνομιλίες με τις ΗΠΑ – Αθήνα 9 , 84",2026-02-24 23:45:00,1
2089,GDELT - Unknown,Cinco preguntas antes del discurso sobre el Estado de la Unión de Trump,2026-02-24 23:45:00,2
2090,GDELT - Unknown,US embassy in Israel will provide consular services to settlers in occupied West Bank,2026-02-24 23:45:00,3
2091,GDELT - Unknown,US forces board third sanctioned oil tanker in Indian Ocean,2026-02-24 23:45:00,2
2092,GDELT - Unknown,منظمات إغاثية تطالب المحكمة العليا الإسرائيلية بتعليق قرار حظر عملها في غزة والضفة الغربية,2026-02-24 23:45:00,3
2093,GDELT - Unknown,Watch live : President Donald Trump State of the Union speech – Sun Sentinel,2026-02-24 23:45:00,2
2094,GDELT - Unknown,Turqia merr masat e para për luftën e mundshme mes SHBA - së dhe Iranit,2026-02-24 23:45:00,1
2095,GDELT - Unknown,Iran holds the key to Israel rise as the Middle East hegemon,2026-02-24 23:45:00,3
2096,GDELT - Unknown,צפו : פיצוץ מנהרת טרור הוקדש לזכר הלל ויגל יניב הי  ד,2026-02-24 23:45:00,0
2097,GDELT - Unknown,State of the Union : What to expect from Trump,2026-02-24 23:45:00,2
2098,GDELT - Unknown,"ABC Hurls Trump Hate Ahead of SOTU , CBS Goes Hard on GOP But Soft on Dems",2026-02-24 23:45:00,2
2099,GDELT - Unknown,Point de lactualité à 21H00 GMT,2026-02-24 23:45:00,0
2100,GDELT - Unknown,Speculation swirls as Marco Rubio  rare briefing  sees surprise guest,2026-02-24 23:45:00,0
2101,GDELT - Unknown,"Trump State of The Union Live Updates : Donald Trump to address Congress amid Supreme Court tariff ruling , Iran tensions",2026-02-24 23:45:00,2
2102,GDELT - Unknown,( VIDEO ) Estamos a punto de ver un ataque de Estados Unidos contra Irán,2026-02-24 23:45:00,1
2103,GDELT - Unknown,Iran stresses willingness to reach nuclear deal as U . S . deploys more warplanes,2026-02-24 23:45:00,1
2104,GDELT - Unknown,How to WATCH the State of the Union on KOAM ; latest on speech,2026-02-24 23:45:00,0
2105,GDELT - Unknown,Ex - Iranian hostage Barry Rosen warns regime  will go down fighting  the US,2026-02-24 23:45:00,1
2106,GDELT - Unknown,חמאס דוחה את הדרישה להתפרק מנשקו,2026-02-24 23:45:00,2
2107,GDELT - Unknown,Karoline Leavitt attacks the media as she asked about contradiction,2026-02-24 23:45:00,0
2108,GDELT - Unknown,Підтримка Росії третіми країнами є однією з причин затягування війни в Україні,2026-02-24 23:45:00,1
2109,GDELT - Unknown,Trump will go nuts if this happens after his big State of the Union speech,2026-02-24 23:45:00,2
2110,GDELT - Unknown,Watch live : President Donald Trump State of the Union speech – News - Herald,2026-02-24 23:45:00,2
2111,GDELT - Unknown,Trump hält Rede zur Lage der Nation,2026-02-24 23:45:00,2
2112,GDELT - Unknown,"Αγωγή σε βάρος του UCLA για « αντισημιτικό , εχθρικό εργασιακό περιβάλλον » από την κυβέρνηση Τραμπ",2026-02-24 23:45:00,2
2113,GDELT - Unknown,State of the Union : What to expect from Trump,2026-02-24 23:45:00,2
2114,GDELT - Unknown,Trump and Iran Are Playing a Game of Chicken,2026-02-24 23:45:00,1
2115,GDELT - Unknown,_ 协鑫集成 ( 002506 ) 股吧 _ 东方财富网股吧,2026-02-24 23:45:00,0
2116,GDELT - Unknown,Труд : « На пути к членству »: Захарова вспомнила о медицинском прошлом фон дер Ляйен,2026-02-24 23:45:00,0
2117,GDELT - Unknown,２期目初の一般教書演説へ トランプ氏 、 関税違法で逆風｜山形新聞,2026-02-24 23:45:00,0
2118,GDELT - Unknown,三大主线推升避险买盘 贵金属市场维持高波动,2026-02-24 23:45:00,0
2119,GDELT - Unknown,Trump State of the Union will seek to calm voter economic concerns ahead of midterm elections,2026-02-24 23:45:00,2
2120,GDELT - Unknown,２期目初の一般教書演説へ トランプ氏 、 関税違法で逆風｜山形新聞,2026-02-24 23:45:00,0
2121,GDELT - Unknown,特朗普國情咨文前瞻 ： 四大焦點與議題,2026-02-24 23:45:00,2
2122,GDELT - Unknown,Trump administration sues UCLA over alleged campus antisemitism,2026-02-24 23:45:00,2
2123,GDELT - Unknown,"Trump to lay out his vision for US , bringing prices down in State of the Union",2026-02-24 23:45:00,2
2124,GDELT - Unknown,_ 汉缆股份 ( 002498 ) 股吧 _ 东方财富网股吧,2026-02-24 23:45:00,0
2125,GDELT - Unknown,Αραγτσί : Επιμένει ότι η πυρηνική συμφωνία ΗΠΑ – Ιράν είναι « εντός εμβέλειας » εάν επικρατήσει η διπλωματία,2026-02-24 23:45:00,1
2126,GDELT - Unknown,Δελτίο ειδήσεων στις 24 : 00,2026-02-24 23:45:00,0
2127,GDELT - Unknown,Will Trump Attack Iran ? David Petraeus Speaks With Foreign Policy Live Ravi Agrawal,2026-02-24 23:45:00,1
2128,GDELT - Unknown,"Hedef sadece İran değil , İran sonrası tüm Ortadoğudur",2026-02-24 23:45:00,1
2129,GDELT - Unknown,إسحق أحمد فضل الله يكتب : ( العالم يتبدل ),2026-02-24 23:45:00,0
2130,GDELT - Unknown,10th India - Israel Joint Working Group Meeting on counter terrorism held in New Delhi,2026-02-24 23:45:00,3
2131,GDELT - Unknown,"Csendes megemlékezést tartottak Kassán , Ukrajna megtámadásának évfordulóján",2026-02-24 23:45:00,0
2132,GDELT - Unknown,بن بست امنیتی اسلام آباد,2026-02-24 23:45:00,0
2133,GDELT - Unknown,LEAD LIran et les Etats - Unis ont une occasion historique de conclure un accord sans précédent ( le ministre iranien des AE ),2026-02-24 23:45:00,1
2134,GDELT - Unknown,« زي النهارده » في 25 فبراير 2020 .. وفاة الرئيس المصري الأسبق محمد حسني مبارك,2026-02-24 23:45:00,0
2135,GDELT - Unknown,Dollar Retreats and Gold Soars on Concern Over US Trade Policies,2026-02-24 23:45:00,2
2136,GDELT - Unknown,Ιρανός ΥΠΕΞ : Εφικτή συμφωνία με ΗΠΑ πριν τις διαπραγματεύσεις,2026-02-24 23:45:00,1
2137,GDELT - Unknown,State of the Union : What to expect from Trump,2026-02-24 23:45:00,2
2138,GDELT - Unknown,英媒称美军目前仅能维持4至5天对伊朗高强度空袭,2026-02-24 23:45:00,1
2139,GDELT - Unknown,مقدمات نشرات الأخبار المسائية,2026-02-24 23:45:00,0
2140,GDELT - Unknown,جريدة القدس,2026-02-24 23:45:00,3
2141,GDELT - Unknown,جريدة القدس,2026-02-24 23:45:00,3
2142,GDELT - Unknown,Watch live : President Donald Trump State of the Union speech – Troy Record,2026-02-24 23:45:00,2
2143,GDELT - Unknown,Δελτίο ειδήσεων στη 01 : 00,2026-02-24 23:45:00,0
2144,GDELT - Unknown,Inadequate : SA refugee family scoffs over soya meal offer,2026-02-24 23:45:00,0
2145,GDELT - Unknown,Elderly Jewish woman verbally abused by far - left activists in Paris,2026-02-24 23:45:00,3
2146,GDELT - Unknown,США развернули 12 истребителей F - 22 в Израиле,2026-02-24 23:45:00,3
2147,GDELT - Unknown,Community Scoop » New Zealand Imposes Travels Bans On Iranian Ministers,2026-02-24 23:45:00,0
2148,GDELT - Unknown,Roundup : Iran stresses willingness to reach nuclear deal as U . S . deploys more warplanes - Xinhua,2026-02-24 23:45:00,1
2149,GDELT - Unknown,Watch live : President Donald Trump State of the Union speech – San Diego Union - Tribune,2026-02-24 23:45:00,2
2150,GDELT - Unknown,"Irán no renunciará a la tecnología atómica , pero dice que no desarrollará arma nuclear",2026-02-24 23:45:00,1
2151,GDELT - Unknown,"Труд : По Валдаю тоже нельзя . Буданов заявил , что Украина не бьет по гражданским объектам",2026-02-24 23:45:00,0
2152,GDELT - Unknown,ما مدى خطورة وجود الجيش الإندونيسي في غزة ؟,2026-02-24 23:45:00,3
2153,GDELT - Unknown,"A memorial unites Iranian students at KU as they grieve civil - rights protesters killed by Iran dictatorship | News , Sports , Jobs - Lawrence Journal - World : news , information , headlines and events in Lawrence , Kansas",2026-02-24 23:30:00,0
2154,GDELT - Unknown,State of the Union : What to expect from Trump,2026-02-24 23:30:00,2
2155,GDELT - Unknown,DOJ Sues UC Over UCLA Antisemitism Allegations,2026-02-24 23:30:00,2
2156,GDELT - Unknown,２期目初の一般教書演説へ トランプ氏 、 関税違法で逆風｜全国のニュース｜Web東奥,2026-02-24 23:30:00,0
2157,GDELT - Unknown,В Вашингтоне перед обращением Трампа к конгрессу сел « самолёт Судного дня »,2026-02-24 23:30:00,2
2158,GDELT - Unknown,"Αγωγή από την κυβέρνηση Τραμπ σε βάρος του UCLA για  αντισημιτικό , εχθρικό εργασιακό περιβάλλον",2026-02-24 23:30:00,2
2159,GDELT - Unknown,Gerry Adams and Bertie Ahern were back in a room together talking peace today,2026-02-24 23:30:00,0
2160,GDELT - Unknown,PALA ODLUKA : Evo ko se plasirao u finale  Pesme za Evroviziju 2026,2026-02-24 23:30:00,0
2161,GDELT - Unknown,"Trump to lay out his vision for US , bringing prices down in State of the Union",2026-02-24 23:30:00,2
2162,GDELT - Unknown,IranPressNews : ايران پرس نيوز اخبار ايران و جهان,2026-02-24 23:30:00,1
2163,GDELT - Unknown,CIA offers tips to potential informants in Iran as Trump considers military action,2026-02-24 23:30:00,1
2164,GDELT - Unknown,حبس أنفاس في لبنان | أرشيف المقالات,2026-02-24 23:30:00,3
2165,GDELT - Unknown,Kurtulmuş : Türkiye terör ve şiddet sarmalını ortadan kaldıracaktır,2026-02-24 23:30:00,0
2166,GDELT - Unknown,DMMden  ABDnin İrana saldırması halinde Türkiyenin de İran  ı işgal etmeyi planladığı  iddiasına açıklama Açıklaması,2026-02-24 23:30:00,1
2167,GDELT - Unknown,Irán .- EEUU asegura que  la primera opción  de Trump  es siempre la diplomacia  en plenas conversaciones con Irán,2026-02-24 23:00:00,1
2168,GDELT - Unknown,"Iranians worry over American military buildup as next , last - chance round of talks with the US nears",2026-02-24 23:00:00,1
2169,GDELT - Unknown,Roundup : Iran stresses willingness to reach nuclear deal as U . S . deploys more warplanes,2026-02-24 23:00:00,1
2170,GDELT - Unknown,"JCPA head seeks to reset coalition building post - Oct . 7 , Gaza war",2026-02-24 22:30:00,0
2171,GDELT - Unknown,India Iran dilemma deepens amid war talk,2026-02-24 22:30:00,1
2172,GDELT - Unknown,Trump DOJ Sues UCLA Over Anti - Semitic Workplace,2026-02-24 22:30:00,2
2173,GDELT - Unknown,התעללות בירוקרטית בפליטי מלחמה - מאמר מערכת,2026-02-24 22:30:00,0
2174,GDELT - Unknown,Where and when to watch President Trump State of the Union – Daily News,2026-02-24 22:30:00,2
2175,GDELT - Unknown,Beyaz Saray : Trump  ın İran konusunda ilk tercihi diplomasi,2026-02-24 22:30:00,1
2176,GDELT - Unknown,ΗΠΑ : Δύο αεροπλανοφόρα και 150 αεροσκάφη παίρνουν θέση μάχης κοντά στο Ιράν,2026-02-24 22:30:00,1
2177,GDELT - Unknown,Marxist - Leninist Group That Organized Anti - Israel Encampments Now Teaches High School Students To Walk Out of Class To Protest ICE,2026-02-24 22:30:00,3
2178,GDELT - Unknown,שי סימן טוב שנפצע אנוש בצוק איתן הועלה לתא  ל,2026-02-24 22:30:00,0
2179,GDELT - Unknown,Gaza Children Dream of Safe Future,2026-02-24 22:30:00,3
2180,GDELT - Unknown,ИРАН ЌЕ НАПРАВИ СЀ ЗА ДА ПОСТИГНЕ ДОГОВОР СО САД Ќе преговара целосно искрено и со добра волја,2026-02-24 22:15:00,1
2181,GDELT - Unknown,Six downballot NC primaries worth watching,2026-02-24 22:15:00,0
2182,GDELT - Unknown,Protest held on Greek island against docked US aircraft carrier as Iran tension builds,2026-02-24 22:15:00,1
2183,GDELT - Unknown,"טראמפ :  איראן רוצה לעשות עסקה יותר ממני , אבל הם לא אומרים את מילת הקסם",2026-02-24 22:15:00,1
2184,GDELT - Unknown,Trump gets chance to sell his foreign policy at State of the Union,2026-02-24 22:15:00,2
2185,GDELT - Unknown,Zim Employees Return to Work as Union Reports Tentative Agreements,2026-02-24 22:15:00,0
2186,GDELT - Unknown,تحسبا للتطورات مع إيران .. هبوط 12 مقاتلة  إف 22  أمريكية في قاعدة جوية جنوب إسرائيل,2026-02-24 22:15:00,1
2187,GDELT - Unknown,Brasil se abstém em votao da ONU sobre paz na Ucrânia no quarto ano de guerra,2026-02-24 22:15:00,0
2188,GDELT - Unknown,İran  ı işgal  iddiasına Dezenformasyonla Mücadele Merkezinden yalanlama,2026-02-24 22:15:00,1
2189,GDELT - Unknown,ملك الأردن : لن نسمح بخرق أجوائنا .. ولن نكون ساحة حرب,2026-02-24 22:15:00,0
2190,GDELT - Unknown,Protest held on Greek island against docked US aircraft carrier as Iran tension builds,2026-02-24 22:15:00,1
2191,GDELT - Unknown,"Ley de Glaciares : la escasez de agua no es solo un problema ambiental , sino una fuente de tensión política",2026-02-24 22:15:00,0
2192,GDELT - Unknown,Protest held on Greek island against docked US aircraft carrier as Iran tension builds,2026-02-24 22:15:00,1
2193,GDELT - Unknown,２期目初の一般教書演説へ | 全国のニュース | 岩手日報ONLINE,2026-02-24 22:15:00,0
2194,GDELT - Unknown,"Η κυβέρνηση Τραμπ κατέθεσε αγωγή σε βάρος του UCLA για « αντισημιτικό , εχθρικό εργασιακό περιβάλλον »",2026-02-24 22:15:00,2
2195,GDELT - Unknown,"Η κυβέρνηση Τραμπ κατέθεσε αγωγή σε βάρος του UCLA για « αντισημιτικό , εχθρικό εργασιακό περιβάλλον »",2026-02-24 22:15:00,2
2196,GDELT - Unknown,Suudi Arabistan Orta Doğuyu yeniden şekillendirmeyi nasıl planlıyor ?,2026-02-24 22:15:00,3
2197,GDELT - Unknown,Protest held on Greek island against docked US aircraft carrier as Iran tension builds,2026-02-24 22:15:00,1
2198,GDELT - Unknown,The BBC and the one - sided land dispute,2026-02-24 22:15:00,0
2199,GDELT - Unknown,نتنياهو : نشكل تحالفا إقليميا جديدا لمواجهة إيران والإخوان المسلمين,2026-02-24 22:15:00,1
2200,GDELT - Unknown,Η Τεχεράνη προβλέπει ότι μια συμφωνία « είναι εφικτή » πριν από τις διαπραγματεύσεις με τις ΗΠΑ,2026-02-24 22:00:00,1
2201,GDELT - Unknown,Gas Prices Soar In Oregon | 106 . 7 The Eagle,2026-02-24 22:00:00,0
2202,GDELT - Unknown,What is the Pentagon Pizza Index ?,2026-02-24 22:00:00,0
2203,GDELT - Unknown,２期目初の一般教書演説へ トランプ氏 、 関税違法で逆風 | 上毛新聞電子版｜群馬県のニュース ・ スポーツ情報,2026-02-24 22:00:00,0
2204,GDELT - Unknown,Iran says deal  within reach  ahead of US talks,2026-02-24 22:00:00,1
2205,GDELT - Unknown,Επιστροφή στην κόλαση : Γιατί εκατομμύρια Αφγανοί αναγκάζονται να γυρίσουν στο Αφγανιστάν των Ταλιμπάν,2026-02-24 22:00:00,0
2206,GDELT - Unknown,CIA offers tips to potential informants in Iran as Trump considers military action,2026-02-24 22:00:00,1
2207,GDELT - Unknown,Where and when to watch President Trump State of the Union – Press Telegram,2026-02-24 22:00:00,2
2208,GDELT - Unknown,CIA offers tips to potential informants in Iran as Trump considers military action,2026-02-24 22:00:00,1
2209,GDELT - Unknown,"Британцы подсчитали , сколько Россия сможет ещё вести СВО на Украине",2026-02-24 22:00:00,0
2210,GDELT - Unknown,"Washington Post : SHBA rrit praninë ushtarake , mbi 150 avionë luftarakë të zhvendosur pranë Iranit",2026-02-24 22:00:00,1
2211,GDELT - Unknown,Политико : Рубио на брифинг за Иран со истакнати американски конгресмени,2026-02-24 22:00:00,1
2212,GDELT - Unknown,Trump needs to address the  buzz  on Iran : Guy Benson,2026-02-24 22:00:00,1
2213,GDELT - Unknown,Трамп заявил о нежелании Ирана отказываться от ядерного оружия,2026-02-24 22:00:00,1
2214,GDELT - Unknown,State of the Union Lowlights :  Axis of Evil,2026-02-24 22:00:00,0
2215,GDELT - Unknown,CIA offers tips to potential informants in Iran as Trump considers military action,2026-02-24 22:00:00,1
2216,GDELT - Unknown,State of the Union : What to expect from Trump,2026-02-24 22:00:00,2
2217,GDELT - Unknown,"Beyaz Saray : Trump  ın İran konusunda ilk tercihi diplomasi , ancak gerekirse askeri g kullanmaya hazır",2026-02-24 22:00:00,1
2218,GDELT - Unknown,"Iran , scontri vicino alla residenza dellAyatollah Khamenei a Teheran",2026-02-24 22:00:00,1
2219,GDELT - Unknown,东西问丨美国大军压境 ， 伊朗为何  还不屈服 ？- 华侨网,2026-02-24 22:00:00,1
2220,GDELT - Unknown,İsrailin saldırılarında can kaybı 72 bin 73  e yükseldi !,2026-02-24 21:45:00,3
2221,GDELT - Unknown,Pete Hegseth floats plan to personally sabotage the Pentagon Pizza Report,2026-02-24 21:45:00,0
2222,GDELT - Unknown,トランプ米大統領が一般教書演説へ 中間選挙勝利目指し 「 実績 」 強調,2026-02-24 21:45:00,0
2223,GDELT - Unknown,"트럼프 , 첫 국정연설 … 관세 · 이민정책 초강경 메시지  촉각",2026-02-24 21:45:00,2
2224,GDELT - Unknown,Iranin ulkoministerin mukaan sopimus maan ydinohjelmasta on  käden ulottuvilla,2026-02-24 21:45:00,1
2225,GDELT - Unknown,استنساخ  لحظة مادورو  في إيران .. هل يمكن اعتقال خامنئي ؟,2026-02-24 21:45:00,1
2226,GDELT - Unknown,Talos Energy Announces Fourth Quarter and Full - Year 2025 Results,2026-02-24 21:45:00,0
2227,GDELT - Unknown,Möglicher US - Angriff auf Iran : Bundesregierung warnt Bürger im Nahen Osten,2026-02-24 21:45:00,1
2228,GDELT - Unknown,CIA offers tips to potential informants in Iran as Trump considers military action,2026-02-24 21:45:00,1
2229,GDELT - Unknown,"Has World War III already begun , asks President Zelenskyy | The Area News",2026-02-24 21:45:00,0
2230,GDELT - Unknown,Irán afirma que no desarrollará un arma nuclear pero no renunciará a tecnología atómica,2026-02-24 21:45:00,1
2231,GDELT - Unknown,Preço do petróleo cai na véspera de encontro entre EUA e Irã,2026-02-24 21:45:00,1
2232,GDELT - Unknown,国連総会 、 ウクライナの即時停戦求める決議案採択 米中などは棄権,2026-02-24 21:45:00,0
2233,GDELT - Unknown,EE . UU . despliega cazas F - 22 en base israelí mientras aumentan tensiones en Oriente Medio,2026-02-24 21:45:00,3
2234,GDELT - Unknown,Iran nears deal to buy supersonic anti - ship missiles from China,2026-02-24 21:45:00,1
2235,GDELT - Unknown,Ιράν : Ένοπλοι αστυνομικοί εισβάλλουν σε πανεπιστήμια για να καταστείλουν διαδηλώσεις,2026-02-24 21:45:00,1
2236,GDELT - Unknown,２期目初の一般教書演説へ トランプ氏 、 関税違法で逆風｜全国のニュース｜北國新聞,2026-02-24 21:45:00,0
2237,GDELT - Unknown,"Beyaz Saray : Trump  ın İran konusunda ilk tercihi diplomasi , ancak ger",2026-02-24 21:45:00,1
2238,GDELT - Unknown,Iran FM says nuclear deal  within reach  ahead of US talks,2026-02-24 21:45:00,1
2239,GDELT - Unknown,Kurtulmuþ : Türkiye Modeli Ýle Terör Sarmalýný Ortadan Kaldýrýyoruz,2026-02-24 21:45:00,0
2240,GDELT - Unknown,US forces board third sanctioned oil tanker in Indian Ocean,2026-02-24 21:45:00,2
2241,GDELT - Unknown,"Putin has  not broken  Ukraine in 4 years since Russian invasion , Zelenskyy says",2026-02-24 21:45:00,0
2242,GDELT - Unknown,"« Ждем закона об иноагентах »? Как власти Молдовы усиливают контроль над иностранными артистами , и что об этом говорят в сети",2026-02-24 21:45:00,0
2243,GDELT - Unknown,"Here Are Monday Top Wall Street Analyst Research Calls : Alphabet , Blackrock , Deere & Co ., DocuSign , General Mills , Monday . com , Nvidia , Workday , and More",2026-02-24 21:45:00,0
2244,GDELT - Unknown,البيت الأبيض : ترامب يفضل الدبلوماسية مع إيران ولا يستبعد الخيار العسكري,2026-02-24 21:45:00,1
2245,GDELT - Unknown,"מסר לאיראן : ארה  ב הציבה בישראל מטוסי קרב אסטרטגיים , רגע לפני חידוש המו  מ",2026-02-24 21:45:00,1
2246,GDELT - Unknown,Protest held on Greek island against docked US aircraft carrier as Iran tension builds,2026-02-24 21:45:00,1
2247,GDELT - Unknown,UŽIVO Trump u 3 ujutro drži važno obraćanje u nikad turbulentnijem trenutku,2026-02-24 21:45:00,2
2248,GDELT - Unknown,Iran says deal  within reach  ahead of US talks,2026-02-24 21:45:00,1
2249,GDELT - Unknown,LIran ultima la compra de míssils supersònics a la Xina en plena escalada militar amb els EUA,2026-02-24 21:45:00,1
2250,GDELT - Unknown,Irã afirma que acordo com os EUA está  ao alcance da mão,2026-02-24 21:45:00,1
2251,GDELT - Unknown,BBC sa kurdskim borkinjama tajnog ženskog bataljona,2026-03-11 01:00:00,0
2252,GDELT - Unknown,White House denies Navy has escorted oil tanker through Strait of Hormuz,2026-03-11 01:00:00,2
2253,GDELT - Unknown,Home Secretary grants police request to ban Al Quds Day march,2026-03-11 01:00:00,2
2254,GDELT - Unknown,UK conscription explained as US refuses to rule out army draft,2026-03-11 01:00:00,2
2255,GDELT - Unknown,140 U . S . Service Members Injured In Operation Epic Fury,2026-03-11 01:00:00,0
2256,GDELT - Unknown,UE insta países a baixarem impostos ou taxas extra à luz,2026-03-11 01:00:00,0
2257,GDELT - Unknown,World News : Heaviest day of strikes yet on Iran,2026-03-11 01:00:00,1
2258,GDELT - Unknown,अमेरिका बोला - ईरान के मिसाइल उत्पादन ढांचे को करेंगे तबाह,2026-03-11 01:00:00,1
2259,GDELT - Unknown,Cooper speaks to Rubio as US threatens  most intense day  of Iran war,2026-03-11 01:00:00,1
2260,GDELT - Unknown,"Random Numbers , Persian Code : A Mysterious Signal Transfixes Radio Sleuths , And Intelligence Experts – Analysis",2026-03-11 01:00:00,0
2261,GDELT - Unknown,"Iran , pressing su Trump per chiudere la guerra : lo scenario",2026-03-11 01:00:00,1
2262,GDELT - Unknown,Trump : US destroyed Iranian  mine - laying  vessels,2026-03-11 01:00:00,1
2263,GDELT - Unknown,Columbia Threadneedle : Olie boven $100 kan wereldeconomie afremmen,2026-03-11 01:00:00,0
2264,GDELT - Unknown,Las dos caras de Mojtaba Jamenei : líder supremo de Irán y propietario de un imperio inmobiliario que va de Frankfurt a Mallorca,2026-03-11 01:00:00,0
2265,GDELT - Unknown,โพสต์วิเคราะห์ : เจาะลึก  กษิต  วิพากษ์ทรัมป์ - อิสราเอล สงครามตะวันออกกลางส่อลากยาว,2026-03-11 01:00:00,3
2266,GDELT - Unknown,"Az EU és az united states vitája az orosz szankciók enyhítéséről , miközben az árak az egekbe szöknek",2026-03-11 01:00:00,0
2267,GDELT - Unknown,"北 , 이란 모즈타바 지지 … 김정은  최현함  순항미사일 발사 참관",2026-03-11 01:00:00,0
2268,GDELT - Unknown,"अमेरिका - इजरायल के ईरान पर ताबड़तोड़ हमले , तेहरान में तबाही ; 50 से ज्यादा ईरानी जहाज खत्म - usisraeli attacks on iran tehran devastates",2026-03-11 01:00:00,1
2269,GDELT - Unknown,Cooper speaks to Rubio as US threatens  most intense day  of Iran war,2026-03-11 01:00:00,1
2270,GDELT - Unknown,伊朗 「 布雷 」 荷姆茲海峽 ！ 川普警告 ： 軍事後果前所未見 | 國際,2026-03-11 01:00:00,1
2271,GDELT - Unknown,Guerra en Medio Oriente : Las cifras oficiales de muertos en toda la región,2026-03-11 01:00:00,3
2272,GDELT - Unknown,Австралийцев - моряков заперли на подлодке США перед ударом по Ирану,2026-03-11 01:00:00,0
2273,GDELT - Unknown,Cooper speaks to Rubio as US threatens  most intense day  of Iran war,2026-03-11 01:00:00,1
2274,GDELT - Unknown,油金 ／ 川普稱對伊戰爭很快結束 紐油暴跌11 . 94 % | 國際,2026-03-11 01:00:00,0
2275,GDELT - Unknown,Pentagon Says 140 US Troops Injured In First 10 Days Of Iran War,2026-03-11 01:00:00,1
2276,GDELT - Unknown,Fars : Irán lanza su operación con misiles y drones más potente,2026-03-11 01:00:00,1
2277,GDELT - Unknown,"हर चार में से एक iPhone की मैन्यूफैक्चरिंग भारत में , आंकड़े कर देंगे खुश",2026-03-11 01:00:00,0
2278,GDELT - Unknown,Drone vision and AI warfare : How intelligent drones are changing the battlefield,2026-03-11 01:00:00,3
2279,GDELT - Unknown,Киев рискует остаться без западного оружия из - за Ирана,2026-03-11 01:00:00,1
2280,GDELT - Unknown,Kharg | il tallone dAchille che gli united states non osano colpire,2026-03-11 01:00:00,0
2281,GDELT - Unknown,USA zničily část íránských minonosných lodí,2026-03-11 01:00:00,1
2282,GDELT - Unknown,S - 400  ler hazır SİPER - 1 ve HİSAR envanterde ! Türkiyenin gökyüzü kalkanı,2026-03-11 01:00:00,0
2283,GDELT - Unknown,How will the Iran conflict end ?,2026-03-11 01:00:00,1
2284,GDELT - Unknown,Home Secretary grants police request to ban Al Quds Day march,2026-03-11 01:00:00,2
2285,GDELT - Unknown,"Expel US , Israel Envoy : Iran sets condition for Strait of Hormuz passage",2026-03-11 01:00:00,1
2286,GDELT - Unknown,牛弹琴 ： 伊朗的下一步 _ 新浪财经 _ 新浪网,2026-03-11 01:00:00,1
2287,GDELT - Unknown,遭遇政治急救题 ， 特朗普的解药是 ： 开阀放俄罗斯,2026-03-11 01:00:00,1
2288,GDELT - Unknown,Donald Trump honors Roddie Edmonds for defying Nazi orders,2026-03-11 01:00:00,2
2289,GDELT - Unknown,İran misillemelerinde 12 İsrailli öldü !,2026-03-11 01:00:00,3
2290,GDELT - Unknown,Guerre au Moyen - Orient :  Notre volonté est sans limite  assure Pete Hegseth,2026-03-11 01:00:00,3
2291,GDELT - Unknown,Home Secretary grants police request to ban Al Quds Day march,2026-03-11 01:00:00,2
2292,GDELT - Unknown,Why are oil and gas prices spiking ?,2026-03-11 01:00:00,0
2293,GDELT - Unknown,This war in the Middle East | Amandala Newspaper,2026-03-11 01:00:00,3
2294,GDELT - Unknown,Home Secretary grants police request to ban Al Quds Day march,2026-03-11 01:00:00,2
2295,GDELT - Unknown,"Ціни на пальне у США б  ють рекорди : американці скаржаться , що  існувати стає важче ,",2026-03-11 01:00:00,0
2296,GDELT - Unknown,Marjorie Taylor Greene All But Set To Be Replaced By Trump - Backed Republican,2026-03-11 01:00:00,2
2297,GDELT - Unknown,"Lomimo kosti iranskom režimu , kaže Netanjahu ; Teheran uzvraća :  Nemate nikakav realan cilj",2026-03-11 01:00:00,1
2298,GDELT - Unknown,伊朗 「 布雷 」 荷姆茲海峽 ！ 川普警告 ： 軍事後果前所未見 | 國際,2026-03-11 01:00:00,1
2299,GDELT - Unknown,"Iranian president , supreme leader are  safe and sound , spokesperson says",2026-03-11 01:00:00,1
2300,GDELT - Unknown,Ontario Gas Price Forecast : 8 - cent drop expected Thursday,2026-03-11 01:00:00,0
2301,GDELT - Unknown,Tim Kaine mutiny is in line with his party defeatism * WorldNetDaily * by Robert Knight,2026-03-11 01:00:00,0
2302,GDELT - Unknown,World News : Airlines in Europe and Asia increase fares as conflict lifts fuel costs,2026-03-11 01:00:00,0
2303,GDELT - Unknown,दावा : अमेरिकी सेना ने ईरान की 10 माइन बोट की नष्ट,2026-03-11 01:00:00,1
2304,GDELT - Unknown,"ΗΠΑ : Πυρομαχικά αξίας 5 , 6 δισεκατομμυρίων δολαρίων χρησιμοποιήθηκαν τις πρώτες 48 ώρες του πολέμου στο Ιράν",2026-03-11 01:00:00,1
2305,GDELT - Unknown,"Europe tops global arms imports amid Russia threat , SIPRI says",2026-03-11 01:00:00,2
2306,GDELT - Unknown,北京請航運巨頭 「 喝茶 」 進出口受阻中共緊張 | 航運公司 | 運費 | 中東局勢,2026-03-11 01:00:00,0
2307,GDELT - Unknown,【 美股盤後 】 中東緊張升級 、 油價巨震 四大指數漲跌互見 | 國際,2026-03-11 01:00:00,0
2308,GDELT - Unknown,Precio del petróleo se desploma e impulsa la subida de las bolsas europeas y asiáticas,2026-03-11 01:00:00,0
2309,GDELT - Unknown,Steve Witkoff : Says He Has No Idea How Iran War Will End,2026-03-11 01:00:00,1
2310,GDELT - Unknown,霍尔木兹危机升级 ！ 特朗普再度警告伊朗 ： 若布雷 ， 将遭空前打击,2026-03-11 01:00:00,1
2311,GDELT - Unknown,Libanon : Fast 760 . 000 Vertriebene durch Israels Angriffe,2026-03-11 01:00:00,3
2312,GDELT - Unknown,最新 ！ 伊朗发起第37波打击 美军投放穿甲弹 ！ 特朗普发出警告 ！ 油价剧烈波动 金银走势分化 _ 东方财富网,2026-03-11 01:00:00,1
2313,GDELT - Unknown,jahaj - Tarun Mitra,2026-03-11 01:00:00,0
2314,GDELT - Unknown,Von der Leyen corrige el rumbo : Europa se arrepiente de alejarse de la nuclear y destina 200 millones a mini - reactores,2026-03-11 01:00:00,0
2315,GDELT - Unknown,Congress still stalled over DHS funds as government shutdown nears month mark,2026-03-11 01:00:00,0
2316,GDELT - Unknown,"Europe tops global arms imports amid Russia threat , SIPRI says",2026-03-11 01:00:00,2
2317,GDELT - Unknown,Trump confirma que EE . UU . destruyó 10 buques iraníes para evitar que el régimen ponga minas en el estrecho de Ormuz,2026-03-11 01:00:00,1
2318,GDELT - Unknown,"Vatican Promoting Dialogue On Cuba , Cardinal Parolin Says",2026-03-11 01:00:00,0
2319,GDELT - Unknown,İrandan İsraile misilleme başlatıldı : Tel Avivde sirenler devrede,2026-03-11 01:00:00,3
2320,GDELT - Unknown,米 、 イラン機雷敷設に警告 海峡航行へ追加措置調整｜山形新聞,2026-03-11 01:00:00,1
2321,GDELT - Unknown,U . S . Navy Turns Down Strait of Hormuz Escort Requests Because of High Risk,2026-03-11 01:00:00,0
2322,GDELT - Unknown,油金 ／ 川普稱對伊戰爭很快結束 紐油暴跌11 . 94 % | 國際,2026-03-11 01:00:00,0
2323,GDELT - Unknown,Mike Johnson Rejects united states  Nation Building  in Iran,2026-03-11 01:00:00,2
2324,GDELT - Unknown,美軍 「 最猛烈一天 」 調派韓愛國者導彈援中東 | 伊朗戰爭 | 美軍空襲 | 中東局勢,2026-03-11 01:00:00,1
2325,GDELT - Unknown,Fresh Israeli strikes hit Lebanon after evacuation warnings,2026-03-11 01:00:00,3
2326,GDELT - Unknown,Witkoff reveals plans for next round of Russia - US - Ukraine talks,2026-03-11 01:00:00,1
2327,GDELT - Unknown,Українські аграрії понесуть колосальні втрати через війну на Близькому Сході,2026-03-11 01:00:00,0
2328,GDELT - Unknown,"About 140 US military personnel wounded in Iran war , says Pentagon",2026-03-11 01:00:00,1
2329,GDELT - Unknown,IEA提议释放有史以来最大规模的石油储备 _ 东方财富网,2026-03-11 01:00:00,0
2330,GDELT - Unknown,ＮＹ原油急反落一時７６ドル台 イラン交戦巡る警戒感後退｜山形新聞,2026-03-11 01:00:00,1
2331,GDELT - Unknown,US Moving Parts of THAAD Missile Defense System from South Korea to Middle East,2026-03-11 01:00:00,1
2332,GDELT - Unknown,Dow Jones dips 34 points as Investors weigh conflict with Iran,2026-03-11 01:00:00,0
2333,GDELT - Unknown,Israels Präsident verteidigt Angriffe auf iranische Ölfelder,2026-03-11 01:00:00,1
2334,GDELT - Unknown,"Former U . S . Army Pacific Commander cites massive U . S . network of CCP  hard spie – World Tribune : U . S . Politics and Culture , Geostrategy , China , North Korea , Corporate Watch , Media Watch",2026-03-11 01:00:00,0
2335,GDELT - Unknown,【 華府動態 】 海格塞斯 ： 伊朗戰爭迎來轉折 美軍劃三條紅線 | 史詩之怒行動 | 美軍紅線 | 川普警告,2026-03-11 01:00:00,1
2336,GDELT - Unknown,White House denies Navy has escorted oil tanker through Strait of Hormuz,2026-03-11 01:00:00,2
2337,GDELT - Unknown,Cooper speaks to Rubio as US threatens  most intense day  of Iran war,2026-03-11 01:00:00,1
2338,GDELT - Unknown,Operation Epic Fury Situation Report : Battlefield Effects And Early Strategic Signal – Analysis,2026-03-11 01:00:00,0
2339,GDELT - Unknown,Why might Iran deploy mines in the Strait of Hormuz ?,2026-03-11 01:00:00,1
2340,GDELT - Unknown,होर्मुज जलडमरूमध्य संकट : भारत 40 देशों से खरीद रहा है तेल ; पीयूष गोयल बोले - ईंधन की कोई कमी नहीं - strait of hormuz crisis india buying oil from 40 countries piyush goyal says no fuel shortage,2026-03-11 01:00:00,0
2341,GDELT - Unknown,Trump Administration Gives Mixed Signals on Timeline for Iran Operations,2026-03-11 01:00:00,1
2342,GDELT - Unknown,"Russia denies giving Iran intelligence on US troops in Middle East , Witkoff says",2026-03-11 01:00:00,1
2343,GDELT - Unknown,Whither Britain ? PM Starmer goes wobbly on backing united states ; Key Gulf allies get pounded,2026-03-11 01:00:00,0
2344,GDELT - Unknown,美以磋商停戰 海格塞斯 ： 伊朗高層陷入絕望慌亂 | 美以停戰磋商 | 海格塞斯警告 | 伊朗核武器,2026-03-11 01:00:00,1
2345,GDELT - Unknown,东方财富期货早餐 3月11日 周三 _ 东方财富网,2026-03-11 01:00:00,0
2346,GDELT - Unknown,国际油价暴跌近20 % 后回涨 ， 多方冲突表态扰动市场,2026-03-11 01:00:00,0
2347,GDELT - Unknown,Gunfire Targets U . S . Consulate In Toronto,2026-03-11 01:00:00,0
2348,GDELT - Unknown,"Iran blames Israel , US for Minab strike in Lego video",2026-03-11 01:00:00,1
2349,GDELT - Unknown,"America War Aims May Be Diverging from Israel | North Korea Is Getting Serious About Space Weapons | Thousands of Africans Are Fighting for Russia in Ukraine , and more",2026-03-11 01:00:00,1
2350,GDELT - Unknown,Netanjahu ruft Iraner zum Sturz der Führung auf,2026-03-11 01:00:00,1
2351,GDELT - Unknown,מבצע  שאגת הארי  - היממה ה - 12 | כל עדכוני המלחמה מול איראן,2026-03-11 01:00:00,1
2352,GDELT - Unknown,"Why food prices still sting , and what in store for the rest of 2026",2026-03-11 01:00:00,0
2353,GDELT - Unknown,"Why food prices still sting , and what in store for the rest of 2026",2026-03-11 01:00:00,0
2354,GDELT - Unknown,Senate Democrats ramp up pressure campaign for public hearings on war with Iran,2026-03-11 01:00:00,1
2355,GDELT - Unknown,Irán califica de  mentira absoluta  que tuviera planeado atacar a Estados Unidos,2026-03-11 01:00:00,1
2356,GDELT - Unknown,Satellitenstation in Israel von Hisbollah - Rakete getroffen,2026-03-11 01:00:00,3
2357,GDELT - Unknown,北韓稱尊重伊朗新最高領袖人選 批美以破壞和平 | 國際,2026-03-11 01:00:00,1
2358,GDELT - Unknown,Le MAE chinois appelle à un cessez - le - feu au Moyen - Orient et soutient le rôle des pays du Golfe dans lavenir de la région - Xinhua,2026-03-11 01:00:00,0
2359,GDELT - Unknown,操盘必读 ： 影响股市利好或利空消息 _ 2026年3月11日 _ 财经新闻,2026-03-11 01:00:00,0
2360,GDELT - Unknown,"Latest Iranian attacks on Israel  most violent  since start of war , IRGC says",2026-03-11 01:00:00,1
2361,GDELT - Unknown,"İran  Füzeler bizim değil  dedi , Ankara atıldığı yeri tespit etti : Konumu biliyoruz",2026-03-11 01:00:00,1
2362,GDELT - Unknown,霍尔木兹海峡突发 ！ 原油巨震 ， 欧洲股市大反攻,2026-03-11 01:00:00,0
2363,GDELT - Unknown,Price tag of Iran war mounts as Congress waits on funding request,2026-03-11 01:00:00,1
2364,GDELT - Unknown,Witkoff Admits He Doesnt Know How Iran War Ends - News From Antiwar . com,2026-03-11 01:00:00,1
2365,GDELT - Unknown,Reporter Asks Mike Johnson When Will Congress Assert Itself,2026-03-11 01:00:00,0
2366,GDELT - Unknown,"Europe tops global arms imports amid Russia threat , SIPRI says",2026-03-11 01:00:00,2
2367,GDELT - Unknown,Merz turned Germany into US vassal Spanish deputy PM,2026-03-11 01:00:00,0
2368,GDELT - Unknown,Midterm mood favors Democrats despite party image problems,2026-03-11 01:00:00,0
2369,GDELT - Unknown,Home Secretary grants police request to ban Al Quds Day march,2026-03-11 01:00:00,2
2370,GDELT - Unknown,Habervitrini . com | Trump İran Hürmüz e mayın döşediyse onları derhal kaldırsın,2026-03-11 01:00:00,1
2371,GDELT - Unknown,Cooper speaks to Rubio as US threatens  most intense day  of Iran war,2026-03-11 01:00:00,1
2372,GDELT - Unknown,"स्पीकर के खिलाफ अविश्वास प्रस्ताव पर संसद में चर्चा आज , व्हिप जारी ; हंगामे के आसार - lok sabha budget session no confidence motion against speaker om birla",2026-03-11 01:00:00,0
2373,GDELT - Unknown,Senator Wants Pause on Gas Tax in Pennsylvania,2026-03-11 01:00:00,0
2374,GDELT - Unknown,Chris Murphy Interrupts Lives Interview To Correct Ted Cruz,2026-03-11 01:00:00,2
2375,GDELT - Unknown,البنتاغون يعترف بإصابة 140 جنديا في الحرب على إيران,2026-03-11 01:00:00,1
2376,GDELT - Unknown,Macron convoca al G7 de urgencia para frenar el impacto económico de la guerra en Irán,2026-03-11 01:00:00,1
2377,GDELT - Unknown,烏克蘭專家赴中東攔截伊朗無人機 澤倫斯基盼換取飛彈 - 國際,2026-03-11 01:00:00,1
2378,GDELT - Unknown,Pentagon now says approximately 140 US troops wounded over 10 days of Iran war,2026-03-11 01:00:00,1
2379,GDELT - Unknown,Les cours du pétrole reculent : lAIE proposerait la plus importante libération de stocks de son histoire selon le WSJ,2026-03-11 01:00:00,0
2380,GDELT - Unknown,Por qué la guerra no siempre beneficia a las acciones de defensa : análisis de The Economist | G - DE - GESTION,2026-03-11 01:00:00,0
2381,GDELT - Unknown,Macron convoca a líderes del G7 este miércoles para analizar impacto de guerra en O . Medio,2026-03-11 01:00:00,2
2382,GDELT - Unknown,霍爾木兹海峽驚現水雷 川普命伊朗立即清除 | 美軍 | 美國國稅 | 退稅,2026-03-11 01:00:00,1
2383,GDELT - Unknown,华泰证券 ： 全球钢铁行业景气度或进入持续上升期 _ 东方财富网,2026-03-11 01:00:00,0
2384,GDELT - Unknown,China Calls in Shipping Giants Amid Panama Canal Tensions,2026-03-11 01:00:00,2
2385,GDELT - Unknown,Песков : Москва није добила нове предлоге за самит Путина и Трампа,2026-03-11 01:00:00,1
2386,GDELT - Unknown,Aumentan los precios de la gasolina en San Diego,2026-03-11 01:00:00,0
2387,GDELT - Unknown,Le Qatar met en garde contre les possibles  conséquences catastrophiques  de la guerre,2026-03-11 01:00:00,1
2388,GDELT - Unknown,Trump says he and Vance are  philosophically  different on Iran war,2026-03-11 01:00:00,1
2389,GDELT - Unknown,RAT NA BLISKOM ISTOKU MENJA MAPU TURISTIČKIH DESTINACIJA : Ovoj zemlji se smeše novi turisti,2026-03-11 01:00:00,0
2390,GDELT - Unknown,"Трамп заявив , що у США вперше за 50 років відкриють новий НПЗ",2026-03-11 01:00:00,2
2391,GDELT - Unknown,霍爾木茲驚現幽靈船隊 1100艘油船導航失靈 | 霍尔木兹海峽 | 伊朗 | 石油出口,2026-03-11 01:00:00,0
2392,GDELT - Unknown,دعوات للتصعيد في الشارع رفضا لزيادة البنزين ..  التواصل  يرد على  تراجع  مدبولي : أبقى قابلني !,2026-03-11 01:00:00,0
2393,GDELT - Unknown,Costa - Sánchez vs . Von der Leyen - Merz : la guerra de Irán aflora dos bloques enfrentados en la UE,2026-03-11 01:00:00,1
2394,GDELT - Unknown,Home Secretary grants police request to ban Al Quds Day march,2026-03-11 01:00:00,2
2395,GDELT - Unknown,Conflict In Iran Creating New Winners And Losers Across Former Soviet Space – Analysis,2026-03-11 01:00:00,1
2396,GDELT - Unknown,Dow Jones dips 34 points as Investors weigh conflict with Iran,2026-03-11 01:00:00,0
2397,GDELT - Unknown,Democrats desperately want America to lose this war * WorldNetDaily * by Don Feder,2026-03-11 01:00:00,0
2398,GDELT - Unknown,"Iran - Usa , la guerra senza uscita per Khamenei e Trump : chi è il vero vincitore",2026-03-11 01:00:00,1
2399,GDELT - Unknown,White House denies Navy has escorted oil tanker through Strait of Hormuz,2026-03-11 01:00:00,2
2400,GDELT - Unknown,"Iran , Iran war , CIA , regime change | Homeland Security Newswire",2026-03-11 01:00:00,1
2401,GDELT - Unknown,Qantas to increase international fares as jet fuel surge hits aviation sector,2026-03-11 01:00:00,0
2402,GDELT - Unknown,Türkei : Erdogan fürchtet im Iran - Krieg vor allem ein Szenario,2026-03-11 01:00:00,1
2403,GDELT - Unknown,ИДФ : започео нови талас напада на мете у Техерану,2026-03-11 01:00:00,1
2404,GDELT - Unknown,Cooper speaks to Rubio as US threatens  most intense day  of Iran war,2026-03-11 01:00:00,1
2405,GDELT - Unknown,烏克蘭派專業團隊赴中東攔截伊朗無人機 盼換取飛彈 | 國際,2026-03-11 01:00:00,1
2406,GDELT - Unknown,Иран назвал повреждение « Авраама Линкольна » сигналом Вашингтону,2026-03-11 01:00:00,1
2407,GDELT - Unknown,Cooper speaks to Rubio as US threatens  most intense day  of Iran war,2026-03-11 01:00:00,1
2408,GDELT - Unknown,"트럼프 손녀 , 초호화 쇼핑하며  파산하겠어 … 뿔난 미국인들",2026-03-11 01:00:00,2
2409,GDELT - Unknown,US targets Iran mine - laying as war causes oil market havoc,2026-03-11 01:00:00,1
2410,GDELT - Unknown,Should Canada have a strategic oil reserve ? It complicated,2026-03-11 01:00:00,0
2411,GDELT - Unknown,Макрон најавио разговор са лидерима Г7 о кризи у Ирану и ценама нафте,2026-03-11 01:00:00,1
2412,GDELT - Unknown,Mayadeen : Иран выдвинул условия для переговоров с США,2026-03-11 01:00:00,1
2413,GDELT - Unknown,Francia no participa en el conflicto Oriente Medio,2026-03-11 01:00:00,3
2414,GDELT - Unknown,"Russian foreign minister discusses situation in Mideast with Iranian , Saudi counterparts",2026-03-11 01:00:00,1
2415,GDELT - Unknown,Home Secretary grants police request to ban Al Quds Day march,2026-03-11 01:00:00,2
2416,GDELT - Unknown,Sudan urges US to designate RSF a terrorist group,2026-03-11 01:00:00,2
2417,GDELT - Unknown,US envoy Witkoff says Israel trip possible next week,2026-03-11 01:00:00,3
2418,GDELT - Unknown,Mamdani Dines With Anti - Israel Radical Whose Group Called for  Death to America,2026-03-11 01:00:00,3
2419,GDELT - Unknown,Иран мог заминировать Ормузский пролив : Трамп жестко отреагировал на слухи,2026-03-11 01:00:00,1
2420,GDELT - Unknown,Midterm mood favors Democrats despite party image problems,2026-03-11 01:00:00,0
2421,GDELT - Unknown,Meloni pede  suspensão temporária  do mecanismo de imposto sobre carbono - Energia,2026-03-11 01:00:00,0
2422,GDELT - Unknown,Democrats say White House offers no clarity on Iran war goals after 11 days - Grenada Chronicle – Daily Grenada And Caribbean News,2026-03-11 01:00:00,1
2423,GDELT - Unknown,Ascoltando Mattarella,2026-03-11 01:00:00,0
2424,GDELT - Unknown,WATCH : CNN Frederick Pleitgen Flees Iran Stikes,2026-03-11 01:00:00,1
2425,GDELT - Unknown,Senate Democrats ramp up pressure campaign for public hearings on war with Iran,2026-03-11 01:00:00,1
2426,GDELT - Unknown,"국제유가 , 80달러대 마감 … 전쟁 조기종식 기대에 11 % 급락",2026-03-11 01:00:00,0
2427,GDELT - Unknown,Nuevos ataques contra el régimen de Irán tras advertencia de Washington de que este martes sería  el día más intenso,2026-03-11 01:00:00,1
2428,GDELT - Unknown,Latest Articles,2026-03-11 01:00:00,0
2429,GDELT - Unknown,Entre toques de queda y reformas : Cómo llegan al cambio de mando los líderes sudamericanos invitados por Kast,2026-03-11 01:00:00,0
2430,GDELT - Unknown,164 Malaysians evacuated from West Asia conflict zones,2026-03-11 01:00:00,0
2431,GDELT - Unknown,"На Росію найближчим часом обвалиться хвиля нафтодоларів , – Bloomberg",2026-03-11 01:00:00,0
2432,GDELT - Unknown,Πετρέλαιο : Η τιμή του WTI αυξάνεται πάνω από 5 %,2026-03-11 01:00:00,0
2433,GDELT - Unknown,伊朗的下一步|唐纳德 · 特朗普|美军|以色列|俄罗斯,2026-03-11 01:00:00,1
2434,GDELT - Unknown,Trump Warns Of Severe Military Consequences If Iran Mines Strait Of Hormuz,2026-03-11 01:00:00,1
2435,GDELT - Unknown,Habervitrini . com | İran 104 İHA düşürdük,2026-03-11 01:00:00,1
2436,GDELT - Unknown,Guerra : Trump amarela ou Irã já está quase destruído ? - 10 / 03 / 2026 - Vinicius Torres Freire,2026-03-11 01:00:00,1
2437,GDELT - Unknown,College students stranded in Jerusalem amid Iran conflict return safely to Tennessee,2026-03-11 01:00:00,3
2438,GDELT - Unknown,Oil prices fall as WSJ says IEA proposes largest oil stock release ever,2026-03-11 01:00:00,0
2439,GDELT - Unknown,Ontario Gas Price Forecast : 8 - cent drop expected Thursday,2026-03-11 01:00:00,0
2440,GDELT - Unknown,冲突进入第12天 ， 多方卷入 ， 以军对伊朗发动新一轮打击,2026-03-11 01:00:00,1
2441,GDELT - Unknown,霍尔木兹海峡 ， 突发 ！ 原油 ， 巨震 ！,2026-03-11 01:00:00,0
2442,GDELT - Unknown,美駐多倫多領事館遭槍擊 加警稱國安事件升高防護 | 國際,2026-03-11 01:00:00,0
2443,GDELT - Unknown,Israel bombardeó centros de mando militar iraníes en Teherán y Tabriz,2026-03-11 01:00:00,3
2444,GDELT - Unknown,"Глава Израиля считает , что его страна не подталкивала США к атаке на Иран",2026-03-11 01:00:00,3
2445,GDELT - Unknown,Cooper speaks to Rubio as US threatens  most intense day  of Iran war,2026-03-11 01:00:00,1
2446,GDELT - Unknown,Doğalgaz ve petrol depolarımız dolu : Krizlere hazırız !,2026-03-11 01:00:00,0
2447,GDELT - Unknown,澤倫斯基 ： 美國提議下週舉行新一輪俄烏會談 | 國際,2026-03-11 01:00:00,0
2448,GDELT - Unknown,Europa y Asia preparan baterías de medidas para contener el impacto en los precios,2026-03-11 01:00:00,0
2449,GDELT - Unknown,特朗普松口  有条件谈判 ， 伊朗 ： 不谈|伊朗|谈判|特朗普 _ 新浪科技 _ 新浪网,2026-03-11 01:00:00,1
2450,GDELT - Unknown,Fresh Israeli strikes hit Lebanon after evacuation warnings,2026-03-11 01:00:00,3
2451,GDELT - Unknown,Мексико почео да издаје визе ирачким фудбалерима за интерконтинентални бараж за СП,2026-03-11 01:00:00,0
2452,GDELT - Unknown,Гегсет заявив про нещадні удари по замінованих суднах в Ормузькій протоці,2026-03-11 01:00:00,0
2453,GDELT - Unknown,Juan Roig solicita un IVA del 0 % en alimentos debido a la guerra en Irán,2026-03-11 01:00:00,0
2454,GDELT - Unknown,What to know about the embezzlement charges facing a former Chaldean Catholic bishop in California,2026-03-11 01:00:00,0
2455,GDELT - Unknown,On The Threat To Carve Iran Into Pieces,2026-03-11 01:00:00,1
2456,GDELT - Unknown,Wall Street warns TACO traders as Iran begins laying mines,2026-03-11 01:00:00,1
2457,GDELT - Unknown,US oil prices up nearly $3 as Middle East crisis constrains supply,2026-03-11 01:00:00,2
2458,GDELT - Unknown,Emirati tycoon criticism of Trump mysteriously disappears,2026-03-11 01:00:00,2
2459,GDELT - Unknown,國際油價回落 霍爾木茲海峽局勢備受關注 | 戰略石油儲備 | 中東局勢 | 川普能源政策,2026-03-11 01:00:00,0
2460,GDELT - Unknown,"Europe tops global arms imports amid Russia threat , SIPRI says",2026-03-11 01:00:00,2
2461,GDELT - Unknown,Why are oil prices surging ?,2026-03-11 01:00:00,0
2462,GDELT - Unknown,Lethal elite  black - clad  kill squad guards Iran new Supreme Leader Mojtaba Khamenei,2026-03-11 01:00:00,0
2463,GDELT - Unknown,"Toxic  black rain  falls throughout Iran , triggering health warning from WHO",2026-03-11 01:00:00,1
2464,GDELT - Unknown,"Qatar , allarme missili in tv durante ... la Champions League",2026-03-11 01:00:00,3
2465,GDELT - Unknown,"Belgaum resident experience | आकाशात क्षेपणास्त्र , मोबाईल मेसेज अन् बंकरमध्ये आश्रय",2026-03-11 01:00:00,0
2466,GDELT - Unknown,Pentagon Says 140 US Troops Injured In First 10 Days Of Iran War,2026-03-11 01:00:00,1
2467,GDELT - Unknown,Stjernene strømmer til premieren på podkasten « Lilli & Isabelle »,2026-03-11 01:00:00,0
2468,GDELT - Unknown,White House denies Navy has escorted oil tanker through Strait of Hormuz,2026-03-11 01:00:00,2
2469,GDELT - Unknown,فتح معبر طابا مجانا للأمريكيين … والمصريون يدفعون ثمن العودة أضعافا,2026-03-11 01:00:00,0
2470,GDELT - Unknown,ארה  ב לישראל : אל תתקפו שוב מתקני נפט באיראן ללא אישור,2026-03-11 01:00:00,1
2471,GDELT - Unknown,"Iran , Iran war , CIA , Pete Hegseth , rhetoric , MAGA | Homeland Security Newswire",2026-03-11 01:00:00,1
2472,GDELT - Unknown,Radio Fides Bolivia - Noticias confiables,2026-03-11 01:00:00,0
2473,GDELT - Unknown,Se contradice Trump y la Casa Blanca sobre la guerra,2026-03-11 01:00:00,2
2474,GDELT - Unknown,Dow Jones dips 34 points as Investors weigh conflict with Iran,2026-03-11 01:00:00,0
2475,GDELT - Unknown,AP News in Brief at 6 : 04 p . m . EDT,2026-03-11 01:00:00,0
2476,GDELT - Unknown,Lebanon : Priest killed by Israeli tank leaves  profound wound in the heart of the Church,2026-03-11 01:00:00,3
2477,GDELT - Unknown,"Sinhala Buddhist monk leads pro - US , pro - Israel protest in Colombo",2026-03-11 01:00:00,3
2478,GDELT - Unknown,Will the Houthis join the Iran war ?,2026-03-11 01:00:00,1
2479,GDELT - Unknown,College students stranded in Jerusalem amid Iran conflict return safety to Tennessee,2026-03-11 01:00:00,3
2480,GDELT - Unknown,Віткофф побачив у переговорах Росії і України  переломний момент,2026-03-11 01:00:00,1
2481,GDELT - Unknown,White House denies Navy has escorted oil tanker through Strait of Hormuz,2026-03-11 01:00:00,2
2482,GDELT - Unknown,How to understand the Iran war market swings : A geopolitical put option,2026-03-11 01:00:00,1
2483,GDELT - Unknown,Pentagon Says 140 US Troops Injured In First 10 Days Of Iran War,2026-03-11 01:00:00,1
2484,GDELT - Unknown,"IEA proposes largest ever oil release from strategic reserves , WSJ reports",2026-03-11 01:00:00,0
2485,GDELT - Unknown,Beyond the Headlines : A Message of Faith | The Jerusalem Post,2026-03-11 01:00:00,3
2486,GDELT - Unknown,Erin Burnett Takes Cover During Report After  Explosions,2026-03-11 01:00:00,0
2487,GDELT - Unknown,Megyn Kelly Slams Lindsey Graham for Threatening Allies Over Iran,2026-03-11 01:00:00,1
2488,GDELT - Unknown,Trump Threatens  Consequences Never Seen Before  If Iran Mines the Strait of Hormuz,2026-03-11 01:00:00,1
2489,GDELT - Unknown,İsrail ordusu Tehranda zərbələrə başlayıb,2026-03-11 01:00:00,3
2490,GDELT - Unknown,伊朗新任領袖至今未現身 引發外界多重猜測 | 伊朗最高領袖 | 穆傑塔巴 · 哈梅內伊 | 伊朗權力交接,2026-03-11 01:00:00,1
2491,GDELT - Unknown,Trump ameaça reao militar se Irã colocar minas no Estreito de Ormuz - Política,2026-03-11 01:00:00,1
2492,GDELT - Unknown,Republican Speaker Mike Johnson says he doesnt support nation - building in Iran,2026-03-11 01:00:00,1
2493,GDELT - Unknown,Siete futbolistas iraníes reciben asilo en Australia y el resto del equipo vuela a Malasia,2026-03-11 01:00:00,0
2494,GDELT - Unknown,FBI investigates men charged with lighting bombs at NYC protest,2026-03-11 01:00:00,2
2495,GDELT - Unknown,College students stranded in Jerusalem amid Iran conflict return safety to Tennessee,2026-03-11 01:00:00,3
2496,GDELT - Unknown,Kadri Simson :  Los gobiernos europeos tendrán que bajar los impuestos a la energía si la subida de precios frena el crecimiento,2026-03-11 01:00:00,0
2497,GDELT - Unknown,140 U . S . service members injured in Operation Epic Fury,2026-03-11 01:00:00,0
2498,GDELT - Unknown,Trump opens first new US oil refinery in 50 years with India Reliance investment,2026-03-11 01:00:00,2
2499,GDELT - Unknown,Pentágono confirma 140 militares estadunidenses heridos en guerra contra Irán ; varios de gravedad,2026-03-11 01:00:00,1
2500,GDELT - Unknown,美以伊战局冲击全球 ， 谁是这场能源危机的大赢家 ？,2026-03-11 01:00:00,0
2501,GDELT - Unknown,Şahbaz Şeriften kritik açıklama : Tüm cephelerde ateşkes başladı,2026-04-08 01:00:00,0
2502,GDELT - Unknown,В Тегеране заявили о победе над США после слов Трампа о перемирии | Западная Азия,2026-04-08 01:00:00,1
2503,GDELT - Unknown,How the Iran war is choking critical aid distribution around the world,2026-04-08 01:00:00,1
2504,GDELT - Unknown,الدفاعات الجوية تتعامل مع 520 صاروخاً باليستياً و26 « جوالاً » و2221 « مسيّرة » إيرانية,2026-04-08 01:00:00,1
2505,GDELT - Unknown,Congressional Democrats raise alarm over Trump comments on Iran,2026-04-08 01:00:00,1
2506,GDELT - Unknown,Trump Agrees To Temporary Ceasefire With Iran | News Radio 98 . 3 WMAN,2026-04-08 01:00:00,1
2507,GDELT - Unknown,川普 ： 美同意休戰兩週 伊開放霍爾木茲海峽 | 美國 | 伊朗,2026-04-08 01:00:00,1
2508,GDELT - Unknown,Transatlantic crisis talks as Trump condemned for Iran deadline wipeout threat,2026-04-08 01:00:00,1
2509,GDELT - Unknown,"A lONU , Moscou et Pékin opposent leur veto au déblocage du ... | Seneweb",2026-04-08 01:00:00,0
2510,GDELT - Unknown,Tregua en Medio Oriente : cuál es la postura de Israel en medio de las negociaciones de EE . UU . e Irán,2026-04-08 01:00:00,3
2511,GDELT - Unknown,100만닉스 돌아오나 … 휴전 소식에 삼전 5 %· 하닉 % 6↑ [ 특징주 ],2026-04-08 01:00:00,0
2512,GDELT - Unknown,伊朗公布通过巴基斯坦提交给美方的十点计划核心内容 - 南海网,2026-04-08 01:00:00,1
2513,GDELT - Unknown,SAD i Iran dogovorili dvotjedni prekid vatre,2026-04-08 01:00:00,1
2514,GDELT - Unknown,The Latest : Iran says it has accepted a two - week ceasefire in the war,2026-04-08 01:00:00,1
2515,GDELT - Unknown,How the Iran war is choking critical aid distribution around the world,2026-04-08 01:00:00,1
2516,GDELT - Unknown,[ 속보 ] 아라그치 이란 외무  이란군 협조 하에 호르무즈 통행 가능 - 국민일보,2026-04-08 01:00:00,1
2517,GDELT - Unknown,В переговорах по Ирану ожидаются  хорошие новости  - CNN - Последние новости сегодня,2026-04-08 01:00:00,1
2518,GDELT - Unknown,Transatlantic crisis talks as Trump condemned for Iran deadline wipeout threat,2026-04-08 01:00:00,1
2519,GDELT - Unknown,"Trump frena ofensiva contra Irán , anuncia tregua de dos semanas tras mediación de Pakistán – Periódico Zócalo | Noticias de Saltillo , Torreón , Piedras Negras , Monclova , Acuña",2026-04-08 01:00:00,1
2520,GDELT - Unknown,Gunman killed in shooting outside Israeli Consulate in Istanbul,2026-04-08 01:00:00,3
2521,GDELT - Unknown,Trump backs off Iran strikes for two - week ceasefire,2026-04-08 01:00:00,1
2522,GDELT - Unknown,"Iran , Trump estende scadenza ultimatum per due settimane • Imola Oggi",2026-04-08 01:00:00,1
2523,GDELT - Unknown,Премьер Пакистана объявил о немедленном прекращении огня | MigNews - Новости Израиля и Мира на русском языке,2026-04-08 01:00:00,0
2524,GDELT - Unknown,Crece la tensión : México lanza alerta a sus ciudadanos en Irán,2026-04-08 01:00:00,1
2525,GDELT - Unknown,How to save fuel costs and travel smarter on your road trip | Muswellbrook Chronicle,2026-04-08 01:00:00,0
2526,GDELT - Unknown,ＮＹ市場サマリー （ 7日 ） 円一時160円台 、 株まちまち ・ 利回りほぼ横ばい,2026-04-08 01:00:00,0
2527,GDELT - Unknown,Pakistan PM seeks pause on Trump threats against Iran,2026-04-08 01:00:00,1
2528,GDELT - Unknown,Svetski sukob zaustavljen u poslednjem trenutku : Postignuto primirje na Bliskom istoku,2026-04-08 01:00:00,3
2529,GDELT - Unknown,عاجل| « أكسيوس »: مصر لعبت دورا محوريا في تقريب وجهات النظر بين طهران وواشنطن,2026-04-08 01:00:00,1
2530,GDELT - Unknown,Trump warns of extreme military action if Iran doesnt reopen the Strait of Hormuz,2026-04-08 01:00:00,1
2531,GDELT - Unknown,Ιράν : Οι διαπραγματεύσεις με τις ΗΠΑ για τον τερματισμό του πολέμου θα ξεκινήσουν στο Πακιστάν τη Μ . Παρασκευή – Τι περιλαμβάνεται στα 10 σημεία,2026-04-08 01:00:00,1
2532,GDELT - Unknown,Donald Trump repousse de deux semaines sa menace dattaquer lIran,2026-04-08 01:00:00,1
2533,GDELT - Unknown,Donald Trump anuncia cessar - fogo com o Irã e diz que os dois lados estão próximos de um acordo definitivo de paz,2026-04-08 01:00:00,1
2534,GDELT - Unknown,Papa León XIV califica de  inaceptable  amenaza de Trump contra Irán,2026-04-08 01:00:00,1
2535,GDELT - Unknown,Iran Trump | Sospesi bombardamenti e attacchi per 2 settimane Tregua vincolata alla riapertura di Hormuz Da venerdì ripartono i negoziati Effetto annuncio per il petrolio  corsa al ribasso,2026-04-08 01:00:00,1
2536,GDELT - Unknown,Why $1 Million in Retirement Savings May Not Be Enough Anymore,2026-04-08 01:00:00,0
2537,GDELT - Unknown,"POSTIGNUTO PRIMIRJE IZMEĐU SAD , IZRAELA I IRANA : Trajaće dve nedelje , Iran će kontrolisati Ormuz",2026-04-08 01:00:00,1
2538,GDELT - Unknown,"Urmează scumpiri masive la facturile de curent , imediat după Paște . Avertismentul unui expert în energie : „ Tarifele cresc deja în timp ce vorbim",2026-04-08 01:00:00,0
2539,GDELT - Unknown,Trump suspends attacks on Iran for 2 weeks amid negotiations,2026-04-08 01:00:00,1
2540,GDELT - Unknown,Tramp pristao na prekid vatre sa Iranom - Iran istovremeno objavio i pod kojim uslovima,2026-04-08 01:00:00,1
2541,GDELT - Unknown,"Amid war in Iran , EU urges people to drive less and for countries to urgently roll out renewables",2026-04-08 01:00:00,0
2542,GDELT - Unknown,SAD i Iran dogovorili dvotjedni prekid vatre,2026-04-08 01:00:00,1
2543,GDELT - Unknown,SAD i Iran dogovorili dvotjedni prekid vatre,2026-04-08 01:00:00,1
2544,GDELT - Unknown,Iraníes forman cadenas humanas para proteger centrales eléctricas y puentes ante posibles ataques,2026-04-08 01:00:00,1
2545,GDELT - Unknown,Congressional Democrats raise alarm over Trump comments on Iran,2026-04-08 01:00:00,1
2546,GDELT - Unknown,SAD i Iran dogovorili dvotjedni prekid vatre,2026-04-08 01:00:00,1
2547,GDELT - Unknown,特朗普称伊朗人愿为自由承受轰炸 网友 ： 又一个谎言,2026-04-08 01:00:00,1
2548,GDELT - Unknown,Lo spettro della recessione Linflazione è una spirale Il mondo è già cambiato,2026-04-08 01:00:00,0
2549,GDELT - Unknown,Oil prices drop and stocks rally after Trump ceasefire announcement,2026-04-08 01:00:00,2
2550,GDELT - Unknown,환율 1470원대 급락  이란전쟁 2주 휴전 희소식,2026-04-08 01:00:00,0
2551,GDELT - Unknown,Τι περιλαμβάνει το σχέδιο 10 σημείων για την κατάπαυση του πυρός μεταξύ ΗΠΑ και Ιράν,2026-04-08 01:00:00,1
2552,GDELT - Unknown,Трамп объявил о приостановке атак на Иран на две недели - Последние новости сегодня,2026-04-08 01:00:00,1
2553,GDELT - Unknown,Fact Check Team : White House to meet NATO amid Iran strains and withdrawal threats,2026-04-08 01:00:00,1
2554,GDELT - Unknown,"Rusija i Kina u SB uz Iran , stavili veto na rezoluciju",2026-04-08 01:00:00,1
2555,GDELT - Unknown,"Pide Asghar Farhadi a artistas a condenar bombardeos en Irán – Periódico Zócalo | Noticias de Saltillo , Torreón , Piedras Negras , Monclova , Acuña",2026-04-08 01:00:00,0
2556,GDELT - Unknown,Iran Confirms Trump Ceasefire Agreement Announcement,2026-04-08 01:00:00,1
2557,GDELT - Unknown,"US , Israel and Iran agree to 2 - week ceasefire as Trump seizes diplomatic offramp",2026-04-08 01:00:00,1
2558,GDELT - Unknown,SAD i Iran dogovorili dvotjedni prekid vatre,2026-04-08 01:00:00,1
2559,GDELT - Unknown,Easter staycations spike as people stay closer to home in  uncertain times,2026-04-08 01:00:00,0
2560,GDELT - Unknown,Trump delays Iran infrastructure bombing by 2 weeks after threatening  whole civilization,2026-04-08 01:00:00,1
2561,GDELT - Unknown,"With Legos , trolling and Twain , Iran pushes war narrative on social media",2026-04-08 01:00:00,1
2562,GDELT - Unknown,Two - week Iran ceasefire announced,2026-04-08 01:00:00,1
2563,GDELT - Unknown,"Trump , Tehran Reach Deal On Temporary Cease - Fire",2026-04-08 01:00:00,1
2564,GDELT - Unknown,Erakçiden Hürmüz açıklaması ! Sürecin nasıl ilerleyeceğini açıkladı,2026-04-08 01:00:00,0
2565,GDELT - Unknown,布蘭特原油開盤暴跌16 %！ 跌破每桶92美元 伊朗說通行荷莫茲兩周可行 | 全球財經 | 全球,2026-04-08 01:00:00,0
2566,GDELT - Unknown,bito - Tarun Mitra,2026-04-08 01:00:00,0
2567,GDELT - Unknown,US - Journalistin Kittleson ist im Irak wohl wieder frei gekommen,2026-04-08 01:00:00,0
2568,GDELT - Unknown,"Trump , Iran Agree to Two - Week Ceasefire",2026-04-08 01:00:00,1
2569,GDELT - Unknown,"Frenazo de la economía de la eurozona en marzo , amenazada por la estanflación",2026-04-08 01:00:00,0
2570,GDELT - Unknown,Wall Street : La décrue du pétrole avant  lultimatum  permet un retour à l  équilibre,2026-04-08 01:00:00,0
2571,GDELT - Unknown,Petróleo tomba e aes da Petrobras desabam em NY após Trump concordar em suspender ataques ao Ir,2026-04-08 01:00:00,2
2572,GDELT - Unknown,"Trump , Tehran Reach Deal On Two - Week Cease - Fire",2026-04-08 01:00:00,1
2573,GDELT - Unknown,How to save fuel costs and travel smarter on your road trip | Cootamundra Herald,2026-04-08 01:00:00,0
2574,GDELT - Unknown,SAD i Iran dogovorili dvotjedni prekid vatre,2026-04-08 01:00:00,1
2575,GDELT - Unknown,Trump pulls back on Iran threat for two weeks subject to agreement on ceasefire,2026-04-08 01:00:00,1
2576,GDELT - Unknown,Green Party leader asks Carney step up in response to  unhinged  Trump Iran threat,2026-04-08 01:00:00,2
2577,GDELT - Unknown,Irán garantiza paso seguro por el estrecho de Ormuz tras alto al fuego con Estados Unidos,2026-04-08 01:00:00,1
2578,GDELT - Unknown,„ Sehr weit  mit Friedensabkommen : Trump will Angriffe auf Iran für zwei Wochen aussetzen,2026-04-08 01:00:00,1
2579,GDELT - Unknown,Delta announces increased bag fees as Iran war drives up fuel costs,2026-04-08 01:00:00,2
2580,GDELT - Unknown,"Prof . Schlevogt Compass No . 51 : Persian Armageddon , rewired - Seven repercussions of the Iran war",2026-04-08 01:00:00,1
2581,GDELT - Unknown,Trump announces Iran ceasefire deal as Strait of Hormuz deadline looms,2026-04-08 01:00:00,1
2582,GDELT - Unknown,Будут ли бомбить Ливан последние новости,2026-04-08 01:00:00,3
2583,GDELT - Unknown,"벼랑 끝  에서 멈춘 미국 · 이란 , 2주 휴전 사실상 합의 … 공습 중단 · 호르무즈 개방 - 국민일보",2026-04-08 01:00:00,1
2584,GDELT - Unknown,▫پیام عراقچی وزیر امور خارجه ایران به نمایندگی از شورای عالی امنیت ملی,2026-04-08 01:00:00,1
2585,GDELT - Unknown,트럼프  이란 문명 사라질 것  발언에 … 탄핵 · 파면 논쟁 촉발,2026-04-08 01:00:00,0
2586,GDELT - Unknown,Le pape juge  inacceptable  la menace qui pèse sur lensembl ... | Seneweb,2026-04-08 01:00:00,0
2587,GDELT - Unknown,"Profesor AS : Hanya Tiga Orang Dewasa Ini yang Bisa Hentikan Perang Iran , Bukan Donald Trump !",2026-04-08 01:00:00,1
2588,GDELT - Unknown,تردد قنوات الجزيرة الإخبارية 2026 وبث مباشر يوتيوب : تابع تطورات الحرب على إيران ومهلة ترامب لحظة بلحظة,2026-04-08 01:00:00,1
2589,GDELT - Unknown,Easter staycations spike as people stay closer to home in  uncertain times,2026-04-08 01:00:00,0
2590,GDELT - Unknown,Trump desiste de ataque e fecha cessar - fogo com o Irã ; Estreito de Ormuz reabrirá por 15 dias,2026-04-08 01:00:00,1
2591,GDELT - Unknown,Где пройдут переговоры США и Ирана,2026-04-08 01:00:00,1
2592,GDELT - Unknown,"Trump encuentra una vía de escape , pero no resuelve las cuestiones que llevaron a la guerra con Irán",2026-04-08 01:00:00,1
2593,GDELT - Unknown,US and Iran agree two - week ceasefire before escalation deadline,2026-04-08 01:00:00,1
2594,GDELT - Unknown,Two - week Iran ceasefire announced,2026-04-08 01:00:00,1
2595,GDELT - Unknown,عاجل| « رويترز »: مقترح التفاوض يتضمَّن وقف الحرب على إيران والجماعات الحليفة,2026-04-08 01:00:00,1
2596,GDELT - Unknown,SAD i Iran dogovorili dvotjedni prekid vatre,2026-04-08 01:00:00,1
2597,GDELT - Unknown,Delta announces increased bag fees as Iran war drives up fuel costs,2026-04-08 01:00:00,2
2598,GDELT - Unknown,Trump Agrees To Temporary Ceasefire With Iran | Newsradio WFLA Orlando,2026-04-08 01:00:00,1
2599,GDELT - Unknown,Trump agrees to halt bombing of Iran for two weeks subject to strait reopening,2026-04-08 01:00:00,1
2600,GDELT - Unknown,"Trump , Tehran Reach Deal On Two - Week Cease - Fire",2026-04-08 01:00:00,1
2601,GDELT - Unknown,"Des explosions entendues à Doha , au Qatar ( journalistes de l ... | Seneweb",2026-04-08 01:00:00,3
2602,GDELT - Unknown,США признали право Ирана на обогащение урана новости,2026-04-08 01:00:00,1
2603,GDELT - Unknown,Easter staycations spike as people stay closer to home in  uncertain times,2026-04-08 01:00:00,0
2604,GDELT - Unknown,Transatlantic crisis talks as Trump condemned for Iran deadline wipeout threat,2026-04-08 01:00:00,1
2605,GDELT - Unknown,انقضاء مهلة 7 أبريل : هل بدأت لحظة انفجار التوتر الكبير بين واشنطن وطهران ؟,2026-04-08 01:00:00,0
2606,GDELT - Unknown,Iranski ministar najavio otvaranje Ormuskog moreuza : Ovo su 2 glavna uslova Teherana za prekid vatre,2026-04-08 01:00:00,1
2607,GDELT - Unknown,以媒 ： 特朗普设定期限临近 美伊谈判出现进展 - 新华网,2026-04-08 01:00:00,2
2608,GDELT - Unknown,ロシア 、 自国産エネルギーに強い引き合い＝大統領府,2026-04-08 01:00:00,0
2609,GDELT - Unknown,SAD i Iran dogovorili dvotjedni prekid vatre,2026-04-08 01:00:00,1
2610,GDELT - Unknown,Trump agrees to halt bombing of Iran for two weeks subject to strait reopening,2026-04-08 01:00:00,1
2611,GDELT - Unknown,Trump to delay Iran strike decision ; ceasefire talks emerge,2026-04-08 01:00:00,1
2612,GDELT - Unknown,Two - week Iran ceasefire announced,2026-04-08 01:00:00,1
2613,GDELT - Unknown,How to save fuel costs and travel smarter on your road trip | Bendigo Advertiser,2026-04-08 01:00:00,0
2614,GDELT - Unknown,Savaşın 39 gününde Orta Doğuda kritik saatler,2026-04-08 01:00:00,3
2615,GDELT - Unknown,2주 휴전에 건설주  불기둥 … DL이앤씨 20 %· 대우건설 19 % 대 강세 [ 특징주 ],2026-04-08 01:00:00,0
2616,GDELT - Unknown,Cronologia : Veja os ataques e momentos - chave da guerra no Irã,2026-04-08 01:00:00,1
2617,GDELT - Unknown,"Guerre au Moyen - Orient  : Au dernier moment , Trump repousse de deux semaines son ultimatum à lIran",2026-04-08 01:00:00,1
2618,GDELT - Unknown,Trump suspende bombardeos contra Irán tras mediación de Pakistán ; da tregua de dos semanas ( 17 : 45 h ),2026-04-08 01:00:00,1
2619,GDELT - Unknown,美伊停火 霍爾木茲開放 油價跌破100美元 | 油價暴跌 | 川普 | 巴基斯坦,2026-04-08 01:00:00,0
2620,GDELT - Unknown,Иран : проход через Ормузский пролив будет возможен 2 недели | MigNews - Новости Израиля и Мира на русском языке,2026-04-08 01:00:00,1
2621,GDELT - Unknown,Peso avanza en mercado atento al ultimátum de Trump a Irán,2026-04-08 01:00:00,1
2622,GDELT - Unknown,"Deadline Delayed Trump OKs 2 ‑ Week Ceasefire , Subject to Hormuz Reopening",2026-04-08 01:00:00,2
2623,GDELT - Unknown,US Seeks to Avoid War Crimes Charges in Attack on Iran,2026-04-08 01:00:00,1
2624,GDELT - Unknown,Trump agrees to halt bombing of Iran for two weeks subject to strait reopening,2026-04-08 01:00:00,1
2625,GDELT - Unknown,财经早餐 ： 猪价跌至近二十年低位 ； 去年A股年成交额首次突破400万亿元,2026-04-08 01:00:00,0
2626,GDELT - Unknown,Президент США охарактеризовал Такера Карлсона как « человека с низким коэффициентом IQ » | Америка,2026-04-08 01:00:00,2
2627,GDELT - Unknown,Bağdatda patlama sesleri,2026-04-08 01:00:00,0
2628,GDELT - Unknown,Iranians react to Trump threats,2026-04-08 01:00:00,1
2629,GDELT - Unknown,Delta raises checked bag fees amid higher oil prices as Iran conflict continues,2026-04-08 01:00:00,2
2630,GDELT - Unknown,Trump to delay Iran strike decision ; ceasefire talks emerge,2026-04-08 01:00:00,1
2631,GDELT - Unknown,Trump - Ultimatum abgelaufen : Waffenruhe zwischen united states und Iran - Friedensabkommen in greifbarer Nähe,2026-04-08 01:00:00,1
2632,GDELT - Unknown,Easter staycations spike as people stay closer to home in  uncertain times,2026-04-08 01:00:00,0
2633,GDELT - Unknown,Transatlantic crisis talks as Trump condemned for Iran deadline wipeout threat,2026-04-08 01:00:00,1
2634,GDELT - Unknown,Los detalles del acuerdo de 10 puntos entre Estados Unidos e Irán para alcanzar la paz,2026-04-08 01:00:00,1
2635,GDELT - Unknown,Trump claims regime change in Iran as analysts warn new leaders may be more brutal,2026-04-08 01:00:00,1
2636,GDELT - Unknown,Trump pulls back on Iran threat for two weeks subject to agreement on ceasefire,2026-04-08 01:00:00,1
2637,GDELT - Unknown,El déficit comercial con Brasil se redujo 45 % en el primer trimestre : los tres factores clave hacia adelante,2026-04-08 01:00:00,0
2638,GDELT - Unknown,Transatlantic crisis talks as Trump condemned for Iran deadline wipeout threat,2026-04-08 01:00:00,1
2639,GDELT - Unknown,Ala Stanford and Chris Rabb spar over AIPAC as Philly race for Congress heats up,2026-04-08 01:00:00,0
2640,GDELT - Unknown,بیانیه شورای عالی امنیت ملی ایران درباره توقف آتش ۲ هفته‌ای و شروط مذاکره ( بخش دوم ),2026-04-08 01:00:00,1
2641,GDELT - Unknown,美智庫 ： 中共助伊抵抗美制裁並資助其戰爭機器 | 伊朗 | 石油,2026-04-08 01:00:00,1
2642,GDELT - Unknown,"В США рассказали , что случилось с Трампом из - за перемирия с Ираном",2026-04-08 01:00:00,1
2643,GDELT - Unknown,ට්‍රම්ප්ගේ සටන් විරාම ප්‍රකාශයත් සමඟ ලෝක වෙළඳපොළේ බොරතෙල් මිල පහළට,2026-04-08 01:00:00,0
2644,GDELT - Unknown,La Casa Blanca niega planes de usar armas nucleares contra Irán,2026-04-08 01:00:00,1
2645,GDELT - Unknown,张忆东 ： 停火后安全资产建议只保留黄金 ， 重点关注高科技 、 硬科技和先进制造业,2026-04-08 01:00:00,0
2646,GDELT - Unknown,"Trump in Iran našla skupni jezik , Izrael proti premirju",2026-04-08 01:00:00,1
2647,GDELT - Unknown,米ＷＴＩが一時95ドル台に急落 、 株価先物上昇 中東停戦合意受け,2026-04-08 01:00:00,0
2648,GDELT - Unknown,Donald Trump aplazó por dos semanas el ultimátum a Irán,2026-04-08 01:00:00,1
2649,GDELT - Unknown,Iran Trump | Sospesi bombardamenti e attacchi per 2 settimane Tregua vincolata alla riapertura di Hormuz Venerdì i negoziati l  idea,2026-04-08 01:00:00,1
2650,GDELT - Unknown,Sería el candidato con más votos : Trump bromea con postularse a la presidencia de Venezuela,2026-04-08 01:00:00,2
2651,GDELT - Unknown,Gunman killed in shooting outside Israeli Consulate in Istanbul,2026-04-08 01:00:00,3
2652,GDELT - Unknown,इरानमाथि भीषण आक्रमण,2026-04-08 01:00:00,1
2653,GDELT - Unknown,情報BOX ： イランによるホルムズ海峡通航料徴収は可能か,2026-04-08 01:00:00,1
2654,GDELT - Unknown,Bolsa de Tokio trepa más de 4 % tras alto al fuego en Irán,2026-04-08 01:00:00,0
2655,GDELT - Unknown,Ισραήλ : Νέα πυραυλικά πλήγματα από το Ιράν – Εκρήξεις στην Ιερουσαλήμ σε τρία κύματα ( βίντεο ),2026-04-08 01:00:00,3
2656,GDELT - Unknown,Pétrole : le baril de WTI repasse sous les 100$US,2026-04-08 01:00:00,0
2657,GDELT - Unknown,"American journalist Shelly Kittleson has been released , Iraqi officials tell the AP",2026-04-08 01:00:00,0
2658,GDELT - Unknown,tramp - Tarun Mitra,2026-04-08 01:00:00,0
2659,GDELT - Unknown,Тегеран подтвердил принятие соглашения о прекращении огня и представил  встречные предложения,2026-04-08 01:00:00,1
2660,GDELT - Unknown,Trump pulls back on Iran threat for two weeks subject to agreement on ceasefire,2026-04-08 01:00:00,1
2661,GDELT - Unknown,SAD i Iran dogovorili dvotjedni prekid vatre,2026-04-08 01:00:00,1
2662,GDELT - Unknown,Congressional Democrats raise alarm over Trump comments on Iran,2026-04-08 01:00:00,1
2663,GDELT - Unknown,Iran - linked hackers have disrupted multiple US industrial sites,2026-04-08 01:00:00,1
2664,GDELT - Unknown,早AI大众｜山东7项城市更新经验获全国推广 ； 伊朗开放霍尔木兹海峡两周,2026-04-08 01:00:00,0
2665,GDELT - Unknown,Demandas del oficialismo llevan al Gobierno a darle gradualidad a su proyecto tributario,2026-04-08 01:00:00,0
2666,GDELT - Unknown,Trump pulls back on his Iran threats for two weeks,2026-04-08 01:00:00,1
2667,GDELT - Unknown,عاجل| طهران تعلن شروطها لوقف الحرب .. منها ضمان عدم مهاجمة إيران مرة أخرى,2026-04-08 01:00:00,1
2668,GDELT - Unknown,Trump agrees to halt bombing of Iran for two weeks subject to strait reopening,2026-04-08 01:00:00,1
2669,GDELT - Unknown,"Oil slumps , bonds rally and stocks surge as U . S . and Iran agree to two - week ceasefire",2026-04-08 01:00:00,1
2670,GDELT - Unknown,ईरान - अमेरिका के बीच 15 दिनों ( दो हफ्तों ) की सीजफायर : डोनाल्ड ट्रंप का बड़ा ऐलान,2026-04-08 01:00:00,1
2671,GDELT - Unknown,"Glaustai : Sinkevičius sako , kad koalicija dirbs toliau , Žemaitaitis skųs VRK sprendimą dėl dotacijos",2026-04-08 01:00:00,0
2672,GDELT - Unknown,ＩＭＦが新興国向け資金流入で警鐘 、 危機時の逃げ足速い投資家が大半,2026-04-08 01:00:00,0
2673,GDELT - Unknown,Pausa Trump ataques a Irán por 2 semanas tras propuesta de Teherán,2026-04-08 01:00:00,1
2674,GDELT - Unknown,Trump Agrees To Temporary Ceasefire With Iran,2026-04-08 01:00:00,1
2675,GDELT - Unknown,Trump delays Iran infrastructure bombing by 2 weeks after threatening  whole civilization,2026-04-08 01:00:00,1
2676,GDELT - Unknown,Mener Iran vinner uansett,2026-04-08 01:00:00,1
2677,GDELT - Unknown,Iranians react to Trump threats,2026-04-08 01:00:00,1
2678,GDELT - Unknown,Ukraine President Zelenskyy Lashes Out At UN Security Council Over Iran Strait Of Hormuz Blockade,2026-04-08 01:00:00,1
2679,GDELT - Unknown,حقيقة وفاة ترامب وقصة وسم الحرب العالمية الثالثة : هل اقتربت المواجهة الشاملة في 2026 ؟,2026-04-08 01:00:00,0
2680,GDELT - Unknown,Opini : Mengubah Krisis Energi Menjadi Energi Kreativitas,2026-04-08 01:00:00,0
2681,GDELT - Unknown,トランプ氏 、 イラン攻撃 「 2週間停止で合意 」 「 文明滅亡 」 脅しから一転,2026-04-08 01:00:00,1
2682,GDELT - Unknown,ベトナムの 「 新興国市場 」 への格上げを発表＝ＦＴＳＥラッセル,2026-04-08 01:00:00,0
2683,GDELT - Unknown,Los futuros de Wall Street saltaron más de 2 % tras el anuncio de Donald Trump sobre la tregua con Irán,2026-04-08 01:00:00,0
2684,GDELT - Unknown,Tras ultimátum de Trump : Esta es la condición de EEUU para el alto al fuego con Irán,2026-04-08 01:00:00,1
2685,GDELT - Unknown,Trump :  Sì a tregua di 2 settimane se Iran riapre Stretto di Hormuz . Nyt : ok di Teheran - il Fatto Nisseno,2026-04-08 01:00:00,1
2686,GDELT - Unknown,Easter staycations spike as people stay closer to home in  uncertain times,2026-04-08 01:00:00,0
2687,GDELT - Unknown,Trump warns  whole civilization  could die if Iran deal not reached,2026-04-08 01:00:00,1
2688,GDELT - Unknown,Trump Threatens to Wipe Out Iranian Civilization if Cease - Fire Deal Flops,2026-04-08 01:00:00,1
2689,GDELT - Unknown,Gov . orders flags at half - staff April 10 for Maj . Savino,2026-04-08 01:00:00,0
2690,GDELT - Unknown,An Unlikely Party Mightve Just Negotiated A Ceasefire in the Iran Conflict,2026-04-08 01:00:00,1
2691,GDELT - Unknown,"Why Kharg Island matters to Iran , and why the U . S . is targeting it",2026-04-08 01:00:00,1
2692,GDELT - Unknown,"Iran Paksa AS Terima Kekalahan Bersejarah setelah 40 Hari Berperang , Ini 10 Poin Gencatan Senjata",2026-04-08 01:00:00,1
2693,GDELT - Unknown,La tregua con Estados Unidos es un respiro para que Irán juegue el Mundial Los Angeles y Seattle,2026-04-08 01:00:00,1
2694,GDELT - Unknown,"Trump recula y da otras dos semanas a Irán para reabrir Ormuz , anuncia un alto el fuego bilateral",2026-04-08 01:00:00,1
2695,GDELT - Unknown,Pakistan : Waffenruhe zwischen united states und Iran ab sofort,2026-04-08 01:00:00,1
2696,GDELT - Unknown,Pakar Militer Ini Sebut Israel Mungkin Serang Iran dengan Senjata Nuklir Taktis,2026-04-08 01:00:00,1
2697,GDELT - Unknown,Индия увеличивает импорт нефти из Венесуэлы на фоне перебоев с Ближнего Востока | MigNews - Новости Израиля и Мира на русском языке,2026-04-08 01:00:00,0
2698,GDELT - Unknown,أبخل خلق الله .. الصهاينة يستغلون صفارات الإنذار للهروب من المطاعم وعدم دفع  الحساب,2026-04-08 01:00:00,0
2699,GDELT - Unknown,John Ivison : Trump chief trade rep signals CUSMA is worth keeping,2026-04-08 01:00:00,2
2700,GDELT - Unknown,Перемирие между США и Ираном : последние новости,2026-04-08 01:00:00,1
2701,GDELT - Unknown,الدولار يقود فوضى الأسواق .. تراجع الجنيه يتسارع والنظام يجد في الحرب مبرراً جديداً للأزمة ؟!,2026-04-08 01:00:00,0
2702,GDELT - Unknown,Trump backs off Iran strikes for two - week ceasefire,2026-04-08 01:00:00,1
2703,GDELT - Unknown,В Axios назвали дату и место проведения переговоров США и Ирана,2026-04-08 00:45:00,1
2704,GDELT - Unknown,ULTIMÁTUM TRUMP IRÁN | El plazo de Trump a Irán para abrir el estrecho de Ormuz vence esta madrugada,2026-04-08 00:45:00,1
2705,GDELT - Unknown,"ইরানে হামলা থামিয়েছে আমেরিকা , যুদ্ধবিরতি শুরু",2026-04-08 00:45:00,0
2706,GDELT - Unknown,Easter staycations spike as people stay closer to home in  uncertain times,2026-04-08 00:45:00,0
2707,GDELT - Unknown,American journalist abducted off street corner in Iraq set free in exchange for 6 members of Iran - backed militia,2026-04-08 00:45:00,2
2708,GDELT - Unknown,Тегеран раскрыл свои предложения США и дату начала переговоров,2026-04-08 00:45:00,1
2709,GDELT - Unknown,The Gulf Digital Transformation,2026-04-08 00:45:00,0
2710,GDELT - Unknown,트럼프  2주 휴전 … 이란  10일 협상,2026-04-08 00:45:00,2
2711,GDELT - Unknown,[ 속보 ] 트럼프  이란 공습 2주 중단 … 호르무즈 개방이 전제,2026-04-08 00:45:00,2
2712,GDELT - Unknown,"Hackers pró - Irã violaram infraestrutura cibernética dos EUA , diz governo americano | Tribuna Online",2026-04-08 00:45:00,1
2713,GDELT - Unknown,트럼프  이란 공습 2주 중단 … 이란도 휴전안 동의,2026-04-08 00:45:00,2
2714,GDELT - Unknown,Nasdaq finishes slightly up amid hopes for Iran deadline extension,2026-04-08 00:45:00,0
2715,GDELT - Unknown,World News : Threat against population of Iran unacceptable says Pope,2026-04-08 00:45:00,1
2716,GDELT - Unknown,快訊 ／ 川普同意停火2週 ！ 伊朗外長 ： 2週內重啟荷莫茲海峽 | 國際 | 三立新聞網 SETN . COM,2026-04-08 00:45:00,1
2717,GDELT - Unknown,War with Iran and unravelling of the global order – I,2026-04-08 00:45:00,1
2718,GDELT - Unknown,NYT : Иран е приел споразумението със САЩ след намеса от Китай,2026-04-08 00:45:00,1
2719,GDELT - Unknown,Democratic lawmakers demand oversight on prediction markets and crackdown on wagers on war,2026-04-08 00:45:00,0
2720,GDELT - Unknown,Pakistán intenta frenar la escalada y propone una tregua de dos semanas entre EE UU e Irán,2026-04-08 00:45:00,1
2721,GDELT - Unknown,Trump claims regime change in Iran as analysts warn new leaders may be more brutal,2026-04-08 00:45:00,1
2722,GDELT - Unknown,XRP領跑加密貨幣市場 上週吸金逾2億美元顯資金流動趨勢,2026-04-08 00:45:00,0
2723,GDELT - Unknown,World News : Afghanistan and Pakistan hold  useful  talks in China,2026-04-08 00:45:00,1
2724,GDELT - Unknown,Were sinking  - Small business smashed with double price hike,2026-04-08 00:45:00,0
2725,GDELT - Unknown,美 - 이란 2주 휴전에 S & P 선물 2 % 상승 … WTI 100달러 하회 ( 종합 ),2026-04-08 00:45:00,0
2726,GDELT - Unknown,Oil prices make stunning plunge and stock futures surge after Trump steps back with two - week ceasefire,2026-04-08 00:45:00,2
2727,GDELT - Unknown,Tregua en Medio Oriente : Trump anunció un alto el fuego con Irán por dos semanas,2026-04-08 00:45:00,1
2728,GDELT - Unknown,伊朗公布通过巴基斯坦提交给美方的十点计划核心内容,2026-04-08 00:45:00,1
2729,GDELT - Unknown,Trump frena el ataque a Irán y abre una tregua de dos semanas,2026-04-08 00:45:00,1
2730,GDELT - Unknown,"Guerra in Iran , Trump : dalle minacce alla tregua . Stop a bombardamenti e attacchi per due settimane , Hormuz riapre . Ecco il piano in 10 punti di Teheran",2026-04-08 00:45:00,1
2731,GDELT - Unknown,В Иран правят живи вериги за защита на електроцентрали и мостове,2026-04-08 00:45:00,1
2732,GDELT - Unknown,Democratic lawmakers demand oversight on prediction markets and crackdown on wagers on war,2026-04-08 00:45:00,0
2733,GDELT - Unknown,Trump agrees to halt bombing of Iran for two weeks subject to strait reopening,2026-04-08 00:45:00,1
2734,GDELT - Unknown,How the Iran war is choking critical aid distribution around the world,2026-04-08 00:45:00,1
2735,GDELT - Unknown,Pakistan and JD Vance : 3 signals behind the last - ditch Iran push,2026-04-08 00:45:00,1
2736,GDELT - Unknown,Trump to delay Iran strike decision ; ceasefire talks emerge,2026-04-08 00:45:00,1
2737,GDELT - Unknown,"Oil prices plunge , US stock futures jump after Trump holds off on Iran threats for 2 weeks",2026-04-08 00:30:00,2
2738,GDELT - Unknown,Trump afirma que  toda la civilización de Irán morirá esta noche  si no llega a un acuerdo para abrir el Estrecho de Ormuz,2026-04-08 00:30:00,1
2739,GDELT - Unknown,"Russia , China Block Hormuz Action at UN as Shipping Crisis Continues",2026-04-08 00:30:00,1
2740,GDELT - Unknown,Petróleo despenca após Trump anunciar cessar - fogo no Irã,2026-04-08 00:30:00,1
2741,GDELT - Unknown,Irán confirmó el acuerdo para un alto el fuego de dos semanas con Estados Unidos y anunció la apertura del estrecho de Ormuz,2026-04-08 00:30:00,1
2742,GDELT - Unknown,ترامب يعلق الهجوم على إيران لأسبوعين وسط جهود دبلوماسية,2026-04-08 00:30:00,1
2743,GDELT - Unknown,Cijene nafte se strmoglavile,2026-04-08 00:30:00,0
2744,GDELT - Unknown,Trump backs off Iran strikes for two - week ceasefire,2026-04-08 00:30:00,1
2745,GDELT - Unknown,"청년들아 , 발전소로 모여라  이란 ,  인간 방패  로 대응",2026-04-08 00:30:00,0
2746,GDELT - Unknown,巴基斯坦总理谢里夫 ： 伊美双方停火生效,2026-04-08 00:30:00,0
2747,GDELT - Unknown,ทรัมป์งัดไม้ตาย  นิวเคลียร์  ขู่ปิดเกมอิหร่าน เดิมพันที่โลกต้องจ่าย,2026-04-08 00:30:00,1
2748,GDELT - Unknown,Colombia se abstuvo de votar resolución de la ONU que buscaba reabrir el Estrecho de Ormuz,2026-04-08 00:30:00,0
2749,GDELT - Unknown,İran İslamabadda ABD ile Müzakerelere 10 Nisanda Başlayacak | Mersin Haber,2026-04-08 00:30:00,1
2750,GDELT - Unknown,"Ambazonia , Macron & Palestine : Cameroon Crisis Spotlight",2026-04-08 00:30:00,3
2751,GDELT - Unknown,Gas prices reach highest point since start of Iran war,2026-04-29 01:00:00,1
2752,GDELT - Unknown,قراءة لحكومة ( التكنوقراط ) العراقية ؟ فهل تصطدم بمزاد مطرقة الأحزاب ببيع المناصب الوزارية والفيتو الامريكي ؟ – كتابات,2026-04-29 01:00:00,0
2753,GDELT - Unknown,Rising Energy Costs Push Eurozone Inflation Expectations Higher,2026-04-29 01:00:00,0
2754,GDELT - Unknown,King hails  truly unique  US - UK ties in Congress speech,2026-04-29 01:00:00,2
2755,GDELT - Unknown,Stalled Iranian negotiations restrain U . S . stock markets Tuesday,2026-04-29 01:00:00,1
2756,GDELT - Unknown,Wall Street cierra a la baja ; espera anuncio de la Fed y reportes de cuatro gigantes tecnológicos,2026-04-29 01:00:00,0
2757,GDELT - Unknown,"US consumer confidence inches higher in April despite Iran war , soaring gasoline prices",2026-04-29 01:00:00,0
2758,GDELT - Unknown,What is Opec+ and how does it affect oil prices ?,2026-04-29 01:00:00,0
2759,GDELT - Unknown,Carlos III corona su viaje a EE UU con un discurso histórico ante el Congreso,2026-04-29 01:00:00,2
2760,GDELT - Unknown,Iran Trump Pressure | Modi Women SP Congress ; IPS Ajay Pal Molestation Allegations,2026-04-29 01:00:00,1
2761,GDELT - Unknown,Formula 1 CEO says rescheduling one Middle East race is an option,2026-04-29 01:00:00,0
2762,GDELT - Unknown,战事60天 ， 美伊  不战不谈  还要僵多久,2026-04-29 01:00:00,0
2763,GDELT - Unknown,استشهاد 3 فلسطينيين في غارات إسرائيلية على غزة رغم استمرار وقف إطلاق النار,2026-04-29 01:00:00,3
2764,GDELT - Unknown,Oil companies make massive profits from imperialist war - Workers Revolutionary Party,2026-04-29 01:00:00,0
2765,GDELT - Unknown,Latest Articles,2026-04-29 01:00:00,0
2766,GDELT - Unknown,US Defenseless Against Advanced Missiles Pentagons Big Admission Amid Iran War,2026-04-29 01:00:00,1
2767,GDELT - Unknown,Gas prices reach highest point since start of Iran war,2026-04-29 01:00:00,1
2768,GDELT - Unknown,عاجل .. سر  الخط الأصفر  في غزة .. أبو الغيط يفضح مخططا إسرائيليا خطيرا,2026-04-29 01:00:00,3
2769,GDELT - Unknown,"Агрессия США и Израиля против Ирана нанесла удар по ДНЯО , заявил Гатилов",2026-04-29 01:00:00,1
2770,GDELT - Unknown,"Construction costs have been remaining relatively stable , despite surging diesel prices - 29 - Apr - 2026",2026-04-29 01:00:00,0
2771,GDELT - Unknown,افزایش بهای نفت در پی نگرانی از سرنوشت مذاکرات تهران و واشنگتن,2026-04-29 01:00:00,1
2772,GDELT - Unknown,Will Iran war shake India flagship welfare schemes ? The finance ministry wants to find out,2026-04-29 01:00:00,1
2773,GDELT - Unknown,Ferguson addresses gas tax relief as prices hit record highs,2026-04-29 01:00:00,2
2774,GDELT - Unknown,Late - night buzz returns to Cairo as war - fuelled energy curbs ease,2026-04-29 01:00:00,0
2775,GDELT - Unknown,Επανέναρξη των πτήσεων Τεχεράνη - Μόσχα μετά από δίμηνη παύση λόγω του πολέμου,2026-04-29 01:00:00,1
2776,GDELT - Unknown,"Ontario gasoline , diesel prices expected to rise again",2026-04-29 01:00:00,0
2777,GDELT - Unknown,La inminente crisis alimentaria mundial se puede evitar,2026-04-29 01:00:00,0
2778,GDELT - Unknown,Gas prices reach highest point since start of Iran war,2026-04-29 01:00:00,1
2779,GDELT - Unknown,财闻早知道| OpenAI增长不及预期传闻致美科技股回调 五粮液年报延期公告,2026-04-29 01:00:00,0
2780,GDELT - Unknown,UAE OPEC Exit May not Hit Oil Market : Executives,2026-04-29 01:00:00,0
2781,GDELT - Unknown,"Explainer : What to know about UAE exit from OPEC , OPEC+ - Xinhua",2026-04-29 01:00:00,0
2782,GDELT - Unknown,tramp - Tarun Mitra,2026-04-29 01:00:00,0
2783,GDELT - Unknown,"Az ember által gyártott dolgok mára meghaladták a Föld teljes biomasszáját , azaz az élő anyag tömegét !",2026-04-29 01:00:00,0
2784,GDELT - Unknown,Iran - united states prüfen Folgen von einseitiger Siegeserklärung,2026-04-29 01:00:00,1
2785,GDELT - Unknown,US Hits Iran  Shadow Banking  Network With New Sanctions,2026-04-29 01:00:00,1
2786,GDELT - Unknown,Trump says Merz  doesnt know what he talking about  on Iran,2026-04-29 01:00:00,1
2787,GDELT - Unknown,Late - night buzz returns to Cairo as war - fuelled energy curbs ease,2026-04-29 01:00:00,0
2788,GDELT - Unknown,〈 視点 〉 米 ・ イスラエルとイラン 神がかる民主主義国家 論説委員兼編集委員 ・ 田原牧 ： 東京新聞デジタル,2026-04-29 01:00:00,0
2789,GDELT - Unknown,"Trump nemet mondott Iránnak , nő a nukleáris kockázat , Európa nem enged – napi összefoglaló",2026-04-29 01:00:00,1
2790,GDELT - Unknown,"Trump , unhappy with latest peace proposal , says Iran  figuring out its leadership",2026-04-29 01:00:00,1
2791,GDELT - Unknown,Peace efforts stall as US examines latest Iran proposal,2026-04-29 01:00:00,1
2792,GDELT - Unknown,US - Benzinpreis steigt auf höchsten Stand seit Kriegsbeginn,2026-04-29 01:00:00,0
2793,GDELT - Unknown,Late - night buzz returns to Cairo as war - fuelled energy curbs ease,2026-04-29 01:00:00,0
2794,GDELT - Unknown,Иран постави два услови за прекин на блокадата на Ормутскиот теснец,2026-04-29 01:00:00,1
2795,GDELT - Unknown,"Д . Трамп заявил , что Иран хочет открытия Ормузского пролива _ Russian . news . cn",2026-04-29 01:00:00,1
2796,GDELT - Unknown,Trump Just Launched a New Crackdown on Iran Banking Network,2026-04-29 00:45:00,1
2797,GDELT - Unknown,Kingdom accelerates economic shift as Iran war tests regional resilience,2026-04-29 00:45:00,1
2798,GDELT - Unknown,The SSPX is now on a clear and direct collision course with Rome,2026-04-29 00:45:00,0
2799,GDELT - Unknown,Senate rejects attempt to end Trump blockade of Cuba,2026-04-29 00:45:00,2
2800,GDELT - Unknown,US ramps up pressure on Iran with sanctions on 35 shadow banking entities,2026-04-29 00:45:00,1
2801,GDELT - Unknown,"Wall Street : Consolide dans le sillage du SOXX (- 3 , 7 %)",2026-04-29 00:45:00,0
2802,GDELT - Unknown,Owners of house that Marilyn Monroe died in sue Los Angeles for landmarking their property,2026-04-29 00:45:00,0
2803,GDELT - Unknown,На юге Ливана погиб сотрудник израильской инженерной компании,2026-04-29 00:45:00,3
2804,GDELT - Unknown,GM Just Lost Another Billion Dollars On EVs,2026-04-29 00:45:00,0
2805,GDELT - Unknown,"ทองคำโลกหลุดระดับ 4 , 600 ดอลลาร์ วิตกสงครามอิหร่านดันเงินเฟ้อสูง",2026-04-29 00:45:00,1
2806,GDELT - Unknown,OIL PRESSURE MOUNTS : Reports Say U . S . Blockade Severely Disrupting Iran Exports – The Yeshiva World,2026-04-29 00:45:00,1
2807,GDELT - Unknown,Stalled Iranian negotiations restrain U . S . stock markets Tuesday,2026-04-29 00:45:00,1
2808,GDELT - Unknown,The Latest : King Charles visits Washington with hopes of restoring the US - UK relationship,2026-04-29 00:45:00,2
2809,GDELT - Unknown,"İngiltere Kralı III . Charles , ABD Kongresine hitap eden ilk İngiltere Kralı oldu",2026-04-29 00:45:00,2
2810,GDELT - Unknown,Gas prices reach highest point since start of Iran war,2026-04-29 00:45:00,1
2811,GDELT - Unknown,Chevron likely to close deal for Singapore refinery stake sale to Eneos in May,2026-04-29 00:45:00,0
2812,GDELT - Unknown,Netanyahu chamado à residência presidencial para negociar processo de corrupo,2026-04-29 00:45:00,3
2813,GDELT - Unknown,川观早8点丨中央政治局会议提出  六张网 ， 释放重要信号 ； 我国将对所有非洲建交国实施零关税 ； 伊朗或向巴基斯坦提交调整版谈判方案 （ 2026年4月29日 ）,2026-04-29 00:45:00,0
2814,GDELT - Unknown,Conflicto en Medio Oriente : volvieron a operar los vuelos entre Irán y Rusia luego de dos meses de interrupción por la guerra,2026-04-29 00:45:00,1
2815,GDELT - Unknown,阿联酋为什么退出欧佩克及  欧佩克+ ？_ 新浪科技 _ 新浪网,2026-04-29 00:45:00,0
2816,GDELT - Unknown,Bondi Beach victim concert canceled as Greek choir refuses to sing with Jews,2026-04-29 00:45:00,3
2817,GDELT - Unknown,"Moscú , dispuesto a contribuir a la resolución de la situación en torno a Irán",2026-04-29 00:45:00,1
2818,GDELT - Unknown,Travelers face sharp airfare increases as war in Iran drives fuel costs higher,2026-04-29 00:45:00,0
2819,GDELT - Unknown,První zprávy - Domácí - Petr Sak : Závislost,2026-04-29 00:45:00,0
2820,GDELT - Unknown,"Hormuzský průliv se možná znovu otevře , ale systém už se rozpadl | 29 . 4 . 2026",2026-04-29 00:45:00,0
2821,GDELT - Unknown,ترامب ينتقد ميرتس : ليس لديه فكرة عما يتحدث - بوابة الشروق,2026-04-29 00:45:00,2
2822,GDELT - Unknown,"트럼프 , 독일 총리 겨냥  이란 핵무기 인질 되길 원하나",2026-04-29 00:45:00,2
2823,GDELT - Unknown,UAE decision to leave OPEC shakes up alliance influencing oil prices,2026-04-29 00:45:00,0
2824,GDELT - Unknown,SHOCK POLL : Republicans and Democrats Deadlocked in Generic Ballot 6 Months Before Midterms,2026-04-29 00:45:00,0
2825,GDELT - Unknown,Economic Fury : US sanctions Iran 35,2026-04-29 00:45:00,1
2826,GDELT - Unknown,Iran Supreme Leader Mojtaba Khamenei is,2026-04-29 00:45:00,1
2827,GDELT - Unknown,四方安全对话 ， 是否已经  搁浅,2026-04-29 00:45:00,0
2828,GDELT - Unknown,Thailand strengthens inbound appeal as traveller flows shift to core Asian markets,2026-04-29 00:45:00,0
2829,GDELT - Unknown,Stalled Iranian negotiations restrain U . S . stock markets Tuesday,2026-04-29 00:45:00,1
2830,GDELT - Unknown,World News : Israeli attacks kill five in south Lebanon,2026-04-29 00:45:00,3
2831,GDELT - Unknown,"В США изучают , как Иран может воспринять объявление Трампа о победе",2026-04-29 00:45:00,1
2832,GDELT - Unknown,财经早报 ： 一夜间16家公司拟  戴帽  长线资金一季度持股逻辑曝光丨2026年4月29日,2026-04-29 00:45:00,0
2833,GDELT - Unknown,Gas prices reach highest point since start of Iran war,2026-04-29 00:45:00,1
2834,GDELT - Unknown,O companie vrea să facă o afacere globală . Mutare pe placul lui Trump : Vine în SUA și bagă zeci de miliarde de dolari,2026-04-29 00:45:00,2
2835,GDELT - Unknown,IRGC Navy to confront any fresh American aggression with surprise tactics : Official,2026-04-29 00:45:00,1
2836,GDELT - Unknown,정전기 원천차단  초정밀 수작업 … K방산의 힘은  무결점 공정  [ 심층기획 ],2026-04-29 00:45:00,0
2837,GDELT - Unknown,US - Benzinpreis steigt auf höchsten Stand seit Kriegsbeginn,2026-04-29 00:45:00,0
2838,GDELT - Unknown,"日유조선 , 62일만에 호르무즈 첫 탈출 … 통행료도 안냈다",2026-04-29 00:45:00,0
2839,GDELT - Unknown,"Η Ουκρανία ανοίγει τις εξαγωγές των όπλων της , κυρίως των drones , αλλά όχι σε όλες τις χώρες",2026-04-29 00:45:00,1
2840,GDELT - Unknown,"Usa - Gb , Re Carlo :  Relazioni più importanti che mai",2026-04-29 00:45:00,0
2841,GDELT - Unknown,Trumptan Merze :  Ne hakkında konuştuğunu bilmiyor,2026-04-29 00:45:00,2
2842,GDELT - Unknown,Даже не думайте ! В США раскрыли детали бунта генералов против Трампа,2026-04-29 00:45:00,2
2843,GDELT - Unknown,Mercados caen ante reunión de la Fed ; petróleo cerca de los 100 dólares,2026-04-29 00:45:00,0
2844,GDELT - Unknown,"Mariana Mazzucato :  Los años de hegemonía de Estados Unidos han terminado , estamos viendo el final del Imperio Romano  | Economía",2026-04-29 00:45:00,0
2845,GDELT - Unknown,Samuel Poulin fait le point sur ses grands dossiers en Beauce,2026-04-29 00:45:00,0
2846,GDELT - Unknown,"У США вивчають , як Іран може сприйняти оголошення Трампа про перемогу",2026-04-29 00:45:00,1
2847,GDELT - Unknown,Bahrain News : Summit focus on pressing issues,2026-04-29 00:45:00,3
2848,GDELT - Unknown,Woodside Energy 1Q Revenue Rises as Middle East Conflict Fires Up Prices,2026-04-29 00:45:00,0
2849,GDELT - Unknown,"교착 상태에 빠진 전쟁 협상 … 원 · 달러 환율 , 1470원대 박스권 [ 외환브리핑 ]",2026-04-29 00:45:00,0
2850,GDELT - Unknown,Трамп в ярости от канцлера Германии,2026-04-29 00:45:00,2
2851,GDELT - Unknown,UAE decision to leave OPEC shakes up alliance influencing oil prices,2026-04-29 00:45:00,0
2852,GDELT - Unknown,Jutarnji list - Ministar Tomo Medved najavio gradnju braniteljskog centra u Imotskom,2026-04-29 00:45:00,0
2853,GDELT - Unknown,Francouzský výzkumník rozluštil 4 000 let staré elamitské písmo z Íránu | 29 . 4 . 2026,2026-04-29 00:45:00,0
2854,GDELT - Unknown,Justiça condena Zé Maria do PSTU a 2 anos de prisão por racismo,2026-04-29 00:45:00,0
2855,GDELT - Unknown,"NATO chce zrušit výroční summity , aby se vyhnulo konfrontaci s Trumpem | 29 . 4 . 2026",2026-04-29 00:45:00,2
2856,GDELT - Unknown,"찰스 3세 , 美의회서  나토 중요성  역설 … 트럼프 우회 비판",2026-04-29 00:45:00,0
2857,GDELT - Unknown,United in our commitment : King Charle addresses Congress,2026-04-29 00:45:00,2
2858,GDELT - Unknown,"Ipsos poll on global attitudes to Iran war finds most New Zealanders oppose conflict , fear fallout",2026-04-29 00:45:00,1
2859,GDELT - Unknown,Bahrain News : NIHR documents attacks on Bahrain,2026-04-29 00:45:00,3
2860,GDELT - Unknown,Why Im still a Zionist 25 years later | The Jerusalem Post,2026-04-29 00:45:00,3
2861,GDELT - Unknown,La Compaa y la política nacional - La Jornada San Luis,2026-04-29 00:45:00,0
2862,GDELT - Unknown,King Charles III Delivers Rare Address To Joint Session Of Congress,2026-04-29 00:45:00,2
2863,GDELT - Unknown,"Gas Is Up 33 % From A Year Ago , And Diesel Is Closing In On Its All - Time High",2026-04-29 00:45:00,0
2864,GDELT - Unknown,Economic Fury : US sanctions Iran 35,2026-04-29 00:45:00,1
2865,GDELT - Unknown,Trump attacks German chancellor over criticism of US aggression against Iran,2026-04-29 00:45:00,2
2866,GDELT - Unknown,Stella Calloni : Basta de protestos e comunicados ; defender Cuba exige ao !,2026-04-29 00:45:00,0
2867,GDELT - Unknown,"Генералы у руля : Reuters раскрыл , кто на самом деле управляет Ираном после гибели Хаменеи",2026-04-29 00:45:00,1
2868,GDELT - Unknown,"Dólar fecha em queda de 0 , 01 % e Bolsa cai com  superquarta  e com guerra no Irã no radar",2026-04-29 00:45:00,0
2869,GDELT - Unknown,Король против F - 35 : Карл III в Конгрессе США бросил вызов « бумажному тигру » и уничтожил позиции Трампа,2026-04-29 00:45:00,2
2870,GDELT - Unknown,El Gobierno incrementó la tasa de seguridad aeroportuaria y los vuelos en avión serán más caros,2026-04-29 00:45:00,0
2871,GDELT - Unknown,"Trump family crypto empire : Billions in suspicious gains , zero accountability – NaturalNews . com",2026-04-29 00:45:00,0
2872,GDELT - Unknown,US Hits Iran  Shadow Banking  Network With New Sanctions,2026-04-29 00:45:00,1
2873,GDELT - Unknown,US Senate blocks bid to prevent Trump from military action against Cuba,2026-04-29 00:45:00,2
2874,GDELT - Unknown,Trump Extends Iran Ceasefire ; Selnick Cites Lack of Negotiating Partners – NaturalNews . com,2026-04-29 00:45:00,1
2875,GDELT - Unknown,US military says it boarded cargo ship suspected of heading to Iran during blockade but released it,2026-04-29 00:45:00,1
2876,GDELT - Unknown,Iran is battered . But its leaders think Trump will blink first .,2026-04-29 00:45:00,1
2877,GDELT - Unknown,Stalled Iranian negotiations restrain U . S . stock markets Tuesday,2026-04-29 00:45:00,1
2878,GDELT - Unknown,Штати запровадили санкції проти тіньової банківської мережі Ірану,2026-04-29 00:45:00,1
2879,GDELT - Unknown,"Shock nelle fabbriche | i prezzi industriali volano del 4 , 4 %",2026-04-29 00:45:00,0
2880,GDELT - Unknown,Účet byl vystaven Evropě . Zaplatí všichni kromě Washingtonu | 29 . 4 . 2026 | Adam Svoboda,2026-04-29 00:45:00,0
2881,GDELT - Unknown,King Charles highlights US - UK bond in speech to Congress noting  times of great uncertainty,2026-04-29 00:45:00,2
2882,GDELT - Unknown,Senate rejects attempt to end Trump blockade of Cuba,2026-04-29 00:45:00,2
2883,GDELT - Unknown,Senate rejects attempt to end Trump blockade of Cuba,2026-04-29 00:45:00,2
2884,GDELT - Unknown,UAE decision to leave OPEC shakes up alliance influencing oil prices,2026-04-29 00:45:00,0
2885,GDELT - Unknown,Gas prices reach highest point since start of Iran war,2026-04-29 00:45:00,1
2886,GDELT - Unknown,trump y merz : nuevos cruces por irán y la estrategia en la otan,2026-04-29 00:45:00,1
2887,GDELT - Unknown,Трамп заявил о кризисе в Иране и просьбе открыть Ормуз | MigNews - Новости Израиля и Мира на русском языке,2026-04-29 00:45:00,1
2888,GDELT - Unknown,"UAE , OPEC 탈퇴 … 사우디 균열 속  친미 안보 · 석유 전략  전환",2026-04-29 00:45:00,0
2889,GDELT - Unknown,رویترز : ‌ هزینه‌های سیاسی جنگ ایران برای دولت آمریکا ، « فوق‌العاده » زیاد شده است,2026-04-29 00:45:00,1
2890,GDELT - Unknown,"Annastacia Palaszczuk The Politics of Being Me Book : The  tense , intimidating  COVID - 19 phone between Morrison and then - Queensland premier Palaszczuk",2026-04-29 00:45:00,0
2891,GDELT - Unknown,У Трампа обвал рейтинга,2026-04-29 00:45:00,2
2892,GDELT - Unknown,Не более двух недель : ультиматум Израиля Ливану,2026-04-29 00:45:00,3
2893,GDELT - Unknown,Agentes en Chihuahua : La presencia de la CIA y la presión sobre los políticos corruptos abren un nuevo bache en la relación bilateral,2026-04-29 00:45:00,0
2894,GDELT - Unknown,Ταινίες της εβδομάδας : Ο διάβολος συνεχίζει να φοράει Prada ... ( video ),2026-04-29 00:45:00,0
2895,GDELT - Unknown,Woodside Energy 1Q Revenue Rises as Middle East Conflict Fires Up Prices Update,2026-04-29 00:45:00,0
2896,GDELT - Unknown,芯片半导体集体暴跌 ！_ 新浪财经 _ 新浪网,2026-04-29 00:45:00,0
2897,GDELT - Unknown,Rising Energy Costs Push Eurozone Inflation Expectations Higher,2026-04-29 00:45:00,0
2898,GDELT - Unknown,Karachi residents store gas in balloons for cooking amid fuel shortage,2026-04-29 00:45:00,0
2899,GDELT - Unknown,Δελτίο ειδήσεων στις 03 : 00,2026-04-29 00:45:00,0
2900,GDELT - Unknown,United in our commitment : King Charle addresses Congress,2026-04-29 00:45:00,2
2901,GDELT - Unknown,US Hits Iran  Shadow Banking  Network With New Sanctions,2026-04-29 00:45:00,1
2902,GDELT - Unknown,U . S . Consumer Confidence Edges Up in April Despite Rising Iran War Concerns,2026-04-29 00:45:00,0
2903,GDELT - Unknown,King Charles III Delivers Rare Address To Joint Session Of Congress,2026-04-29 00:45:00,2
2904,GDELT - Unknown,"« Драматический момент »: ОАЭ выходят из ОПЕК , обрушивая нефтяной картель",2026-04-29 00:45:00,0
2905,GDELT - Unknown,King Charles III Delivers Rare Address To Joint Session Of Congress | News Radio 1410 AM & 100 . 9 FM,2026-04-29 00:45:00,2
2906,GDELT - Unknown,Trump asegura que Alemania no « tiene idea » lo que pasa en Irán,2026-04-29 00:45:00,1
2907,GDELT - Unknown,Oil Prices Rise as U . S .- Iran Tensions Disrupt Strait of Hormuz Shipping – NaturalNews . com,2026-04-29 00:45:00,1
2908,GDELT - Unknown,"Harga BBM Naik di April 2026 , Cek Daftar Terbarunya Hari Ini 29 April : Okezone Economy",2026-04-29 00:45:00,0
2909,GDELT - Unknown,Economic Fury : US sanctions Iran 35  shadow banking  architecture,2026-04-29 00:45:00,1
2910,GDELT - Unknown,Donald Trump administration officials both quoting and misquoting the Bible,2026-04-29 00:45:00,2
2911,GDELT - Unknown,UAE Exits OPEC : What It Means for Global Oil Markets,2026-04-29 00:45:00,0
2912,GDELT - Unknown,Сумасшедший дом в Брюсселе : прозападные эксперты бьют тревогу из - за новой выходки ЕС,2026-04-29 00:45:00,0
2913,GDELT - Unknown,青年早新闻 | 12米 ， 霸王龙化石首次现身中国大陆,2026-04-29 00:45:00,0
2914,GDELT - Unknown,King hails  truly unique  US - UK ties in Congress speech,2026-04-29 00:45:00,2
2915,GDELT - Unknown,Three Democrats vie for nomination in potentially winnable 6th District,2026-04-29 00:45:00,0
2916,GDELT - Unknown,"Trump Says Iran in  State of Collapse , Wants US to Open Strait",2026-04-29 00:45:00,1
2917,GDELT - Unknown,Europa și SUA se îndreaptă spre ruptură . Prezența a 85 . 000 de militari americani posibil să se încheie,2026-04-29 00:45:00,0
2918,GDELT - Unknown,El poder militar no garantiza la victoria : embajador iraní exige fin de ataques y negociación  justa  para la paz,2026-04-29 00:45:00,1
2919,GDELT - Unknown,"Congress MP Shashi Tharoor meets Iran Ambassdor to India Mohammad Fathali , discusses  prospects for peace",2026-04-29 00:45:00,1
2920,GDELT - Unknown,باتفاق جديد .. ذكاء غوغل ينضم للبنتاغون وسط اعتراض من موظفيها,2026-04-29 00:45:00,0
2921,GDELT - Unknown,Senate rejects attempt to end Trump blockade of Cuba,2026-04-29 00:45:00,2
2922,GDELT - Unknown,Rising Energy Costs Push Eurozone Inflation Expectations Higher,2026-04-29 00:45:00,0
2923,GDELT - Unknown,Gas prices reach highest point since start of Iran war,2026-04-29 00:45:00,1
2924,GDELT - Unknown,"일본행 유조선 , 호르무즈 첫 통과 … 봉쇄 해제 여부에 중요한 신호",2026-04-29 00:45:00,0
2925,GDELT - Unknown,"With no radical footprint , what drove suspect to try and assassinate Trump ?",2026-04-29 00:45:00,2
2926,GDELT - Unknown,The $39 trillion national debt just got its own version of the viral Doomsday essay,2026-04-29 00:45:00,0
2927,GDELT - Unknown,Δελτίο ειδήσεων στη 01 : 00,2026-04-29 00:45:00,0
2928,GDELT - Unknown,مجلس الشيوخ الأمريكي يرفض تشريعا لتقييد صلاحيات ترامب بشأن كوبا,2026-04-29 00:45:00,2
2929,GDELT - Unknown,"With no radical footprint , what drove suspect to try and assassinate Trump ?",2026-04-29 00:45:00,2
2930,GDELT - Unknown,April 28 : Iran bolsters regional position with Strait of Hormuz control as US strategy falters,2026-04-29 00:45:00,1
2931,GDELT - Unknown,EU analiza propuesta de Irán para reabrir el estrecho de Ormuz,2026-04-29 00:45:00,1
2932,GDELT - Unknown,Iran uvodi veštačku inteligenciju u pomorske mine u Ormuskom moreuzu,2026-04-29 00:45:00,1
2933,GDELT - Unknown,"Λίβανος : Οκτώ νεκροί , μεταξύ των οποίων τρεις διασώστες από ισραηλινά πλήγματα",2026-04-29 00:45:00,3
2934,GDELT - Unknown,Cena ropy je na maximu za poslední tři týdny | 29 . 4 . 2026,2026-04-29 00:45:00,0
2935,GDELT - Unknown,"Times Of Great Uncertainty : King Charles III Addresses Congress , Emphasizing U . S .- U . K . Bond Amid Political Turmoil – The Yeshiva World",2026-04-29 00:45:00,0
2936,GDELT - Unknown,King Charles III addresses Congress in high - stakes show of US - UK unity,2026-04-29 00:45:00,2
2937,GDELT - Unknown,ราคาน้ำมันดิบรักษาระดับขาขึ้น ลอยตัวสูง 100 - 111 ดอลลาร์ / บาร์เรล,2026-04-29 00:45:00,0
2938,GDELT - Unknown,СМИ : В США рассматривают вариант объявления о завершении войны с Ираном,2026-04-29 00:45:00,1
2939,GDELT - Unknown,US - Benzinpreis steigt auf höchsten Stand seit Kriegsbeginn - Wirtschaft,2026-04-29 00:45:00,0
2940,GDELT - Unknown,ABDden İran yaptırımlarının delinmesine yardım iddiasıyla 35 kişi ve kuruluşa yaptırım,2026-04-29 00:45:00,1
2941,GDELT - Unknown,Iran - Krieg : united states prüfen offenbar Folgen einer einseitigen Siegeserklärung,2026-04-29 00:45:00,1
2942,GDELT - Unknown,MidiaNews | AL cobra solues para reduzir preço de combustíveis em MT,2026-04-29 00:45:00,0
2943,GDELT - Unknown,Petróleo de Texas sube un 3 . 7 % y roza los 100 dólares el barril,2026-04-29 00:45:00,0
2944,GDELT - Unknown,Trump critica chanceler alemão por dizer que Irã estava  humilhando  os EUA nas negociaes,2026-04-29 00:45:00,1
2945,GDELT - Unknown,تراجع الذهب العالمي في ظل جمود محادثات السلام بين أمريكا وإيران واستمرار إغلاق مضيق هرمز,2026-04-29 00:45:00,1
2946,GDELT - Unknown,Війна на Близькому Сході – Трамп може оголосити про перемогу над Іраном та завершити війну,2026-04-29 00:45:00,1
2947,GDELT - Unknown,Israel ultimatum for a deal in Lebanon | Israel National News,2026-04-29 00:45:00,3
2948,GDELT - Unknown,La guerra de Irán provocará el mayor aumento de los precios de la energía en cuatro años,2026-04-29 00:45:00,1
2949,GDELT - Unknown,Δελτίο ειδήσεων στις 02 : 00,2026-04-29 00:45:00,0
2950,GDELT - Unknown,ترمب يمازح الملك تشارلز .. أمي كانت معجبة بك,2026-04-29 00:45:00,0
2951,GDELT - Unknown,Liberals table first fiscal document in seven years that wont need opposition votes,2026-04-29 00:45:00,0
2952,GDELT - Unknown,"With no radical footprint , what drove suspect to try and assassinate Trump ?",2026-04-29 00:45:00,2
2953,GDELT - Unknown,"Buena licitación y dólar tranquilo , con el riesgo 100 puntos más alto que hace 3 meses",2026-04-29 00:45:00,0
2954,GDELT - Unknown,Democrats put new focus on affordability ahead of midterm elections,2026-04-29 00:45:00,0
2955,GDELT - Unknown,King Charles III Delivers Rare Address To Joint Session Of Congress,2026-04-29 00:45:00,2
2956,GDELT - Unknown,Stalled Iranian negotiations restrain U . S . stock markets Tuesday,2026-04-29 00:45:00,1
2957,GDELT - Unknown,US Senate blocks bid to prevent Trump from military action against Cuba,2026-04-29 00:45:00,2
2958,GDELT - Unknown,Merz : united states jsou v íránském konfliktu  ponížené  a postrádají strategii | 29 . 4 . 2026,2026-04-29 00:45:00,1
2959,GDELT - Unknown,Lululemon founder has advised company rivals - The Boston Globe,2026-04-29 00:45:00,0
2960,GDELT - Unknown,مجلس الشيوخ الأمريكي يرفض تشريعا لتقييد صلاحيات ترامب بشأن كوبا,2026-04-29 00:45:00,2
2961,GDELT - Unknown,Dow Jones Top Company Headlines at 7 PM ET : Starbucks Says Its Sales Rebound Is Gaining Momentum | Visa ...,2026-04-29 00:45:00,0
2962,GDELT - Unknown,ทรัมป์ไม่พอใจข้อเสนอล่าสุด อิหร่านอ้างเป็น  รัฐล้มเหลว,2026-04-29 00:45:00,1
2963,GDELT - Unknown,Ataques en Líbano dejan al menos ocho muertos pese a alto el fuego,2026-04-29 00:45:00,3
2964,GDELT - Unknown,Trump unter Druck : Benzinpreis steigt auf höchsten Stand seit Kriegsbeginn,2026-04-29 00:45:00,2
2965,GDELT - Unknown,Cairo night buzz returns as war - driven energy controls loosen,2026-04-29 00:45:00,0
2966,GDELT - Unknown,"With no radical footprint , what drove suspect to try and assassinate Trump ?",2026-04-29 00:45:00,2
2967,GDELT - Unknown,US Hits Iran  Shadow Banking  Network With New Sanctions,2026-04-29 00:30:00,1
2968,GDELT - Unknown,Nikkei : Япония не платила Ирану за проход танкера через Ормузский пролив,2026-04-29 00:30:00,1
2969,GDELT - Unknown,"With no radical footprint , what drove suspect to try and assassinate Trump ?",2026-04-29 00:30:00,2
2970,GDELT - Unknown,阿拉伯聯合大公國為何退出OPEC ？ 華爾街日報 ： 美國頁岩油和伊朗戰爭 | 國際,2026-04-29 00:30:00,1
2971,GDELT - Unknown,UAE decision to leave OPEC shakes up alliance influencing oil prices,2026-04-29 00:30:00,0
2972,GDELT - Unknown,US Hits Iran  Shadow Banking  Network With New Sanctions,2026-04-29 00:30:00,1
2973,GDELT - Unknown,Stalled Iranian negotiations restrain U . S . stock markets Tuesday,2026-04-29 00:30:00,1
2974,GDELT - Unknown,Economic Fury : US sanctions Iran 35,2026-04-29 00:30:00,1
2975,GDELT - Unknown,听鉴世界｜能源价格飙升 欧洲多国民众掀起太阳能设备采购热,2026-04-29 00:30:00,0
2976,GDELT - Unknown,Senate rejects attempt to end Trump blockade of Cuba,2026-04-29 00:30:00,2
2977,GDELT - Unknown,"Hürmüz Boğazı açmazı , ABD - İran - YENİ ASYA",2026-04-29 00:30:00,1
2978,GDELT - Unknown,"Le NIESR sabre ses prévisions de croissance pour le Royaume - Uni , plombé par le conflit iranien et linflation",2026-04-29 00:30:00,0
2979,GDELT - Unknown,将全面涨价 ！ 中东战火要  烧  到衣柜了 ？,2026-04-29 00:30:00,0
2980,GDELT - Unknown,Πέντε Παλαιστίνιοι νεκροί στη Γάζα μετά από ισραηλινές αεροπορικές επιδρομές,2026-04-29 00:30:00,3
2981,GDELT - Unknown,"Petrolio , terremoto sul mercato : Emirati via dallOpec . Abu Dhabi pronta ad aumentere la produzione",2026-04-29 00:30:00,0
2982,GDELT - Unknown,"Trump threats to hit Iran infrastructure against international law , UN is silent : Deputy Representative of the Office of the Supreme Leader",2026-04-29 00:30:00,1
2983,GDELT - Unknown,"U . S . consumer confidence inches higher in April despite Iran war , soaring gasoline prices",2026-04-29 00:30:00,0
2984,GDELT - Unknown,EL DÍA - Noticias de Bolivia para el mundo,2026-04-29 00:30:00,0
2985,GDELT - Unknown,King Charles III Delivers Rare Address To Joint Session Of Congress,2026-04-29 00:30:00,2
2986,GDELT - Unknown,US - Benzinpreis steigt auf höchsten Stand seit Kriegsbeginn,2026-04-29 00:30:00,0
2987,GDELT - Unknown,A po rrezikohet shpërbërja e OPEC - ut pas lëvizjes së Emirateve ?,2026-04-29 00:30:00,0
2988,GDELT - Unknown,Diplomacy vs . Direct Messaging : The Growing Gap in US - Iran Peace Talks,2026-04-29 00:30:00,1
2989,GDELT - Unknown,Every Country Can Play A Role : Iran Supreme Leader Deputy Urges Collective Effort To Resolve West Asia Conflict,2026-04-29 00:30:00,1
2990,GDELT - Unknown,Ibovespa fecha em queda com declínio de preços do minério de ferro e tensão no Oriente Médio,2026-04-29 00:30:00,0
2991,GDELT - Unknown,"Trump praises King , calls Britain America closest friend",2026-04-29 00:30:00,2
2992,GDELT - Unknown,رويترز : ضغوط هائلة على ترامب لإنهاء الحرب مع إيران وإعلان النصر من جانب واحد,2026-04-29 00:30:00,1
2993,GDELT - Unknown,Quei sospetti su Hegseth : non dice tutta la verità a Trump ?,2026-04-29 00:30:00,2
2994,GDELT - Unknown,"EUA avaliam novos ataques ao Irã , diz agência",2026-04-29 00:30:00,1
2995,GDELT - Unknown,"Fujaira , un oasis petrolero frente al bloqueo de EEUU :  Seguimos saliendo al mar , pero lo hacemos con miedo",2026-04-29 00:30:00,0
2996,GDELT - Unknown,King Charles Speech to Congress Delivers Pointed Messages to Trump,2026-04-29 00:30:00,2
2997,GDELT - Unknown,Νέα Ισραηλινή αεροπορική επιδρομή στον νότιο Λίβανο - 2 νεκροί και 15 τραυματίες,2026-04-29 00:30:00,3
2998,GDELT - Unknown,Middle East Business : UAE withdraws from Opec raising strategic questions,2026-04-29 00:30:00,0
2999,GDELT - Unknown,International Business : World Bank forecasts 24pc rise in energy prices,2026-04-29 00:30:00,0
3000,GDELT - Unknown,The Evolution of Trump Corruption,2026-04-29 00:30:00,2
